,PREPAID_FLAG
8229,1
67840,0
78357,0
27174,1
87006,0
55513,0
71633,0
67381,0
35398,1
31942,0
34589,0
33133,1
85360,1
74501,1
49622,1
28053,0
71727,0
52482,0
100164,1
74747,1
30080,1
21437,1
61599,0
61700,1
43268,1
73931,1
30259,0
79761,1
83241,1
62174,1
90701,0
33372,0
95086,0
35825,1
84621,0
103423,1
70913,1
67367,0
51062,0
44864,1
22614,1
27253,1
60580,1
62412,1
13152,0
98059,0
85808,0
54725,0
5832,0
17694,0
14418,0
19290,1
104228,0
65328,1
43096,1
39348,0
89558,0
54532,0
50842,1
62063,1
43639,1
23489,0
103323,1
32302,1
22688,1
13694,1
53261,1
60601,0
33643,1
67818,0
81630,0
23677,1
20572,0
43376,0
98926,0
6775,1
1964,0
42941,0
96282,1
11173,1
67353,1
65312,1
70126,1
87910,1
52399,0
25395,1
101070,0
18301,0
31261,1
76053,1
11156,1
12048,1
94400,0
82801,1
21745,0
40588,1
33216,0
43188,1
87971,1
69086,1
73888,1
15352,1
2053,1
79896,0
54188,1
31165,0
93709,0
13301,1
56660,0
68136,1
29892,1
28311,1
89689,1
16331,1
73588,0
99146,0
50607,1
77024,1
81374,0
51663,1
75997,1
90575,0
85753,1
27935,0
53374,0
15226,1
56811,0
97107,1
4672,0
2844,1
12193,1
55646,0
20779,1
48981,0
99908,1
101895,1
68730,0
96257,1
9174,0
52980,0
5213,1
40416,1
36281,1
102119,0
65946,1
88101,0
79409,0
45783,0
52039,1
33219,0
27220,0
104072,0
50909,0
71656,1
82707,1
9677,1
33815,0
42282,0
60956,1
98293,0
60608,1
56979,1
45430,1
38317,0
82146,0
92647,0
67060,0
54980,0
38191,0
7656,1
21097,0
28934,0
40471,1
95614,0
76879,1
90188,0
47313,0
60820,1
13986,0
28127,1
29781,0
103519,0
48147,0
78040,1
31230,0
33057,0
96624,0
74288,1
51153,0
33813,1
39398,0
7140,1
87498,0
50620,0
88313,0
45108,1
19379,0
37279,0
80209,1
41012,1
33857,1
79878,0
61364,1
23189,1
36861,0
35240,0
55843,0
56285,0
68690,1
19884,0
50133,1
9026,1
50368,0
65341,1
14270,1
98530,0
92111,1
42285,1
34245,1
34655,1
89846,1
8632,1
64441,1
760,0
20014,0
17511,1
17331,0
40109,0
36121,1
36771,0
90234,0
14412,0
43868,0
43705,0
48485,0
3133,0
19967,1
34320,1
78000,1
78733,0
58848,1
36187,1
94881,1
5791,0
79503,1
85624,1
12657,0
74200,1
25988,1
72769,1
52093,0
87194,0
5769,0
11915,1
32133,0
11168,0
44473,0
79711,1
68355,1
60987,0
100818,0
35221,0
1694,0
22996,0
77068,0
80158,1
54066,0
15232,0
6110,1
8637,1
71577,0
50042,1
11672,1
14521,0
32200,0
101406,1
15406,0
17113,1
58,1
31974,0
12746,1
82425,0
50650,0
58996,1
36764,1
2259,1
76880,0
50040,0
47526,0
51845,1
46476,1
22118,0
47788,1
85378,0
64134,1
56890,1
80045,0
96746,1
58299,0
46937,0
36719,1
99708,0
67024,0
56615,0
93338,1
24417,1
79832,1
59179,0
90768,0
96834,0
74040,0
86693,1
68936,0
79438,0
50415,0
90372,1
14124,1
6263,1
75597,0
9838,0
67637,0
21593,1
11494,1
19933,1
95766,1
86183,1
9711,1
31270,0
24945,0
1197,1
32378,1
40399,1
64095,0
19382,0
32247,0
97715,0
4431,0
86755,0
81814,1
44745,1
38720,0
70832,0
94404,1
80305,0
8100,0
87495,1
87595,1
21448,0
39005,0
37733,1
17740,1
45778,0
100509,0
64589,1
65894,1
23253,0
83246,0
56521,0
40658,1
8317,0
73559,0
2658,1
44932,1
47588,1
66584,0
3343,1
258,0
76861,0
52764,0
43455,1
91262,0
11652,1
79721,0
57414,1
44994,1
82526,0
46111,1
77349,0
89411,0
12551,1
23708,0
27093,0
42229,1
93674,1
72060,1
43417,0
47504,1
31435,1
3595,0
23183,0
58243,1
55005,1
90291,1
45772,1
29784,0
76586,1
87150,1
2121,0
22693,1
90597,0
77167,1
92038,0
27347,0
9661,1
90180,1
61879,0
91263,1
454,0
98619,1
84975,0
6644,1
55166,1
54364,0
12898,0
58759,1
69102,1
31098,1
94384,0
67222,0
63344,0
8337,0
52435,0
798,1
7626,0
99148,1
69366,0
14588,0
84958,0
37410,0
44888,1
62025,0
30115,0
88532,1
67868,0
79508,0
15390,0
1326,0
80904,1
19040,0
25217,1
51141,1
19533,0
26890,1
11214,1
88818,1
76290,1
79717,0
90073,0
27098,0
19483,0
89279,0
30491,1
14593,0
42527,0
62394,0
33761,1
25376,0
82473,0
36587,0
2568,0
18047,0
22867,1
38631,0
98699,0
3205,0
58359,1
60083,0
89827,0
86753,0
65699,1
2061,0
12111,0
92065,1
31817,1
35938,1
39224,1
13404,0
100199,0
92859,0
62369,0
51394,0
2999,0
38448,0
46326,0
31747,1
88081,1
20285,0
10070,1
104190,0
24090,1
96958,0
29708,0
20514,0
88337,1
30838,1
9611,1
78548,0
58448,1
38503,0
32485,1
81800,1
34755,1
94733,1
62804,1
46657,1
29092,0
71014,1
83859,1
82934,0
54046,0
38329,0
88960,0
51544,0
40887,0
42749,1
68792,1
70815,0
51481,0
94961,1
19172,0
52745,1
85941,0
25638,0
56240,0
63825,0
103016,0
77283,1
97016,1
80752,0
45782,1
19868,1
80565,1
9418,1
8059,1
1708,1
19970,1
65816,1
41304,0
23003,0
30253,0
12794,1
64709,1
79268,1
28320,0
56396,1
26470,0
1722,0
30541,0
29658,1
42713,1
82627,0
104492,1
38739,1
21313,1
21424,0
74218,0
12399,0
29478,1
88150,1
63890,0
24223,1
79720,1
100058,1
18271,1
40184,1
57028,0
74830,1
71854,1
68461,0
23662,1
19630,0
50294,1
17029,0
5489,1
14104,1
4895,1
91879,0
18747,0
9713,1
56256,0
49058,1
43512,0
28190,0
61155,1
102455,0
40546,1
103613,0
60101,0
32959,1
51389,0
77869,0
62229,0
7310,0
94086,0
41033,0
52537,1
24751,1
62822,0
101887,1
75408,0
562,0
22258,1
15199,1
92450,1
99348,0
102401,1
89836,0
67912,1
47173,1
103274,1
66485,1
4118,0
39174,1
44869,0
90449,1
87818,1
6516,1
73850,1
69706,1
32550,0
69062,1
59403,1
11707,1
13154,1
3372,1
1895,1
35041,0
83647,0
45264,1
100854,0
31151,1
75940,0
51343,1
32385,0
89588,0
81381,0
26701,1
96294,0
34947,1
63754,1
47411,1
64521,1
67508,0
39820,1
43407,1
18253,0
18444,1
59506,0
91669,0
52053,0
5356,0
13981,0
94341,0
4534,1
46609,1
33304,1
48203,0
60379,1
27175,1
33999,1
31227,1
7092,0
68634,1
47569,1
20164,0
60173,1
96703,1
4012,1
92714,0
57275,1
31329,0
22787,1
4046,0
17991,0
101503,1
17706,1
18145,1
57502,1
404,0
49357,1
62108,1
12290,1
53133,1
59296,1
25371,1
79122,1
47364,0
19471,0
101345,0
43383,1
99068,1
11888,0
44863,1
8402,1
4112,1
62985,0
62266,0
98249,0
25505,1
44846,0
74419,1
73457,0
74989,0
73278,0
103658,1
17208,1
3663,1
10300,0
97286,0
21642,0
42883,0
87122,0
87035,1
96414,0
32330,1
101253,0
38816,0
16106,0
56366,1
76040,1
8691,1
17544,0
67678,1
55795,0
8277,1
40781,1
96179,0
19518,0
79928,0
48192,1
35256,1
62175,0
15534,0
31021,0
15005,1
74221,0
86776,0
68266,0
85163,0
104663,0
87402,0
35097,0
86554,1
35771,1
84803,0
57224,1
86391,0
21054,1
61050,1
23638,1
70961,0
12620,0
98016,0
78600,1
80005,0
7205,1
75969,0
30858,0
88710,0
9709,1
57726,1
76285,0
71486,0
33189,1
19571,1
76072,1
14696,0
26111,0
43682,0
36560,1
103455,1
53099,1
71204,0
9222,1
8060,0
84112,1
81345,0
3388,1
11007,0
4052,1
46213,0
33008,0
39747,1
24967,1
73986,0
17675,1
93945,0
63661,1
44924,1
45583,0
65129,0
59663,0
37829,0
32687,0
24491,1
60093,1
66766,1
63037,0
7983,1
19173,1
101384,0
95475,0
29459,0
34471,1
66838,0
53191,1
67568,0
57249,1
91425,0
73933,1
8118,1
53749,1
53523,0
6171,1
42461,1
100951,1
64503,1
44958,0
48934,1
64394,0
25585,1
1871,1
24329,1
32107,1
59995,1
4471,1
4715,0
90018,1
69793,0
90836,0
40246,1
98768,0
97590,0
15469,1
67554,0
14611,1
1999,1
21244,0
3450,1
39977,0
6994,1
16933,1
26853,0
16098,1
20481,1
82982,1
17266,0
27587,1
1411,0
46922,0
46218,0
71785,1
77456,0
101101,0
97751,0
93324,1
51428,1
93273,0
102246,1
98815,1
99649,1
70569,1
11969,1
48798,1
3797,1
89770,0
42999,0
6699,0
29848,0
80109,1
24579,1
100614,1
10633,1
23940,0
73617,0
99996,1
4554,0
14407,0
84628,0
13723,1
90966,0
6447,0
28750,0
31200,0
59957,1
58094,0
52986,1
45292,0
78706,1
44249,0
93755,1
92754,1
37904,1
34295,1
88187,1
56745,0
83119,0
83737,0
69235,0
30693,1
34748,0
55238,1
102403,0
49221,0
38749,1
22947,0
43350,1
69276,0
19384,0
69579,0
88317,0
95965,0
99396,0
15263,0
81192,0
48162,1
28531,0
5243,1
13160,1
103004,0
80689,0
43459,1
14879,0
42332,1
71771,1
25768,1
7932,1
44812,1
53905,0
2841,0
26433,1
77539,0
22105,1
89452,0
37180,0
70817,0
61979,0
75409,0
93269,0
22519,0
87930,0
93288,0
58135,0
51571,1
73404,0
28741,0
6323,1
74352,0
21695,0
43474,0
58287,0
38534,0
98890,0
26778,0
69075,1
30425,1
86438,1
5060,0
35409,0
67860,1
43908,1
55277,0
43348,1
101006,0
22282,0
90206,0
37636,0
92889,0
32435,0
59669,1
97472,1
35084,0
29007,0
91290,0
25452,0
56839,1
66782,0
14946,0
101601,1
71713,1
15246,1
4499,1
50237,0
75733,1
72448,0
33659,0
50390,1
14123,1
90612,0
80254,1
68851,1
72594,0
36575,0
55662,0
20990,0
57697,1
36622,1
92440,1
66317,0
60752,0
39579,0
8905,0
51579,1
92192,0
37538,1
10738,1
84982,0
40978,0
33090,1
40164,1
85083,0
30548,1
83854,0
6465,0
11919,0
102068,0
47098,1
97873,0
50350,0
1051,1
99011,1
15988,0
47410,0
80014,1
31138,1
14370,0
27835,0
72031,0
23974,1
53119,1
80253,0
77166,1
50529,0
79603,0
57643,0
19697,0
67445,0
12282,1
94992,1
44025,0
43105,1
74681,1
102612,1
2919,0
25627,0
15125,1
23474,0
13543,1
48541,1
59033,0
47919,1
89506,1
34702,1
20379,0
24182,1
78264,1
97794,1
45634,0
42034,0
21081,0
64762,1
65305,1
73249,0
40171,1
76262,0
20899,0
4982,0
1356,0
75510,1
54209,0
40163,0
25001,0
11543,1
58675,0
34430,1
6073,0
60427,1
30982,1
82935,1
77040,1
29820,0
11715,0
19627,1
76157,1
65824,1
31422,0
7754,1
22389,1
74739,1
51252,1
2944,1
78558,0
21848,1
50393,0
8192,0
72224,1
3771,0
98324,1
36900,0
99619,0
42017,0
83201,0
64854,0
29217,0
1099,1
17304,0
4146,1
52844,0
55306,0
5474,1
100838,0
60310,1
21990,1
32651,1
87071,0
89262,1
88245,1
77036,1
54473,0
104452,1
85995,1
59416,1
46031,1
10759,0
35119,0
91525,1
23319,1
102748,0
95698,0
30221,1
36483,0
98631,1
67661,0
27482,1
86099,0
68477,1
55485,1
97384,0
72494,1
33907,0
94896,0
94602,1
37735,1
84566,0
12348,1
15606,1
85270,0
66318,0
73464,0
55499,0
33723,1
26524,1
73942,0
51309,0
72219,0
86732,1
64862,1
77395,0
38465,0
61463,1
8813,1
14514,0
20647,0
16660,1
16259,1
73679,1
37645,1
3510,0
79486,0
55675,0
100209,0
91907,1
65164,1
74598,1
53311,1
33957,0
74553,1
77168,0
13236,1
61113,1
60461,1
30587,1
27040,1
17104,1
50155,1
75536,1
61276,1
17296,1
25560,1
69719,0
58284,0
84066,1
89925,1
78196,0
3854,1
48913,1
68858,0
9279,0
51022,1
24079,1
35492,0
44441,0
77171,0
1671,1
84303,0
4248,0
51129,0
43069,0
72142,0
87463,1
54706,0
95802,1
16079,0
79823,0
38807,1
41859,0
93657,0
63459,1
65455,0
51606,1
102453,0
5657,1
50245,0
27921,1
49520,0
14758,1
17068,0
11780,1
79860,0
90120,1
45853,0
28935,0
44733,0
76817,1
63184,1
25735,1
33331,1
22654,1
97322,0
49380,0
25252,0
56419,0
59486,1
46749,0
67967,0
44291,1
45562,1
34622,1
75338,1
13359,1
19590,1
98032,0
11145,0
82516,1
59790,1
75772,0
100042,0
107,1
23382,1
42411,0
81822,1
18619,1
91786,0
1194,1
63690,1
20238,1
52863,0
87231,0
36517,0
31980,1
94850,0
52646,1
74670,1
63362,1
1177,0
30904,0
82275,1
74590,0
41885,0
48232,1
26549,0
35597,0
81182,0
17129,1
48498,1
79993,1
55835,1
3122,0
97331,1
54006,1
5134,1
7208,1
61112,0
24561,0
72847,0
30971,1
80679,0
58236,0
25015,1
100090,1
20145,0
54037,0
74610,0
58706,0
38648,1
73355,0
44644,0
43303,0
45110,0
58280,1
65999,1
75852,1
29948,1
20761,0
33480,1
64596,0
84400,0
29868,0
39535,1
27502,0
64144,1
52909,1
100304,0
3327,1
42172,0
87252,0
34550,1
39748,0
89245,0
62691,0
56244,1
88697,0
68788,0
38828,0
23392,0
45885,0
51448,1
35080,0
51640,0
89438,0
9567,1
60813,0
11410,0
67923,0
21278,0
61029,1
66146,0
17212,1
44658,0
4338,1
53658,1
12925,0
40000,1
58159,1
10984,0
28510,0
39275,0
75960,0
33498,1
16518,0
54055,0
92692,1
70510,1
98138,1
63999,0
42549,1
36179,0
39087,0
82795,1
64631,0
73873,1
22006,1
74394,1
48355,0
50399,0
51651,1
64255,1
22084,1
60202,1
3720,1
82187,1
57489,1
99874,1
52248,0
95235,1
95912,1
86373,1
38244,0
85119,1
80668,0
57672,0
93008,0
73178,1
26445,0
67031,1
4732,1
16280,0
101815,1
61191,1
70026,1
16785,1
55680,0
89189,0
9823,1
90121,0
37509,0
92049,0
54859,1
95082,0
98824,1
7849,0
9304,0
90467,0
33011,1
14096,0
4631,1
86004,0
15037,1
83689,0
20024,1
97060,0
34672,1
86317,0
58293,1
6152,1
48617,1
74239,0
19442,0
38871,0
61685,1
101150,1
101075,0
9691,1
77361,0
82973,1
40899,0
7461,1
25109,1
53638,1
76193,1
86923,1
102438,0
62477,0
45569,0
40267,0
95940,0
90873,0
77249,1
13006,1
67270,1
68003,1
20716,1
29341,0
87750,0
73042,1
16092,1
98786,0
56621,0
91021,0
25453,0
46043,0
37121,0
37954,1
88976,0
5360,1
47861,0
37726,0
7559,1
77919,1
486,0
42882,0
66201,0
59239,1
77418,0
66961,0
54697,1
102535,1
97354,1
17655,1
46067,0
96602,1
65610,1
102015,1
57100,0
25148,0
26018,1
56635,1
81078,1
76557,0
69989,1
50663,0
57853,1
47577,0
36419,0
81896,0
37613,0
50518,1
68129,0
43844,0
63850,1
20802,1
8849,1
23415,1
102173,0
89697,1
82355,1
74954,1
25352,1
86395,0
76380,0
79138,0
97585,1
96363,1
26812,0
40584,0
103322,0
541,0
9637,1
26680,1
69483,1
92602,0
27160,0
75124,1
102696,1
88513,1
56144,0
79267,0
31870,1
95028,1
92574,1
97703,0
2792,0
66474,1
101260,0
73117,0
93387,1
103191,1
62879,0
4986,1
91579,0
34989,1
35982,1
9455,1
90980,1
71113,1
67946,1
60483,1
50330,0
84126,0
27769,0
79744,0
84144,1
88170,1
41591,1
63464,1
60403,0
37777,1
65201,0
43257,1
22126,0
97988,0
92224,1
71051,0
100659,1
86244,0
45190,1
25709,1
63231,1
44541,1
93742,1
72102,0
57406,1
73228,1
61304,0
5096,1
32838,1
52954,1
20081,0
25667,0
89527,0
53652,1
13682,1
66546,0
104079,1
100377,0
37635,0
55311,1
9031,1
99656,0
8894,0
6452,0
86263,1
103400,1
62877,0
6196,1
12383,1
81526,1
70113,1
90864,1
73643,0
2521,0
33145,1
6649,0
15774,0
82842,0
29684,0
35014,0
64600,1
46060,0
66559,0
20648,1
72620,0
17964,0
55237,1
65580,1
4704,0
8157,0
78495,0
23198,1
35847,1
67465,1
98730,1
28175,0
63288,1
9171,1
93109,0
98468,1
88215,0
20606,1
10747,1
96325,0
93047,1
37439,1
24176,0
4053,0
44051,1
85946,0
12196,1
100596,1
52443,0
99003,0
6298,0
97390,0
83043,1
42768,0
27572,0
87227,0
8086,1
74058,1
33052,0
94687,1
68733,1
34893,1
15283,1
71220,0
34408,0
77685,1
88998,0
103346,1
52021,0
15830,0
82600,0
39262,0
54861,1
37385,1
92960,0
74087,1
59814,1
80879,0
72397,1
61856,0
86761,0
10180,1
60297,0
78227,0
69349,0
62017,1
84389,0
49075,0
37817,0
17256,0
30605,1
86707,1
52136,1
13304,1
23985,0
69544,1
17973,0
4559,1
102154,0
78478,0
18247,1
45414,1
66990,1
21213,1
54236,0
97260,0
1088,1
102010,0
74417,0
42038,1
14852,0
17411,0
79755,1
36401,1
4551,0
51906,0
45424,1
1217,0
65231,1
55236,0
48496,0
11160,1
48615,0
35078,1
63047,0
37148,1
35906,1
5021,0
25755,1
91512,0
14847,0
42205,1
76537,0
92244,1
33786,1
90470,0
38681,0
48191,0
59423,1
71827,0
35738,1
13891,0
38589,1
28310,0
5659,0
31844,0
1918,0
101670,1
32468,0
100852,1
90447,0
46674,0
62782,1
28726,1
53395,0
30617,1
78852,1
4924,1
35282,1
30796,0
29343,0
16069,1
90621,0
39175,0
72484,0
104248,0
73215,0
95783,0
81534,1
53189,0
48453,0
34786,1
59922,1
22877,1
16754,0
5612,0
31853,0
58975,1
78955,0
24304,0
98861,0
68059,1
41697,1
68068,0
5234,0
47231,1
71288,0
20491,0
44233,0
55815,1
15900,0
100431,0
32175,1
104202,0
66523,1
15869,1
103501,1
65421,1
1828,0
88990,0
56765,0
52357,0
32114,0
103041,1
59616,0
11442,0
590,1
50956,1
97079,0
91483,0
50784,1
74196,0
37406,0
71535,1
59447,1
101009,0
81115,0
101157,1
38792,1
67847,0
12583,1
23597,1
67764,1
22542,0
66425,0
65858,0
93408,0
52321,1
83269,1
89327,0
16655,0
18732,0
36999,0
36160,0
68781,1
70789,1
59956,0
88165,0
50351,0
84113,0
10612,1
720,1
23066,0
37522,1
3490,1
26184,0
99342,1
5793,1
60444,0
64293,0
96712,1
28000,0
75563,0
88183,0
44184,1
75457,0
41103,1
1580,0
95822,1
74231,0
55494,0
14505,1
65019,0
14888,1
36822,0
56405,0
68568,0
21565,0
89099,0
92504,0
65705,1
41549,0
100789,1
74287,0
5688,0
35524,0
82376,0
90712,0
34770,0
98960,1
66127,1
37972,1
40817,0
16877,1
94104,0
75581,1
29836,1
46898,1
16369,1
90667,1
1377,1
81446,1
57121,0
55981,1
31873,0
24576,0
102490,0
74966,1
39580,1
48474,0
74606,1
82989,0
53512,0
32803,0
83058,1
22278,1
80526,0
35566,1
73812,1
101830,0
95282,0
29484,1
92471,1
82529,1
4208,1
88388,1
33832,0
55353,1
32400,1
62829,1
77838,1
97601,1
104691,0
39047,1
44100,0
89735,1
34135,0
97271,0
8872,1
72705,0
48920,1
36599,0
33038,0
71442,0
44997,0
7012,0
22348,1
97613,1
44637,0
73806,0
91535,0
25895,0
81553,0
82676,0
36227,0
8578,0
52900,0
90009,1
61999,1
62033,0
14909,1
103903,0
3473,1
33576,1
93400,0
97081,1
28017,0
51041,1
44870,1
22671,1
59858,1
73240,0
53337,1
88975,0
76689,1
1521,1
25982,1
47608,0
44443,0
51472,1
45286,1
43491,0
6433,1
99018,0
67085,1
90122,1
24847,1
6375,0
18420,1
6915,1
56277,1
47555,1
35718,0
41375,0
53691,1
21592,0
43906,1
7917,0
22749,1
23924,1
32758,0
73281,0
51793,0
12037,0
2708,1
75762,0
86339,1
32358,1
14749,1
101925,0
8254,0
53363,1
18942,0
47957,1
46304,0
82530,1
47507,1
81949,1
7944,1
21598,1
757,1
104448,1
86067,0
8702,1
11520,0
1338,0
74495,0
8769,0
96777,1
34928,0
77003,1
40414,0
90920,0
21150,1
94610,0
1394,1
99973,1
87077,1
63443,0
56896,1
94146,1
103364,0
95162,0
30233,1
63451,1
69898,1
58128,0
87808,1
62580,1
62267,1
90556,0
57092,0
74180,0
23770,1
103215,0
47729,0
4659,1
101182,1
1916,0
49783,1
32370,1
43408,0
3185,0
16400,1
61193,1
25983,1
10660,1
98828,0
50418,1
94142,1
57002,0
72245,0
69471,0
91528,0
52029,1
13736,0
34945,0
93710,0
78818,0
80607,1
84992,0
84447,0
73261,0
56794,1
35050,1
38134,0
22055,1
86626,0
84831,1
86268,0
34735,0
92000,0
104117,0
72537,1
84890,0
28131,0
31761,0
26633,1
22933,1
70691,0
64623,1
36064,0
46868,1
60077,0
25226,0
88417,1
89615,0
13920,1
31851,0
37595,1
97628,0
48117,0
66311,1
19360,1
3618,0
63798,0
47773,1
68235,0
47350,0
33338,0
74997,0
91839,1
50296,1
22184,1
76046,0
49625,0
32184,0
99686,1
79632,0
5353,1
88383,1
99354,0
55589,1
32867,1
60412,0
6880,1
73805,0
28777,0
48254,0
5445,0
74884,0
48619,1
72348,1
86474,0
85159,1
74526,1
33782,1
69587,0
70963,0
39824,1
4412,0
13982,1
29269,1
85165,0
81124,0
84118,0
55572,1
79195,0
8951,0
82242,1
103410,0
44385,0
88506,0
97515,0
13909,0
19848,1
70138,1
100523,1
51577,0
25150,0
33495,0
62903,0
49440,1
61024,1
53617,0
52874,0
99213,0
5507,1
85668,1
36103,1
50364,1
95342,0
92292,0
25745,0
22711,0
72830,1
1793,1
43559,1
80234,1
22865,1
64264,0
99268,1
568,1
13812,1
45066,1
11560,1
50145,1
3216,0
41769,1
5556,0
55665,0
5529,1
100319,1
66748,0
33658,1
5437,0
25774,0
97637,0
80448,0
94284,0
100436,1
27036,0
67662,1
15164,1
79289,0
95795,1
64917,0
88557,0
66499,0
90094,1
5163,0
48609,0
70277,0
21067,0
79232,1
98864,0
90759,1
60092,1
74549,0
42386,0
52833,0
39408,1
80894,1
4037,1
95234,0
20332,1
46207,0
102321,0
8558,1
33298,0
31451,0
40065,0
102362,1
52608,0
102870,0
64950,0
39796,0
81904,0
68832,0
4337,0
74306,0
11981,0
42630,1
84155,1
68895,1
168,1
15622,0
67576,0
58610,0
77758,1
4949,1
72702,0
80759,0
12194,0
48282,0
23866,0
97306,0
62777,1
37118,1
27115,1
103640,0
42155,0
85244,1
8121,1
49769,1
48933,0
26270,0
53146,1
77825,1
6483,1
6404,1
22281,1
1234,1
2219,1
3283,1
12638,0
24863,0
16706,1
42647,0
69976,0
22512,1
81486,0
56212,0
45572,1
73004,0
91651,0
5842,1
10373,1
53456,1
85043,0
12022,0
30488,1
49921,0
97566,1
31618,1
29481,0
50175,1
1804,1
12257,0
99204,1
84983,1
37601,0
78522,1
68541,1
66244,0
102946,1
54715,1
33222,1
60614,1
77281,0
86239,1
67361,1
11693,1
47556,0
3713,0
77505,1
95891,0
15919,0
72734,1
76767,0
92109,0
65538,1
69675,1
87272,1
57076,0
23803,1
83448,1
36589,0
49919,1
39273,0
94164,0
48279,0
50172,1
70919,0
2037,0
98086,1
99172,1
102834,0
4663,1
14126,0
17426,0
64062,0
56310,0
51963,1
41270,0
414,0
24462,0
57364,1
93404,0
37700,0
3915,1
77959,0
94464,0
78065,1
68987,1
52182,1
14243,1
80586,0
63841,1
27924,1
75003,0
22896,0
19117,1
68379,1
100277,0
8503,1
57996,0
92752,0
94399,0
46432,1
85546,0
44055,1
88917,1
103017,0
78553,0
33963,1
49315,1
50636,1
37073,1
49372,1
17327,0
80788,0
3217,0
80051,0
49483,0
35973,0
78797,1
87257,1
15693,0
83314,1
78401,0
66284,1
12744,0
91239,0
44512,1
53246,1
17297,0
69552,0
77202,0
62955,1
68856,0
89338,0
4478,0
3231,0
49898,0
72741,1
104602,0
2569,1
15525,0
1437,0
11853,0
67063,0
39456,1
55327,0
23653,0
93095,1
40528,1
97483,0
48543,1
40348,1
45455,0
13953,0
1564,1
894,1
81100,1
24961,1
4620,0
27888,0
94171,0
91206,1
28735,0
24546,1
69016,0
98438,1
77352,0
89858,0
45437,1
89600,0
82363,0
69332,0
30500,1
29978,1
81292,0
58375,1
51659,0
20887,0
95514,1
63543,0
66042,0
81540,0
39276,0
16969,1
29429,0
104145,0
97337,0
53469,1
20249,1
44070,0
75616,0
21747,0
29082,1
64738,0
12968,0
12656,1
52703,1
55660,1
78857,0
48948,0
57578,1
97219,1
16201,1
14842,1
41021,1
27338,1
58352,1
71528,0
77174,0
30011,1
17032,0
87056,1
13810,1
62887,1
66048,0
95273,1
68025,1
74257,0
71836,0
37533,1
4287,1
36648,1
7279,1
4495,0
43911,1
89424,1
81764,1
51631,1
103844,0
101498,1
5712,0
83292,1
31280,1
28719,0
25313,0
74777,0
27851,1
30736,1
52838,1
7097,0
69397,1
26118,0
56764,0
48497,0
95779,1
93719,1
56363,0
10291,0
40655,0
102194,1
94008,1
83166,0
28382,0
7609,1
18961,1
42980,1
42564,1
71629,0
102486,0
103970,0
13009,0
35072,0
16220,0
72549,0
45642,0
40683,1
102513,1
41498,0
91246,0
9469,1
95067,0
96476,0
28628,0
20929,1
19150,1
43646,1
57316,1
38659,1
52731,0
18783,1
47305,1
18774,0
98347,0
45295,1
18541,1
65869,0
89485,1
36661,1
16078,0
29389,0
19507,1
95925,1
28077,1
54290,1
85727,0
76441,0
97671,1
31699,0
39415,1
81890,1
88075,1
40830,1
46278,1
84948,1
41357,1
86442,1
57571,1
26848,1
5808,0
75979,1
42224,0
62727,0
99779,0
16439,0
92445,1
46487,0
35338,1
54168,1
70490,0
100012,1
85395,1
30176,1
97523,1
83529,0
10463,1
89109,0
29474,1
49476,0
34942,1
46586,1
65779,0
29117,0
96809,0
91609,1
49253,1
17424,0
41999,0
5461,1
96671,0
35377,1
20777,0
68700,0
7028,1
74381,1
76676,0
67512,1
43355,1
9871,0
91006,0
55065,1
33565,1
28101,0
75882,0
12139,1
4164,1
7817,1
41649,0
31500,0
74327,0
76322,0
104168,1
104439,1
69895,1
43943,0
1142,0
68388,1
41654,0
36537,0
93838,0
37763,1
45071,0
75922,1
26094,0
94880,1
89103,0
42820,0
18157,1
28147,0
25881,0
75460,1
96880,0
84773,1
42270,0
25511,0
102603,1
20826,0
101702,1
20320,0
49210,1
37521,0
71155,1
98033,0
12618,0
84019,0
5667,1
102162,0
27207,1
55900,0
57922,0
92589,1
47090,1
58302,0
101486,1
9888,1
101174,0
3566,1
28264,1
6423,1
74975,1
57158,0
72048,0
1471,0
26910,1
92277,0
103782,1
10018,1
20935,0
11701,1
75621,0
38862,0
25347,1
20267,0
62074,0
6346,0
101219,0
70648,1
15448,1
88102,0
14497,1
58151,1
31358,1
100133,0
20544,1
90679,1
45386,1
34326,1
19338,1
4830,0
74496,1
83419,1
54660,0
2146,0
55420,0
34783,1
42828,0
19107,1
55315,0
35170,1
102838,0
51046,0
16845,1
53679,1
29068,1
77915,1
101943,0
42238,1
24530,0
1140,1
68903,1
91035,0
64732,0
6340,1
19914,1
35618,1
55794,0
62893,0
68285,1
75556,1
16084,1
43603,0
95533,1
63070,0
30501,1
56420,1
57925,0
50935,1
53280,1
57587,1
96851,1
31033,0
92291,1
55000,1
82260,1
11070,1
7108,1
70578,1
4506,1
86027,0
88023,1
88670,1
47336,1
87431,1
8590,0
31431,0
93016,1
9231,1
92782,0
21406,0
72681,0
41670,1
78496,0
30549,1
76012,0
55062,0
96977,0
20643,0
5662,1
22249,1
48648,1
26540,0
8246,1
100433,0
24268,1
85158,0
45646,0
40020,0
1425,1
79022,0
85160,0
58021,0
16677,0
21078,0
83731,0
21358,1
77980,1
76248,1
50677,1
7837,0
11159,0
37690,0
67981,1
13479,1
52538,0
89020,0
100298,1
75748,0
72514,0
68709,1
44916,1
50482,0
88905,1
46143,1
99787,0
51701,0
25063,0
17730,1
51758,1
76777,0
49772,1
103160,1
76313,1
87921,0
72885,0
41296,0
80388,1
102157,1
92236,1
70485,0
71529,0
3558,0
64679,1
29536,1
100357,1
10758,0
31925,0
30298,1
93254,1
90818,0
79434,1
102159,1
17647,1
65310,1
40912,0
6500,0
62600,0
21320,0
33748,0
88329,1
23928,1
70920,0
47644,0
56485,1
5302,0
20381,0
11530,0
31727,0
98259,0
21438,1
33103,1
29568,1
81768,0
42617,0
22845,1
23858,1
64642,1
5143,1
92917,0
65059,0
58720,1
41093,1
48489,1
21485,1
50514,1
75532,0
46370,1
71513,1
85881,0
33214,1
78639,1
24288,1
78580,0
9321,1
33049,0
94036,1
96248,0
1320,1
68668,0
71723,0
59150,1
71669,0
15917,1
61597,0
91977,0
45893,0
76393,1
93741,1
5926,0
81462,1
13968,0
9757,0
100306,0
55938,0
35832,1
103895,1
6283,1
33460,1
92929,1
85901,1
58508,0
46144,0
27802,1
94200,0
799,0
76743,0
56960,1
41207,1
95527,0
72132,0
67732,1
100599,0
91222,0
30391,0
17101,1
97176,0
13372,1
44292,1
46450,1
88292,0
83131,1
27593,0
50806,0
62197,1
33980,1
11914,0
578,1
56704,1
79961,0
46190,0
19750,1
26925,1
31825,0
16130,1
27274,0
50819,1
45922,1
95705,0
9166,1
4775,0
30818,1
37879,1
20842,0
90248,0
58506,0
73951,0
1990,1
49706,0
71169,1
23748,1
62156,0
9009,0
9873,0
86013,0
42496,1
37627,1
100439,0
69114,0
91096,1
6179,0
29359,1
56867,1
55085,0
64910,1
5037,1
93112,0
840,0
4624,0
87107,1
17427,0
20143,0
44953,1
36157,1
100113,0
30276,1
5375,1
17035,1
19605,0
10170,0
8584,0
24287,0
75174,1
21504,0
16440,0
79784,1
50643,0
102648,1
61645,1
78148,1
77686,1
36541,1
35116,0
102275,0
26278,0
21109,0
99581,0
29081,1
101609,0
100421,0
90994,1
12830,0
44588,0
43479,1
86189,0
21370,1
102097,0
82178,1
81955,0
7394,1
3746,0
6265,1
16586,1
100622,0
88012,0
29832,0
7599,0
60835,0
89125,1
30688,1
27240,0
46506,1
15374,0
91330,0
95955,0
82140,0
28847,0
65799,0
60022,1
31085,0
60541,0
40961,0
5394,0
102525,1
69364,1
31512,0
95872,0
38972,1
80351,0
78375,1
60181,1
102706,1
34240,0
15831,0
66480,1
91414,0
21249,1
48415,1
71657,0
85140,0
22381,0
5192,1
12024,1
68482,0
39022,0
10002,1
30354,0
103181,1
13610,1
93672,1
79611,1
49164,0
96199,1
58468,1
23903,0
4081,0
60468,1
19774,0
22981,1
5974,1
2593,1
14071,1
74591,0
1266,1
66925,1
40276,0
20557,0
59870,1
82113,1
67137,1
101515,1
98297,1
94253,1
28920,1
18273,0
10830,0
99570,0
82599,1
78161,1
37128,1
89766,0
79842,1
63517,1
14677,0
58512,1
1740,1
56606,1
82687,0
70736,0
24245,1
25529,1
13285,1
81907,1
101023,1
144,1
60368,1
84171,0
38091,1
20090,0
103687,1
101608,1
98087,1
35045,0
45869,0
42460,0
20921,1
25450,0
81984,1
104640,0
52216,0
31718,1
27624,1
50059,0
15705,0
74032,1
84345,1
88138,1
104750,0
13196,1
43575,1
24105,0
59674,0
52247,0
11234,1
47969,1
68835,0
4857,0
97510,1
80924,1
96517,0
70735,1
89653,1
94496,0
63547,0
95464,0
52899,0
66538,1
36853,1
70670,0
41802,1
81428,0
16669,1
59581,1
72325,0
86908,1
67932,1
51547,1
19994,0
81474,1
27715,1
2058,0
79739,0
10319,1
89740,0
80612,0
691,0
93248,0
12289,1
20080,1
14770,1
51024,1
6683,1
70567,0
16294,1
18149,1
23508,1
85157,1
55978,1
4703,0
28906,0
12241,1
20961,0
98688,1
97248,0
51247,1
53601,1
24962,0
17736,0
14664,1
98838,1
37079,0
72465,1
103908,0
73251,1
83585,1
102067,0
18257,0
51377,0
37854,1
92069,0
46071,1
8778,1
20590,0
4094,1
95327,1
77074,1
82208,1
6131,1
101349,0
68865,1
52509,1
62092,0
28337,1
17517,0
73882,0
57904,0
78837,0
95318,1
77693,1
58633,0
70876,0
78959,1
64789,0
49343,1
82593,0
103685,0
91700,0
75078,1
6337,1
67302,1
33066,1
87814,0
90615,0
13279,0
47218,1
54355,1
79445,0
80810,1
57808,0
97466,0
80179,1
15320,1
82392,1
96331,1
36340,0
37497,1
48197,1
88321,1
9694,1
23302,1
46376,1
25392,1
78035,1
8682,1
77861,1
72849,0
15512,1
32929,1
56381,0
81043,1
63457,1
8430,0
36330,0
77411,1
72427,0
47949,1
96515,1
62217,0
31920,1
31366,0
100296,1
19069,0
83915,1
55620,0
2388,0
21407,1
9490,0
73500,1
91793,0
49910,1
73468,0
6038,1
49815,1
19054,1
21729,1
996,1
86201,1
70730,0
3033,0
96048,1
86973,0
61722,1
67421,0
65384,0
32455,1
30062,1
56751,0
6917,1
17086,0
14681,0
4236,0
13893,0
6254,0
2712,1
3162,1
30053,0
2898,1
97753,0
71932,1
22920,1
93496,1
12705,0
64714,0
96541,1
9464,0
45975,0
8892,1
87501,1
49874,0
99397,1
44320,0
33610,1
16600,1
94758,1
75470,1
15113,0
37074,1
33966,1
97106,0
60183,1
102146,0
3112,0
94394,0
8484,0
86689,0
22284,1
16568,1
80763,0
85174,1
22495,0
25890,0
89991,0
20486,1
87996,1
41716,0
73348,0
77638,0
35664,0
43511,0
71256,1
93634,0
20685,0
8122,1
71897,0
35531,0
1611,0
64908,0
65358,0
30232,0
67756,1
72768,0
10459,0
95632,1
101173,0
57453,0
33744,0
60248,1
8477,0
26097,1
56776,1
1319,0
94684,0
80383,0
70756,1
94666,0
24993,1
90834,0
12412,0
50262,0
24568,0
82341,0
89980,0
60210,1
64068,1
65311,0
96568,0
11290,0
22976,0
91266,1
36446,0
17459,0
21302,0
95134,0
95574,1
42032,1
84424,0
88940,0
34132,1
26336,1
101876,1
64528,1
66953,1
61990,1
28120,1
17091,0
94538,0
51598,0
17415,0
65860,0
58300,1
41635,1
9956,1
38037,0
76330,0
23000,0
68231,0
46288,0
62681,1
50430,0
46613,0
58829,0
17895,1
54956,0
40033,1
41918,1
80462,1
73014,0
12213,1
82433,1
72352,0
78840,1
26887,1
53908,0
30805,1
9047,0
64129,1
83518,1
542,1
5868,0
49374,0
93694,1
16286,0
58524,1
82653,1
40179,0
90535,1
8346,1
89504,0
47955,1
47977,1
59474,0
45398,1
36128,0
71673,0
67280,0
16532,1
34920,1
74472,0
73505,0
5843,1
12005,1
791,1
6173,0
19116,0
41017,0
73789,0
50353,0
98685,1
61093,0
79154,0
23734,0
82335,1
66570,0
13852,1
93313,0
49321,1
96277,1
68496,1
72713,1
32563,0
71049,1
85413,1
91114,0
5752,1
69216,1
76604,0
88033,0
36857,0
15515,1
95746,0
65481,0
9933,0
42498,1
94358,0
25670,0
49923,1
71185,0
97412,0
1178,1
59576,1
42961,0
90454,0
48579,1
1098,0
33735,1
83735,1
82095,1
95732,0
61851,1
88585,1
32860,1
49087,0
13211,1
63224,0
62473,0
94639,1
60085,0
22439,1
93944,0
47716,1
49641,0
53218,1
36687,1
18413,1
97140,0
87862,1
79100,1
27083,1
71975,0
34652,1
102792,0
5011,0
34325,0
26397,1
43946,1
29485,1
63497,1
6462,1
86537,0
14091,0
45499,0
7032,1
3089,1
90955,0
32663,1
64125,1
86636,0
95615,0
68872,0
20459,0
28872,1
7379,1
51761,0
33386,0
10331,1
25528,0
77258,1
16745,0
53536,0
79362,0
32103,1
28851,1
10285,1
14641,0
59472,1
30685,0
60811,1
31628,1
53001,0
38998,0
19136,1
88399,0
75515,1
75029,1
52333,1
43020,1
23461,0
63032,0
98539,1
77872,1
23761,1
62484,1
95646,1
25266,1
70106,0
54419,1
6517,1
65829,0
28290,1
24503,1
80176,0
57636,1
11427,0
43902,0
57966,0
87561,0
39767,1
42853,0
63506,1
46698,1
25446,1
40392,0
25139,0
22054,1
84208,0
66479,0
22475,0
59528,0
86932,0
102441,0
75384,0
32565,1
41530,0
83905,0
103958,1
96881,0
99109,0
13135,0
54189,1
59265,1
21685,0
102771,1
83231,0
89340,0
98413,1
2808,1
72340,1
97188,1
14446,1
103207,0
83881,1
26964,1
102962,1
50657,0
83595,0
71918,0
29670,0
80721,1
96244,1
47,0
30356,1
47326,1
64894,1
39059,0
82207,1
9135,0
103752,0
28394,1
80121,1
31567,0
1355,1
101764,0
70247,1
31253,1
91532,0
298,0
9932,0
58511,1
24496,1
30575,0
49875,1
93435,0
39314,0
62337,0
14973,0
53008,0
14923,0
38655,1
61400,1
75046,1
8962,1
92710,1
46261,0
30833,1
32872,1
23719,1
33426,1
40280,1
39147,1
23606,0
104563,1
75764,1
23887,0
104824,1
32605,1
68766,0
76852,0
18190,1
49048,1
46649,0
100511,1
65754,1
69914,1
62297,0
21649,0
27602,1
10383,1
44323,0
87080,1
73515,1
73857,0
68985,1
84779,0
101458,1
21179,1
42904,1
17074,1
39588,1
13207,0
18343,1
28831,0
54810,1
75774,1
92660,0
14943,1
3330,1
83578,0
46159,1
60912,1
3953,0
50800,1
39656,0
69709,1
82580,1
18051,0
22565,0
80946,1
69561,1
311,0
38450,0
76089,0
60109,0
62578,1
54881,1
63926,0
75419,1
88006,0
90070,0
35000,1
24003,1
47820,1
86561,1
53524,1
26859,1
358,1
66712,0
83965,1
8451,1
1457,0
16899,1
7552,1
79575,0
21873,0
11146,0
29673,1
71144,0
75942,1
43861,1
42267,0
34199,1
24465,1
42030,1
77934,1
51442,1
17890,0
31091,0
70174,1
90432,1
71644,1
75981,0
86911,1
102309,0
85584,0
66648,0
90598,1
28704,0
53319,0
3437,0
11759,1
73385,0
13363,1
73187,1
13263,1
98456,1
45349,0
2859,0
11519,0
26478,1
27684,1
84237,0
73026,0
5545,1
26759,1
16741,0
5073,1
82060,0
75953,0
96841,0
15867,1
63763,1
41935,0
40080,0
81790,0
55020,1
15013,0
56892,0
40452,0
60296,1
70163,0
75113,1
99118,1
99688,0
51964,0
52689,0
94861,1
44906,1
35028,0
80684,0
96405,1
7190,1
92866,1
15882,0
10645,1
95810,0
19515,1
75594,0
94047,0
37565,1
15191,1
58918,1
75829,1
7398,1
56567,1
52272,1
12335,1
98333,1
3171,1
44205,1
59547,1
37881,1
77329,0
48855,1
89127,0
9952,1
40339,1
53868,1
73732,1
89444,0
82700,0
30131,0
69636,0
78643,1
32941,1
78096,0
54067,0
29189,1
98072,0
91118,1
60167,1
68621,0
12612,0
34803,0
90215,0
51268,1
102810,1
46451,1
100114,0
72801,1
60003,1
83312,0
9975,0
8331,0
93698,0
39839,1
63879,1
37187,1
72825,0
1039,1
50923,0
29338,1
42943,0
3020,1
61847,1
90312,1
102780,1
102672,0
93080,1
17484,1
23194,0
46344,1
86124,1
20061,1
57630,1
7402,1
34871,1
101948,1
56753,1
70447,1
31626,0
10682,0
2786,0
39168,1
4470,0
54613,1
60339,0
29152,0
84467,1
2741,1
49439,1
12897,1
85752,1
4220,1
92789,0
14179,1
69523,1
23344,0
48810,0
49882,1
71254,1
7226,1
67643,0
30892,0
29454,1
20339,0
2,1
45913,0
23374,1
81806,1
36818,1
36584,1
18549,1
72420,0
87872,0
15720,1
100119,1
87335,1
12086,0
22620,1
72882,0
99421,0
77416,1
45882,0
31226,1
74944,1
46697,0
97109,1
38591,0
35776,0
17436,1
97548,0
16427,0
52857,1
43239,1
80760,1
83691,1
51742,0
39294,1
14276,0
95648,0
55014,1
61002,1
92551,1
9700,1
32410,1
17458,0
84124,0
17718,0
25655,0
64562,0
60250,0
74691,1
59934,0
68163,1
78483,0
91496,0
97695,0
33211,0
102389,0
103159,1
73784,1
98843,0
99282,1
36781,0
76466,0
42742,0
94797,1
102487,0
89598,1
79690,0
46971,1
89810,1
84057,1
3029,1
15419,1
11406,0
25152,0
99692,0
8268,0
85307,1
4635,0
13341,1
81605,0
44303,0
24142,0
44120,1
91068,1
38986,1
99470,1
27381,0
94015,0
70981,0
22125,1
14633,1
24380,0
86163,0
77343,1
49013,0
95726,0
68635,1
27817,1
66650,0
25021,0
79653,0
54844,1
82054,0
83747,0
23390,1
33772,0
75067,0
24846,1
44703,1
6724,0
28889,0
46702,1
76851,0
12737,0
93098,0
98842,0
74127,0
6736,0
69347,0
48211,0
8834,1
81234,0
68941,0
69688,0
12712,0
3740,0
15148,0
103579,0
38082,1
15235,0
16081,0
59789,0
78048,0
5893,0
14160,0
4339,1
31637,0
91895,1
44449,0
79278,1
94531,0
27303,0
16395,1
23435,1
92724,0
95120,1
12187,1
27940,1
102510,1
33286,0
84952,1
25028,1
14312,1
11516,1
94131,1
73096,0
67385,1
11773,0
71724,0
45124,1
47041,0
45407,1
1015,1
69404,1
25361,1
75494,1
38185,1
70376,1
54242,0
53771,1
50771,1
2825,1
71690,0
98874,0
77709,1
78887,1
97909,0
99189,1
44431,1
6457,0
40550,0
66649,0
74959,1
71782,0
47435,0
82317,1
16733,0
53251,0
101681,0
9206,1
1037,1
67271,0
101480,1
89676,1
31835,0
82046,1
65076,1
79417,0
34184,1
42315,0
91976,0
99035,1
747,1
46357,0
55360,1
50666,1
78142,0
21670,1
39095,0
39076,0
89114,0
90074,1
92177,0
91654,0
77599,1
95346,1
246,0
76517,1
32402,1
87880,0
45039,1
60306,0
82699,1
66554,0
67886,1
30972,1
83846,1
87271,0
46622,0
101633,1
2485,1
78443,0
24104,1
42352,0
103638,0
88485,0
54230,0
76888,0
74895,1
34606,0
60801,1
56984,0
93344,1
39992,1
27515,1
61680,1
90751,1
17516,0
73501,1
34335,0
21556,1
47628,0
104670,1
46153,1
15582,1
69816,1
9375,1
81308,1
54668,0
61901,1
61154,0
100798,1
9850,0
7335,0
6169,0
98523,1
78644,0
30932,1
57091,0
79916,0
52585,1
98741,0
70432,1
39825,1
72305,1
65698,0
60552,0
101722,1
91282,0
63391,0
89324,0
18500,0
90473,0
63355,1
2376,0
39901,0
67171,1
42637,0
82597,0
63558,1
2269,0
82750,0
91536,0
28418,0
46645,1
1743,1
37614,1
21129,0
2217,0
104507,0
21281,0
44435,0
81692,1
3362,1
62219,1
104016,1
52411,1
73994,0
64363,1
50122,1
86630,0
16558,1
14644,0
32429,0
66923,0
38322,0
12134,0
43404,1
44626,1
58595,0
18956,1
16370,1
92075,1
90310,1
89039,0
40948,0
2101,0
39846,0
63662,1
27918,1
25999,0
54179,1
21238,1
104236,0
17199,0
103577,1
79502,0
27571,1
80606,1
26006,1
103467,1
86654,1
19931,1
19744,0
22360,0
43642,0
62652,1
20938,0
59952,1
71616,0
31077,1
68418,1
16435,0
35476,0
636,1
94371,1
41509,1
2625,1
57152,0
3250,1
84533,0
14837,1
92865,0
102776,0
22526,1
25508,1
82009,0
68091,1
59658,1
49585,1
16386,1
65531,0
86207,1
70124,1
20088,0
89982,1
15083,1
34715,1
9560,0
74174,1
81387,0
72184,1
92739,0
90264,0
46988,1
31646,1
61357,1
97646,0
32326,0
20129,0
65063,0
1512,1
38398,1
79353,1
59309,0
47772,0
63974,0
24399,1
85261,0
55908,1
94638,0
6061,0
55882,0
68268,1
4323,0
68366,0
66661,0
84201,0
49607,1
80122,0
39410,0
79511,1
39017,1
26471,0
7928,0
56523,1
64856,0
39172,0
101693,0
77111,0
85451,1
66078,1
55305,1
48756,1
26156,1
6781,1
89319,0
24377,1
15861,0
83542,0
47144,1
88729,0
64627,1
102777,1
68334,1
42371,0
21149,0
37198,1
70409,1
62508,0
46410,1
21908,1
36809,1
7321,1
3733,1
35465,0
4555,0
32419,1
55170,1
12274,0
35633,0
44818,0
89070,0
75302,1
97025,0
49217,0
62199,1
98572,0
49579,1
33868,1
42613,0
74804,0
92606,1
89835,1
7068,1
39990,0
64598,1
91439,1
52253,1
41024,1
100195,1
69026,0
57384,1
35300,0
53903,1
48899,0
79002,1
10069,1
60268,0
72965,1
104074,1
87248,1
95007,0
44319,0
24415,1
76336,0
64823,1
16578,1
69422,0
7980,0
41854,0
70976,1
42841,1
84130,1
78883,1
90546,1
87265,1
44527,1
51385,0
54289,0
84638,1
43619,1
60789,0
99030,0
91836,0
99404,0
43578,1
70594,0
27215,1
10171,0
94256,0
67989,0
101473,1
2241,1
55734,1
58711,0
62,1
24580,1
18591,1
103694,0
59961,1
88951,0
18153,1
46905,0
21725,0
3000,1
38587,1
80459,1
89052,1
14195,1
18424,1
23079,1
6149,1
34750,0
102556,0
71308,0
38007,0
16651,0
69423,1
37844,1
47367,1
10844,1
7847,1
101038,1
28412,0
75694,1
50664,0
47852,1
97565,0
96523,1
21015,0
18517,1
63236,1
27689,0
43227,1
19185,1
49080,1
19410,0
77266,1
85538,1
32287,0
85982,1
96575,1
11240,1
54490,0
44261,0
67405,0
61146,0
83104,0
8275,1
24111,1
50094,0
2179,1
9670,1
41661,1
98653,0
45614,1
85919,0
64474,0
42953,1
50460,0
18695,1
71262,1
99224,1
103576,1
9761,1
78452,0
38002,1
71937,1
35213,1
99034,0
11951,0
56590,1
93343,1
79615,1
86764,1
17699,1
69669,1
34252,1
92012,0
29989,0
95556,0
55219,1
35588,0
102892,0
96530,1
25919,0
35594,1
96358,1
35659,1
41871,1
104870,0
77089,1
13062,1
74005,0
50150,0
58876,1
86770,0
75235,0
79592,1
5419,1
85560,0
3252,1
23619,1
10418,1
79862,1
19670,1
66120,0
82390,0
51218,1
51875,1
24080,0
98552,1
189,0
56146,1
66664,0
102185,0
70957,1
45998,1
51232,1
35265,0
39759,0
73658,1
62329,0
56070,1
52652,0
756,0
87819,1
26912,0
21414,1
2620,1
52440,1
61038,0
16732,0
87074,1
36184,1
43523,0
5504,0
91909,1
42066,1
62803,0
100748,1
83643,0
6248,0
918,0
102950,1
83750,1
93621,1
56932,1
39940,1
93079,1
42859,0
42680,1
92628,0
93143,0
69305,0
349,0
7439,1
10055,1
36273,1
12262,1
39862,1
68810,1
97570,1
22521,0
51023,1
27886,1
3123,1
33994,0
93263,0
83483,0
13151,0
70870,0
59221,0
71558,1
39034,0
23533,1
32757,1
78017,0
3336,0
19076,1
31989,0
45901,0
31662,0
12517,1
5382,1
16602,1
72821,1
59529,0
48270,0
97846,0
18832,0
25377,0
91616,1
59977,1
78748,1
40929,1
1853,0
45500,0
84092,1
11873,1
1934,0
40321,0
24518,0
74653,0
32016,1
97614,1
45888,1
82106,1
25184,0
88398,0
89654,1
11943,0
86633,1
20213,1
11736,0
11708,0
82428,1
58143,1
14736,0
101105,0
70770,0
58197,1
13022,0
56889,0
55045,0
87032,1
97380,0
267,1
77181,1
10461,1
95929,1
15607,1
42160,1
62732,0
55069,0
93340,0
21874,1
20674,1
17762,1
6572,0
19340,0
69009,1
25584,0
85836,0
1066,1
30145,0
10647,0
6535,1
65161,0
26232,0
12246,0
94865,0
72788,0
11053,0
32643,1
58310,1
48217,0
48081,0
43464,0
81448,0
22832,1
31896,1
66005,1
91910,1
43329,0
26113,1
101744,1
75911,1
28013,0
78476,0
102628,1
23718,1
77120,0
61883,0
99019,0
29746,0
30421,0
71527,0
93594,1
22095,1
5209,1
43736,1
1027,0
43664,1
62799,1
26364,0
63318,1
23403,1
18009,0
91230,1
24409,0
96386,1
6303,1
44124,0
38902,0
12392,1
54793,0
54962,0
57391,0
15039,1
80135,0
32237,1
27973,1
100159,1
58119,0
62493,0
17737,0
60992,1
26446,1
17366,1
99281,1
10181,1
22485,0
23602,0
48022,1
95720,1
72781,0
8319,1
38937,0
10450,0
4701,0
4321,1
42274,1
81290,0
31144,1
27301,0
19975,0
100635,0
20340,1
54556,1
55203,0
1767,0
70757,1
54390,1
93487,0
19155,1
55722,1
57973,0
51264,0
69937,0
99855,0
46512,1
75903,1
3879,1
1409,1
79800,1
50284,1
87404,1
57971,0
38569,0
52741,1
54345,1
65433,0
25894,1
45018,1
87997,0
27188,1
103922,1
56392,1
68470,1
45566,1
12475,1
47695,1
92261,0
4454,0
19990,0
21,1
96153,1
72811,0
11609,0
56925,0
48122,0
92319,1
86525,1
103414,1
26690,1
69883,1
4609,1
14043,0
19162,1
70075,0
76906,0
63561,1
79746,0
38864,1
98194,0
102342,0
20558,1
14702,1
76918,1
5193,0
94470,0
27664,1
70071,1
74490,0
65567,0
62524,1
55634,1
48386,1
83258,1
38994,1
97459,1
88516,1
51657,1
7822,1
7107,1
36578,0
48576,1
49774,1
986,0
45086,0
43700,1
78115,0
39122,0
77243,0
82716,1
18888,1
88941,1
50439,1
18550,0
103061,1
5850,1
26109,1
75371,1
44065,1
13180,0
94554,0
17112,0
45849,1
101267,0
18560,0
19607,0
90416,0
81079,0
26215,0
17767,1
98620,1
80040,0
66151,0
99801,1
75397,0
22369,1
104537,0
49659,0
18161,1
62590,1
34742,1
52515,1
45438,0
81068,1
12270,0
76171,0
70347,0
16544,0
13945,1
5965,1
58935,0
92634,0
92799,1
30955,1
25785,0
29944,1
31272,1
56493,0
63615,0
85989,0
35464,0
82141,1
64678,0
33922,1
80142,0
73492,1
40371,1
10201,1
53770,1
91866,1
69311,1
96941,0
20269,0
89218,1
2239,0
52997,1
65503,0
94255,0
82094,1
33615,0
13707,1
836,1
65202,0
64445,1
45794,1
18215,1
65624,0
30158,1
99477,0
100100,1
47151,0
98062,0
89609,0
50173,0
89261,1
58801,0
65919,0
12554,1
36228,0
15854,1
24439,1
37465,0
30054,0
65749,0
47055,1
96621,0
5328,0
74271,0
23002,0
90895,0
74195,1
63514,0
40032,1
29167,1
58262,0
28247,0
69896,1
5828,0
97433,1
8674,0
1390,1
96848,0
32521,1
24254,1
59426,1
89255,1
80088,1
16433,1
29886,1
66740,0
31346,0
47505,1
80313,0
24995,1
7531,1
82419,0
78670,1
101048,0
98764,0
52711,0
3467,1
21194,1
79220,0
22383,1
6292,1
58622,0
10918,1
69740,1
98598,1
59501,1
96322,1
29576,0
72089,1
12637,1
77056,1
53221,1
74500,0
37908,0
81190,1
67885,0
23444,1
261,0
19486,1
41557,1
82639,0
82040,1
92132,0
94334,0
97312,0
82435,0
90757,1
30495,0
38716,0
5582,1
48091,0
96720,1
69785,0
54550,1
95792,0
80635,1
43343,1
30494,0
72947,0
11852,0
100130,0
77494,1
95642,0
62338,1
4683,1
80746,1
102903,0
43972,1
100217,0
92144,0
25006,0
42328,0
62122,0
35810,1
35917,1
103607,0
38345,0
63681,0
22767,0
91064,0
78165,1
48661,0
79752,1
83069,1
86301,1
25507,1
93951,0
93304,1
23701,1
99254,1
65849,1
15514,0
104178,0
66658,0
45001,0
8249,0
44492,0
17911,1
16696,0
25695,1
18383,1
52402,0
27042,0
84008,0
24836,1
6054,0
88982,0
52575,1
24998,0
24597,1
47623,0
2475,1
103077,1
104561,1
98595,0
87849,0
18795,1
22968,1
59696,0
34358,0
39163,0
27631,1
15382,0
7741,0
101478,0
51490,0
81729,1
40941,1
7766,0
93947,0
94875,1
26084,1
49124,0
93157,0
89368,0
2740,1
87,0
103841,1
25286,0
23620,1
56596,1
94650,0
91950,0
55101,1
89840,0
55412,0
12076,1
5206,1
89610,1
13754,1
7323,1
15524,0
101071,1
3532,1
83447,0
245,1
67194,1
43059,1
100981,1
37944,0
7707,0
92680,0
94453,0
81916,1
84256,0
18360,0
31140,0
65192,1
43941,1
95436,1
32667,0
5012,1
32956,0
75079,0
69694,0
49571,0
7896,1
47916,1
100747,1
75085,1
93064,1
14032,1
50789,0
76495,0
31811,1
42286,0
56145,1
89311,1
45331,0
12833,1
41563,0
75056,0
27988,1
7248,1
98544,1
26171,0
30434,0
27064,0
72275,0
95979,1
29113,1
74036,1
83948,0
25359,1
55207,0
10199,0
36884,0
8137,0
102215,0
50191,1
12452,1
95339,0
97531,0
70505,1
98845,0
71495,1
18393,1
24395,0
56331,0
2614,0
13976,0
26739,0
21613,1
6156,0
60958,0
25160,1
65368,1
60029,1
10904,0
100367,1
51286,1
73736,0
51440,0
77114,0
101784,0
63530,0
39460,0
13212,0
97618,1
3056,0
91306,0
5168,0
97266,0
74592,1
98542,1
18975,1
39803,1
53634,0
52601,0
88470,1
25232,1
90577,1
9302,1
2123,0
10863,0
31535,0
61984,0
80529,1
35209,1
25932,0
202,0
21180,1
83498,0
15161,1
101994,0
32022,0
46931,1
45858,0
85192,1
95443,0
80733,0
36829,1
87016,0
50596,1
84795,0
66821,1
97279,0
63101,1
96645,0
44800,1
65992,1
75546,1
13230,1
54632,0
93114,0
12316,0
40996,0
3849,0
10674,0
9032,0
69926,0
10986,1
6473,0
73061,1
104791,0
29373,1
9134,1
16207,0
37768,1
38535,1
45816,0
31063,1
38821,0
45792,0
62112,1
14291,0
15777,0
85682,0
40638,0
85367,0
68563,0
9016,1
19458,0
39719,1
22473,1
84075,0
50773,0
19017,1
80149,0
48488,0
17714,1
61458,1
86471,1
58466,0
37737,1
3168,1
2607,0
80248,0
92449,1
68658,0
91434,0
1151,1
4837,1
104162,1
82480,1
104512,0
96528,0
84686,1
1003,0
99919,1
72783,1
35293,0
46927,0
11210,0
99876,0
45985,1
75103,0
16818,0
41167,1
81046,1
101912,0
78348,0
57401,1
88480,0
32936,0
87260,0
69426,0
29813,0
63108,0
97708,0
20326,1
3971,0
52045,1
100726,0
23855,0
63157,0
62070,1
90165,0
85271,1
11,0
51354,1
79834,1
32863,0
11580,0
8404,1
100465,1
51930,1
45366,0
12182,0
25874,0
55095,0
95143,1
78143,0
77892,0
6955,0
82186,1
54792,1
41675,0
15706,1
56865,1
94706,1
13087,1
24517,1
67812,0
87164,0
39695,0
101732,0
51953,0
77776,0
63758,0
53753,1
102858,0
79089,1
98578,0
45266,1
92722,1
78241,1
54512,1
57084,1
30383,1
18371,1
30057,1
82726,0
7464,1
90076,1
104390,0
25387,0
84614,0
20482,0
90584,1
18469,1
7144,1
54740,1
92662,1
44585,0
56727,1
65066,0
72368,0
31879,0
66848,0
50608,0
83775,1
53615,0
72218,1
91522,0
48272,0
79457,0
24756,1
96794,0
33946,0
62120,1
69185,0
69175,0
55673,1
97638,1
39229,1
63677,1
65711,0
61078,1
94099,1
25566,1
25698,1
42507,1
57307,1
48897,0
68878,1
83303,0
12503,0
73221,0
79636,1
78392,1
708,1
40910,1
32297,0
101074,0
103978,0
71172,0
100189,1
95045,0
10862,1
37375,0
87956,1
63322,1
9160,0
33374,1
40979,1
98747,1
35768,0
16246,0
43643,1
19939,0
19055,1
88460,0
10752,0
97369,1
4476,0
50166,1
75705,1
100203,0
2917,1
104796,0
53077,0
104829,0
67831,0
98715,0
75204,0
11592,1
34821,0
60528,0
8841,1
59050,0
52209,1
15770,1
98580,1
16925,0
58074,1
52065,0
40934,0
3768,1
68312,1
81639,1
3435,0
42098,1
35875,0
61703,1
58496,0
10717,0
33632,1
54335,0
87909,1
102335,0
4920,1
4026,0
24231,1
262,1
69949,0
96840,0
26012,1
103370,0
10579,1
63104,0
74487,1
93942,0
32204,1
101258,0
10731,1
62551,0
33118,1
42022,0
11804,0
19932,1
66380,0
83442,1
102046,1
81410,0
78888,1
6019,0
83784,0
66408,1
76035,0
32517,0
35752,0
20630,1
59270,1
52177,1
47113,1
579,1
37254,0
60080,1
47501,0
34236,1
5635,1
102670,0
70642,0
45008,1
100504,1
88000,0
25409,1
43280,1
74514,0
80780,1
80161,1
10703,1
76459,0
85207,1
26230,1
69933,1
5294,0
11772,0
57334,0
102677,0
35995,1
60594,0
94217,0
31217,1
88766,0
22801,0
57634,1
16042,0
54120,0
4136,0
76799,1
63429,0
42584,1
1343,1
71856,0
89328,0
82274,1
26475,1
53453,0
23251,1
37451,0
83449,1
100893,0
48858,0
19903,0
5435,1
102107,0
77268,1
40181,1
8363,0
73039,0
19255,1
99952,0
65710,0
69765,1
55241,0
34647,1
53329,0
34615,0
96161,0
57705,1
75702,1
35997,1
42686,0
28385,1
28417,0
1730,0
30521,0
88721,1
102331,1
57464,0
53802,0
23250,1
59712,0
7233,0
82967,1
44118,0
18043,0
95416,0
84932,0
96727,1
47108,0
83889,1
99930,0
8309,1
52390,0
26205,0
31349,0
70333,0
44041,1
35174,1
53228,0
25329,1
12435,1
21671,1
18915,0
10713,0
52715,1
81154,0
25370,1
92306,1
60572,1
85869,1
23951,0
2696,0
51502,1
28236,0
68228,0
82816,0
78191,0
91085,0
72887,0
62672,1
33258,1
42438,0
70100,0
93317,1
36879,1
81921,1
97145,1
97192,1
57674,1
88526,1
47467,1
71772,1
83437,0
72813,1
27917,1
35719,1
955,0
96647,0
2189,1
74140,1
24005,0
2902,1
87539,0
37075,0
11665,1
15360,1
25424,1
94851,0
20941,1
71157,0
59830,0
3736,0
59702,1
27556,1
19468,1
66089,1
81863,1
64168,1
102861,1
94754,0
11366,1
39089,0
70896,0
37235,0
49388,0
92896,0
9638,0
104470,1
22748,0
78432,0
50558,1
44427,1
22979,0
38326,1
42324,1
55751,1
37348,1
98213,1
29895,1
84577,0
89674,0
33801,1
15807,0
34323,1
31516,1
34737,0
57062,0
34058,0
29175,0
99139,1
15546,0
96667,1
61885,0
66293,0
39452,0
12845,0
87583,0
56013,1
26757,1
51159,0
10565,1
21440,1
25230,1
81944,1
46607,1
60502,1
93478,0
41487,1
24702,0
67596,0
98717,0
4107,0
724,0
38250,1
6138,1
67888,0
580,1
18688,0
65392,0
97712,1
83626,0
61713,1
67715,1
1231,1
33308,0
37818,0
67420,1
7953,1
36437,0
76945,0
48733,0
82659,0
89496,1
21501,1
11033,0
82361,0
72935,0
8539,0
95228,0
20391,1
18893,0
47970,0
54812,1
67553,0
7303,1
35956,1
10254,0
26214,0
73399,0
68296,1
63399,0
88476,0
102261,0
8244,0
69486,1
61857,1
57112,0
27302,1
36015,1
53239,1
3264,1
27372,0
76750,1
23049,0
85300,0
61275,1
37745,0
35519,0
45702,0
43593,1
81229,0
43053,0
18192,0
91697,0
66044,0
67235,1
63420,1
80911,0
70141,0
17201,0
97824,1
35254,1
90945,0
21623,0
41709,1
12108,1
14249,0
3803,0
19831,0
52098,1
69913,1
96380,1
51094,1
92690,0
42483,1
31347,0
102891,0
37778,1
3794,0
21089,1
13668,0
98136,1
1786,1
17970,0
90394,0
7612,0
24431,0
88667,1
30328,0
96715,1
93778,0
100400,1
1988,1
49603,1
69116,0
88495,0
23117,1
21602,1
25917,0
82614,1
21385,1
32670,0
8867,1
67439,1
67783,0
79864,0
44606,1
49318,1
25773,0
69766,1
11165,0
80988,0
58436,0
42817,0
61228,1
25190,0
9750,1
79585,0
97171,0
24012,1
61565,0
89460,0
5426,0
75212,1
67152,0
34473,0
30342,0
80556,0
94429,1
26939,0
75162,1
46888,1
33125,0
24717,1
48694,0
96640,0
102709,1
42918,1
62977,0
48873,1
91352,1
70334,1
55011,0
50232,1
53855,0
7739,1
92923,0
3176,1
25691,0
57320,1
98135,0
94410,0
15628,0
75708,1
8098,0
28717,1
42004,1
32388,1
66885,1
89724,0
3373,1
82733,0
59352,0
94836,0
91069,1
44464,0
71949,1
8843,1
41327,0
16394,0
32043,1
40782,0
90061,0
75477,0
76205,1
82998,1
10751,1
59131,0
100308,1
94218,0
86359,1
21491,1
44663,1
18859,1
97839,0
69081,0
13412,0
34835,1
29748,1
7252,0
38162,0
14170,0
75530,0
43875,1
60102,0
91876,0
19285,0
76274,1
47483,0
51848,0
55487,1
55352,1
11523,1
92832,1
103966,0
25957,0
42728,1
85591,0
19662,1
54033,0
18128,1
16099,0
83239,1
10748,1
80802,0
94433,0
60269,1
70346,0
98693,0
48186,1
97368,0
49627,1
11140,1
71284,1
99394,0
71521,1
44979,1
66140,0
31390,1
90145,1
29933,0
29134,1
68008,1
27909,0
75270,0
38971,0
93120,0
55899,1
89295,1
101346,1
67210,0
37619,0
15180,0
21474,1
99306,0
77112,0
31731,0
50868,0
84731,0
52523,1
45111,0
99992,0
45081,1
27480,0
75678,1
17619,0
65416,1
71545,1
60328,1
96754,0
102445,1
64359,1
46976,0
49789,1
63643,0
37612,1
597,1
52847,0
73603,0
70286,0
29770,0
35428,1
74233,0
23882,0
38346,0
73035,1
101874,0
67769,1
74609,1
54053,0
77720,0
26663,0
80898,1
15698,1
77209,1
16034,1
72690,0
92716,1
10354,0
83317,0
53252,0
44022,0
2003,0
84793,0
74871,1
99495,1
48483,0
48065,0
28390,0
88512,1
81331,0
81069,1
4860,1
33467,1
75547,0
70577,0
62118,1
9609,0
44746,1
42012,0
6460,1
73651,0
56990,0
87980,0
39451,0
86796,1
89626,0
94417,1
22675,0
11613,0
63194,1
34317,0
38011,1
39390,1
22694,1
95230,0
42586,0
16501,0
53847,1
52406,0
45528,1
61653,1
54842,0
29470,0
2634,1
24441,1
56755,1
50812,1
53043,1
91288,0
48005,1
68222,1
55371,1
77680,1
50461,0
58069,0
31998,0
26022,1
73959,0
43823,1
100419,1
10363,1
52438,0
31581,1
23568,1
33530,1
97317,1
102006,1
77309,0
60380,1
102306,1
14750,1
58826,0
32774,1
102862,0
97519,1
40010,0
83012,1
37655,0
66942,0
94114,1
739,0
1838,1
101537,0
62592,1
31031,0
102353,0
69665,0
12711,1
47242,0
103796,0
77444,1
56188,0
55672,0
16403,0
65286,0
14929,1
73499,0
58732,1
49593,1
16494,0
75474,1
50817,1
67064,0
15341,0
29870,1
11792,0
27424,1
55027,1
27460,1
54566,1
38130,0
52407,0
91503,1
96555,0
76895,1
13858,1
54000,1
21517,0
52400,0
8772,1
90365,0
28751,1
81647,0
2572,1
98710,1
49594,0
74857,1
30734,1
66331,1
99371,0
48301,0
33840,0
60891,1
83843,0
4126,1
89322,1
55628,1
40361,0
71877,0
57593,0
88939,1
67022,0
90824,0
78086,1
48572,1
10563,0
3344,1
62535,0
91083,1
10044,1
95866,1
98045,1
54205,1
66614,0
42905,1
54304,0
60725,0
12109,0
10132,1
103198,1
3623,0
102856,0
28015,0
50521,0
99723,1
104598,0
74557,0
66027,0
48467,1
40933,0
88282,1
35055,1
100729,1
100706,0
72261,1
85408,0
29802,0
4192,1
79189,1
17299,0
21096,1
101720,0
75723,1
1779,0
61496,1
101805,0
9096,0
25197,0
94305,0
93351,1
8378,0
31754,0
11321,1
99940,1
58698,1
58987,0
25161,1
77130,1
3802,1
57773,1
38695,1
67314,1
90270,0
62323,1
93640,1
40427,1
26589,0
39785,1
69777,0
65569,0
21398,1
71338,0
37361,1
99079,0
37443,1
90417,0
48578,1
97549,0
77660,1
98026,1
11953,0
53812,0
65176,0
78022,1
94589,1
92356,1
55904,1
2393,0
41016,1
89014,1
98446,1
89387,1
90023,0
23426,0
15132,0
91321,0
37063,0
77719,0
19539,0
76645,0
51279,0
98621,1
6900,1
7338,0
35005,1
64840,0
94264,0
16629,1
14755,1
45234,0
9531,0
102560,0
95026,0
35012,1
4080,1
86653,0
71515,0
65862,0
90367,1
63327,1
55363,1
7582,1
34754,0
64651,1
78545,0
16592,0
102836,1
89821,1
99913,1
33501,1
24094,1
75427,0
49939,1
19620,1
38095,0
65140,0
89781,1
72709,0
69615,0
50723,0
95422,1
41370,1
4674,0
57056,0
84014,0
28443,1
5005,1
67502,1
53699,1
33218,0
102927,0
86071,1
34539,0
48042,1
84839,1
77802,0
86313,1
10262,1
50210,1
80133,1
64826,1
77640,1
64106,1
12072,0
46959,0
65369,0
30052,1
77800,0
44448,1
19336,0
99065,0
69218,1
103096,0
62907,0
51570,1
42793,0
30567,0
95743,1
25383,0
91859,0
59596,1
9364,1
3655,0
49717,1
15044,1
35612,0
20958,1
11353,1
103315,0
55898,1
74234,1
69748,1
15244,0
13824,0
91938,1
99412,0
21017,1
57448,0
18475,1
70647,0
54485,0
104294,1
64352,1
15688,0
37378,0
3005,0
90815,0
94903,1
39674,1
25324,0
91070,0
64170,1
91354,0
86215,1
10882,0
44659,0
95451,0
53086,1
87577,1
77402,0
85791,0
93346,0
61049,1
17782,1
90609,0
98366,1
44011,1
60677,0
50689,0
74903,0
102087,1
103735,1
66110,1
480,0
64358,1
19356,1
90343,1
3940,1
38838,1
71552,0
62747,0
59807,1
8975,0
91926,0
63802,1
46137,1
36432,1
368,0
8835,0
38714,1
22831,0
23850,0
1670,0
5800,0
21093,1
12204,0
47535,0
31137,0
51888,0
60809,1
94434,0
82266,0
68574,0
83779,0
37580,1
1433,0
74748,0
88878,0
59039,0
26957,0
14120,1
1847,1
52638,0
75418,0
44782,1
39240,0
54753,0
56226,0
48012,1
10351,1
4377,1
44836,0
35360,0
70345,0
97517,1
68811,0
46836,1
30922,1
59882,1
63893,1
86097,0
9603,0
74291,1
18984,1
58937,0
95594,1
59435,1
24149,0
79343,1
34235,0
68351,0
13407,0
87388,1
13299,0
10231,0
47662,1
1531,1
102055,1
98356,0
12738,1
99367,1
55233,0
99662,1
70553,0
27196,1
93546,1
85865,0
16870,1
76638,0
12537,1
76827,1
82455,1
21376,0
92385,1
23342,1
19363,0
59826,1
42509,0
85419,1
53125,0
58980,1
29704,0
50297,1
26518,0
24420,0
99747,1
91127,1
52077,1
2608,1
104298,1
26674,1
55945,0
53108,1
14683,0
37816,0
88200,0
69760,1
48834,1
5160,0
83156,0
40574,1
36267,1
103131,0
58518,0
99424,0
103620,1
71487,0
30690,1
23733,0
72872,1
85649,1
44949,1
93907,1
84744,1
89308,0
67377,0
65748,0
24555,0
89545,0
103010,0
24054,0
58617,1
71431,0
71988,0
95770,0
90995,0
82539,0
64662,0
57466,1
53082,0
77692,0
85647,0
96852,1
40651,0
83830,0
34507,1
99368,0
60736,1
70272,1
49138,1
37426,0
85133,1
47485,1
70830,0
96838,1
15205,0
81143,1
84234,0
33199,0
22683,0
28182,0
10767,1
74085,0
101525,0
57991,1
62234,1
80310,0
15675,1
38574,1
40165,0
20059,0
75839,1
45418,1
18116,0
10357,1
2578,1
75157,0
42418,1
86618,0
46561,1
104303,0
68663,0
88590,1
77594,1
16274,0
46837,0
90221,1
81671,1
80011,0
80046,1
57231,0
17816,1
88158,0
23312,0
8426,1
67470,0
48677,1
100873,0
8320,1
97264,1
86565,1
27616,0
70,0
76319,1
42179,1
31394,0
4965,1
10529,1
12304,0
11045,1
102941,0
97142,0
56784,1
24030,1
55512,1
56455,0
10263,1
36923,1
63152,1
55217,1
79218,0
22603,1
60669,0
17028,1
62997,0
70717,1
81087,1
44850,1
75170,1
67423,0
77611,1
70715,1
100151,1
92481,1
19373,1
102788,1
91552,0
81995,1
98274,1
10551,1
19586,0
51234,0
87919,1
60113,1
11618,1
76687,1
50684,1
8715,1
95252,0
27893,1
42440,1
82397,0
92188,1
84550,0
48375,0
76467,0
28121,1
16606,0
19488,0
85681,1
43131,1
92310,0
76507,1
90172,0
28372,0
25904,1
66198,1
80902,0
71906,0
76694,1
16812,0
81226,0
52642,1
98795,1
84074,0
26816,1
101367,1
83601,1
40852,1
82942,0
53832,0
74089,0
67707,0
92491,0
80148,1
45926,0
17879,0
96280,0
122,1
39329,1
67408,0
16180,0
47419,1
16620,0
56181,1
224,1
31218,0
28710,0
37869,1
82999,1
62972,1
52883,1
56598,0
55283,0
36977,1
46452,1
53040,0
53454,1
78718,0
96716,1
14411,1
33979,0
84729,1
55831,0
84391,1
28088,0
61957,1
18026,1
100701,1
16444,0
66980,0
27452,1
10424,0
44762,0
35663,0
46540,0
103824,1
50980,1
94390,0
88053,0
5,0
77591,1
34930,0
94468,1
6355,1
41112,1
2404,0
93511,0
43354,1
67966,0
62255,0
75043,0
91468,1
3494,0
98180,0
85125,0
85610,0
68236,0
54677,1
9296,0
80444,1
92040,0
102167,1
27136,1
86330,0
71642,0
6280,0
51282,0
7925,0
51454,1
65619,0
54213,0
53021,1
85909,0
6237,1
57987,1
81111,0
95807,1
56094,1
2448,0
80622,0
23149,0
103570,1
71964,0
24073,0
51334,1
75258,0
96353,0
73170,1
19485,0
45958,1
56547,0
92121,0
9997,1
63860,1
62622,1
99360,0
52036,1
20431,0
18254,1
88604,1
7542,0
57317,0
83788,0
50180,0
40897,1
64620,0
79233,0
1193,1
102763,0
29461,0
57896,0
61273,0
102921,0
67765,0
77608,0
12663,0
40018,1
55539,0
67209,1
102904,0
27360,0
91647,0
104668,0
80478,0
92975,0
41344,0
19331,0
9108,0
29246,1
86089,1
62258,0
16823,1
58560,1
21787,1
27477,0
103426,0
91132,0
14422,1
9392,0
74017,0
69131,1
77577,1
80974,0
3796,1
44351,1
83400,1
72029,1
3571,0
71058,1
88842,1
20714,0
71880,1
47320,0
39033,1
94197,1
78765,0
27606,0
91782,0
93368,0
23244,1
76601,1
64849,0
91155,1
74674,0
100155,0
48857,0
75018,1
79354,0
27092,1
102479,1
27936,1
42851,1
49324,0
35679,1
69468,1
13541,1
8149,0
68240,1
44771,1
104528,1
93158,0
34478,1
55763,1
50381,1
3382,0
69266,0
14489,1
60843,1
43048,0
59357,1
44657,0
100957,0
25089,0
18091,0
70282,1
93514,1
21196,1
68754,0
102662,1
100234,0
76713,1
57909,0
64280,0
32722,1
91961,1
59316,1
3807,0
85576,1
60009,0
77044,0
103653,0
38908,0
18572,1
76325,1
103391,1
77260,0
35095,0
48722,0
72501,1
65313,1
30773,0
92992,1
36096,1
42150,1
14972,1
68625,1
34922,1
12789,1
86120,1
29264,1
58106,0
41087,1
36770,0
33151,1
62452,1
8116,0
15112,1
14668,1
32516,0
62395,0
81888,0
97446,1
98763,1
54601,0
64890,0
96312,0
69791,0
75514,0
77113,0
94600,1
14145,1
8810,0
61595,1
46863,1
31755,0
50030,1
77804,0
2995,1
10559,0
11982,0
39684,1
92930,1
84131,0
88130,0
34553,0
40491,0
89491,1
82254,0
94002,0
57477,1
33690,0
29752,0
45924,1
90944,1
42164,0
55577,1
104660,0
93566,0
88675,0
102990,0
54603,1
59676,0
9130,1
44804,1
96704,1
35809,0
47988,1
93683,1
53325,1
8827,0
25496,0
61690,0
29787,1
9112,1
5449,0
36294,1
2191,0
89502,1
69224,1
18244,1
98476,0
74424,0
65578,1
86710,1
22914,1
87479,0
9258,1
14987,0
14331,1
69205,1
100589,0
80050,1
22665,1
84979,0
15465,1
91710,0
39422,0
10355,1
20805,1
34777,0
8446,0
39895,1
99214,0
32644,0
58385,1
76816,0
104666,1
65185,1
50955,0
54104,1
104391,1
64137,1
78092,0
52071,0
46797,0
75781,0
11133,1
79265,0
39162,0
42457,0
98839,1
12080,1
65521,1
94488,0
47500,1
78516,1
40834,0
573,0
42862,1
17961,1
24109,0
3698,1
86603,1
10236,0
35317,1
63004,1
81376,1
102723,1
16869,0
19437,1
23813,1
17946,1
712,1
82128,1
55346,0
75498,0
3743,0
584,1
10920,0
3865,0
67619,1
103948,0
102799,1
83264,0
101152,1
88016,0
81973,1
20336,1
64470,1
55387,1
64991,0
5788,1
32062,0
1442,1
66400,0
65406,0
96606,0
96209,0
98245,1
79493,1
70952,1
87953,1
22277,1
74292,0
33995,1
40724,1
101097,0
1857,0
49644,0
17662,0
2341,0
42455,0
57691,0
31257,0
84606,0
48992,0
62396,0
18766,0
66628,0
45878,0
57203,1
3722,1
60430,0
100127,0
40626,1
1929,1
7893,0
53299,1
42546,0
42055,0
44203,0
19545,0
80683,0
74150,0
96444,0
41653,0
12559,1
68803,0
18178,0
18655,1
48448,1
81922,1
87276,1
73715,1
104059,0
38924,0
63829,1
68410,0
99427,0
55347,0
28588,0
99701,1
102572,0
87381,1
93899,0
71040,0
31290,1
69502,1
55853,0
24296,0
74868,0
33018,0
47550,0
82345,1
35897,1
54176,1
26561,1
45019,0
20304,0
47497,1
12802,1
26855,1
96320,0
81489,0
21907,0
45130,0
102947,1
33345,1
35609,0
64958,1
48808,1
65951,0
21666,1
72722,1
83535,0
41745,1
61450,0
81057,0
104181,0
65904,1
64711,0
53203,1
101987,0
6070,1
59549,0
87287,0
39403,1
55912,0
100824,0
10195,1
74546,0
55850,0
78249,1
19948,0
28110,0
67357,1
72249,0
37456,0
34629,1
76113,0
73929,1
38767,1
29260,0
35448,0
33789,1
19078,1
7272,1
84570,0
104867,0
59689,1
13060,0
42699,1
34243,0
16559,1
32469,1
76987,0
53394,1
7210,1
12841,1
88259,0
70867,1
103550,0
69590,1
99203,1
43822,1
40316,0
78360,1
63600,0
7647,0
25200,0
42463,1
102116,1
45525,1
49890,0
70137,0
78785,0
69830,0
78739,1
17360,1
71171,0
430,1
51530,0
82454,1
50652,0
93243,1
41107,1
61516,0
62239,1
42616,0
18810,0
50933,1
18759,0
24905,1
7344,0
67988,0
44528,1
59680,1
55962,0
76120,1
92155,0
66913,1
12423,0
24617,0
103802,0
100917,0
25039,1
22782,0
10975,1
10998,1
97912,1
40762,1
76696,0
96424,1
54616,1
14013,1
34088,1
37119,1
85757,1
104060,1
35009,0
14389,0
12928,0
103170,1
7404,1
104253,0
57512,1
69806,1
70398,1
26192,1
29417,0
40349,0
44139,1
11816,1
3285,1
73729,1
96175,0
103291,1
56267,1
62935,0
15000,0
69015,1
68961,1
9720,1
83334,1
35346,1
13978,0
74259,1
42416,1
22716,1
73083,0
58908,0
39379,0
68793,0
72391,1
12505,0
72729,1
90913,0
12630,0
31388,1
8461,1
43617,0
47509,0
89639,0
94784,0
29777,1
20185,1
79667,0
63983,0
100615,1
62262,0
100548,1
22881,0
10246,0
12340,0
84187,1
98551,1
39543,0
53613,1
59849,0
64072,1
60723,1
92862,1
90186,1
99284,0
94215,1
492,0
49392,0
38146,1
94533,0
103113,1
63672,0
69445,0
53412,1
87677,1
25516,1
54180,1
24216,0
56191,1
85345,1
83546,1
83949,0
96719,1
89461,1
98070,1
35796,1
18661,0
367,0
52516,0
84290,1
76518,0
11178,1
7282,1
79436,0
95941,0
52172,1
63151,1
38736,1
24416,0
40410,0
6243,1
68279,1
34570,1
83845,1
45832,1
82351,0
55906,1
60587,0
96861,0
91684,1
100078,1
93991,1
18458,1
10242,0
53036,1
51715,0
80376,1
79903,0
19806,0
16429,1
77092,1
96501,1
62788,1
42524,0
47109,1
65585,1
29401,1
45037,0
64717,1
79545,0
71163,1
97763,0
86884,0
72260,1
76682,0
20872,1
3718,0
5715,1
65038,0
84151,1
10609,0
91160,1
27714,0
29901,0
56835,0
75499,0
68962,1
91067,0
53858,0
29822,1
9371,1
68957,1
86663,1
39203,0
36034,1
35007,0
100994,1
54522,0
92272,0
85655,0
24171,1
8348,1
40686,0
87102,0
51381,1
86255,1
17547,1
32814,0
37418,0
62737,1
55289,0
82339,0
94475,1
3023,1
37536,0
21248,1
39766,1
64458,1
13905,0
100959,0
977,1
72285,0
64486,1
86801,0
101990,1
77274,0
38230,1
88545,1
67626,1
71341,0
97991,0
77588,1
61489,1
5181,1
12728,0
81447,0
83067,0
47015,0
103039,1
59098,0
29539,1
97571,1
14235,0
61197,0
65123,0
17628,0
1507,0
17019,0
34117,0
30167,0
40459,0
39352,1
104622,1
85412,0
59351,0
50799,1
56873,1
19220,0
7811,0
3982,0
35133,1
43520,1
32413,1
40388,0
78913,0
58722,1
84109,1
43005,0
71249,1
27822,0
55570,1
78680,0
92920,1
73966,0
17355,1
9722,0
57526,1
15101,0
100982,0
34359,0
18053,1
77965,0
12268,0
100666,1
8756,1
58075,1
100497,0
38966,1
3778,1
46256,1
22609,1
23678,0
23954,0
22923,1
38374,0
66399,0
96118,1
27014,0
93562,1
50367,1
86802,0
47196,0
89865,1
54629,0
98218,0
82175,1
18240,0
58033,1
67663,1
104680,0
25223,0
60326,1
55151,1
35255,1
76464,1
91996,0
69667,1
12498,1
40851,1
55688,1
37976,1
77488,0
49550,1
88626,1
9686,0
60242,0
32989,0
57520,1
3179,0
26064,1
66258,0
29146,0
37686,0
9665,1
48121,1
35149,1
80452,1
52289,0
21273,0
69876,1
59463,1
93233,1
41496,0
72638,1
48499,1
82556,0
2247,1
6060,0
80795,1
26209,1
29520,0
12670,0
79516,0
2451,0
92176,1
88193,0
26325,0
11408,1
48414,1
84033,1
94461,0
12253,1
30598,0
95176,0
63482,0
283,1
54698,1
4076,1
104773,0
46260,1
67239,1
68460,1
101890,1
95513,1
3269,1
64154,1
102864,0
6819,1
27011,1
63492,0
3630,1
67801,1
18206,0
11686,1
28487,0
83771,0
11379,1
75197,1
31647,1
4113,0
58695,1
68145,0
52666,1
82048,0
17217,0
73701,0
67497,0
36098,0
45660,1
67371,1
41980,1
74723,1
84824,1
95884,0
102564,0
76705,0
89085,0
45629,0
67260,1
78770,0
70246,0
101483,0
57302,0
10225,0
81659,1
20055,1
20154,0
16515,0
97156,0
48288,0
3972,0
57607,1
7188,0
64005,0
43065,1
56411,1
98142,0
23360,0
21225,1
92437,0
52062,0
100968,0
18978,1
5539,0
27548,0
52702,0
16310,0
59071,0
68886,1
60196,1
24673,1
85148,1
77060,0
172,0
1047,1
13586,0
77250,1
35183,0
49752,1
25656,1
103340,1
31564,1
103344,0
12976,1
67850,0
40905,0
42643,1
32747,0
45560,1
68149,1
55929,0
100072,1
1855,0
37156,1
90402,0
104186,0
42962,1
87146,0
86342,0
102586,1
62900,0
61215,0
96083,1
35103,0
84082,1
21219,0
20439,1
12904,0
52757,1
89799,0
97685,0
100138,0
88069,0
61913,1
14711,1
2851,1
4865,1
94529,1
31223,1
103878,1
80033,0
22442,1
35694,0
88499,1
65250,1
99873,0
64415,1
4909,1
88527,1
58453,0
36695,1
102002,1
52637,0
70112,1
52259,1
62790,0
78460,1
56083,1
103825,0
22525,0
85522,0
98383,0
63228,1
64980,0
99024,1
1077,0
8170,0
57110,1
2762,1
17362,1
66105,1
20769,0
82634,1
6742,0
103433,1
92212,1
90780,0
67520,0
96015,1
41951,1
28257,1
32693,1
62735,0
27798,1
11460,1
63371,0
63944,1
64902,1
51871,1
41051,1
19673,1
46772,0
30229,0
84888,0
35364,0
71538,0
2690,0
36246,1
1630,0
56449,0
47689,0
75985,1
46489,1
103060,1
45544,1
60795,1
9470,0
61096,1
20845,0
25458,1
58400,0
52354,0
83019,1
9738,1
28655,0
93012,1
77570,0
49930,1
2097,0
91134,0
91626,0
26363,0
40192,1
7213,1
97820,0
57329,1
78105,1
93561,0
71394,1
50846,0
34253,0
41320,0
93282,1
25445,0
68360,1
23975,0
35916,1
86678,0
12890,0
74809,1
14526,0
22615,1
41877,1
102635,0
89960,1
21242,1
36011,1
43074,0
13817,0
46945,1
23247,1
85403,0
25504,0
71043,0
9613,0
79079,1
97427,0
67578,0
12826,1
67164,0
7200,1
10993,0
11710,0
58906,1
57039,0
22346,0
61459,1
85579,1
30865,0
76947,0
5172,1
8980,1
76984,0
84656,0
34656,0
36079,0
75763,0
315,0
97212,1
47541,0
24583,0
48339,0
59314,0
4212,1
65641,1
3099,1
95495,0
7177,0
12039,0
11027,1
92587,1
55338,0
22889,1
16791,1
99914,1
57027,1
27349,0
88727,1
102127,0
72786,0
34787,0
42744,1
70228,0
12219,1
5952,0
73453,0
4127,1
59930,1
67178,0
40197,0
66670,0
92198,0
84666,0
60864,0
80044,1
416,1
61829,1
10447,1
43183,1
52271,0
18738,0
2580,0
8498,0
5577,0
3553,0
77958,0
81315,0
20775,1
47329,0
19266,0
5412,0
13734,0
84655,1
13427,0
18182,0
89154,1
77742,1
73084,1
86557,0
101353,1
44822,0
65953,0
54491,1
56084,0
104337,0
29182,0
6078,1
14619,1
30998,1
88291,1
40847,0
83285,1
33838,0
87292,1
2505,1
20848,0
29721,0
72186,1
97032,0
96318,0
75870,1
16694,1
94320,0
93908,1
11401,0
11874,1
14952,0
85833,0
19788,0
35333,0
68680,0
33444,1
22477,0
89550,0
2353,1
54890,1
35772,0
54530,0
33272,1
70855,1
93721,0
44286,1
38654,0
104110,0
85804,1
57438,1
98889,0
72491,1
89468,0
31805,1
18167,0
10117,0
60324,1
66956,1
71166,1
37183,1
94354,1
40102,1
68119,0
82840,1
64104,1
2635,1
58423,1
81929,0
65618,1
71802,0
60333,0
16824,0
85716,1
45439,1
83804,0
4215,1
76724,0
46081,0
89215,0
71391,0
26955,0
56584,1
97677,1
98091,0
36026,0
83774,1
35586,1
16684,0
104704,1
5088,1
51497,0
3980,1
10520,1
6571,1
17365,1
26648,0
89758,0
13898,0
45257,1
22415,0
103873,0
83275,0
25481,0
2644,0
102689,0
49197,1
66343,0
65556,0
69652,0
5503,1
1405,0
58072,0
35228,1
84748,0
92952,0
6774,1
60359,1
61161,1
49907,0
70129,1
62963,0
54876,1
91981,1
35025,1
50429,1
70905,1
93553,1
3863,1
83103,0
82649,0
28277,1
39946,1
38708,1
69742,1
75182,1
8950,1
9348,1
70012,1
2071,1
92683,0
4249,1
11248,0
88669,1
66934,1
56390,0
86489,1
88796,1
50226,1
86355,0
82997,1
66677,1
68800,1
87052,0
86819,0
66469,0
46962,0
35194,1
73196,1
82180,1
48112,1
68328,1
33566,0
65525,0
37046,0
87156,1
103837,1
6935,0
23044,1
96811,1
80691,1
32030,0
65136,1
64466,0
43934,0
24342,1
84624,1
28365,0
56209,0
52712,1
49677,1
66784,1
57229,0
58414,0
57077,0
21329,0
84157,1
32213,1
50359,1
101898,0
50708,0
79174,0
90133,0
95778,1
41896,1
27757,1
23614,1
51066,0
52876,1
14947,1
1277,0
12172,1
63306,0
13636,1
72196,1
65733,1
36792,1
84198,0
100399,0
55080,1
27904,1
65021,1
94971,1
21539,0
103834,1
45725,0
12184,0
87428,1
1912,0
76825,1
61555,0
23544,0
15368,0
3255,0
23639,1
62340,0
52615,1
88693,0
29071,0
41405,0
19487,0
91544,1
37923,0
60783,1
15805,0
11867,1
73311,0
17601,1
70685,0
30991,1
80843,1
36206,1
88288,1
56714,0
67424,0
32537,0
77910,0
94487,0
76159,1
26934,1
52669,1
70230,1
54824,1
24941,1
31201,0
91502,0
72248,0
25680,0
57601,1
4980,0
56694,0
93671,1
14933,1
1728,1
57831,0
81019,0
98432,0
32727,0
91292,0
65646,0
62152,0
94787,1
29070,0
43318,1
7002,1
41373,1
91576,0
45410,0
52732,1
49942,1
52535,0
64834,0
39699,1
60174,1
98592,0
97826,1
99762,1
36709,1
14775,1
54682,1
65085,1
26748,1
23830,0
17870,0
92879,1
20001,1
30175,1
87840,0
20699,1
47117,1
23870,1
31948,0
71427,0
43647,0
89351,0
72087,1
96208,0
68502,0
62909,0
12743,1
79989,1
10380,0
68377,1
14700,1
41071,1
63796,1
50631,0
45046,1
5880,0
76163,1
66251,1
69032,0
81464,0
48524,0
16950,1
25819,1
40157,0
78886,0
91906,1
6806,1
39028,0
46286,0
89673,1
2159,0
83187,1
20693,0
41503,1
91816,1
88629,1
77417,1
16746,0
36580,1
74116,1
92493,0
30670,0
99838,0
95806,1
28176,1
37582,0
96544,0
38496,1
26508,0
17764,0
3466,0
46033,0
66412,1
61976,0
54030,0
41417,0
103557,1
60330,0
52424,0
64061,1
41559,0
97498,1
51783,1
28317,0
87824,0
65276,0
45860,0
79644,0
9865,0
28444,0
55787,0
87038,0
10004,0
20369,1
63320,0
69290,0
63727,0
24554,0
83376,0
32723,1
35054,1
60635,1
89449,0
9034,1
27413,1
53623,0
16507,1
85795,1
6059,0
94134,1
48567,0
50104,0
16673,1
39416,0
47572,0
7598,0
6264,1
40241,1
6485,0
13805,0
21328,1
8943,1
66588,1
20673,0
25825,0
74782,0
37032,1
45023,1
987,1
17677,1
75228,0
25645,0
103916,0
28437,0
42403,1
13751,0
59454,1
26411,1
51574,0
58631,1
41901,1
94856,0
50051,1
9149,0
1519,0
69273,1
8824,1
63479,1
77207,1
61239,0
23273,1
40394,1
29225,0
72011,1
44532,0
6476,0
42591,0
104801,0
49146,0
14976,0
31337,1
55790,1
54320,0
15620,1
83875,0
68313,0
62706,1
27086,1
100326,1
32951,0
62456,0
82049,1
4145,0
19813,1
7063,1
73676,1
48895,1
95801,1
21898,0
14379,1
11385,1
57266,1
78535,0
32176,0
20219,0
103599,1
64176,1
6582,0
82367,0
64122,0
72870,0
29243,1
58546,0
30612,1
67938,1
56792,0
103652,1
76109,0
96115,1
26212,1
10995,1
11477,1
47353,1
19892,1
39155,0
80709,0
57156,1
15923,1
44047,0
60975,1
8344,0
92827,0
42938,1
21888,1
64472,0
36950,1
49309,1
90639,0
31992,1
102565,1
36895,1
11246,1
72720,0
37130,1
56162,0
76218,1
76865,0
63816,1
58215,0
17818,0
76388,0
28626,1
65137,0
27489,1
30767,1
79538,0
21829,0
15201,1
93720,1
67856,0
46510,0
197,0
91237,1
10315,0
59141,1
41008,0
103169,0
75629,0
4438,1
15133,1
31295,0
40235,1
45076,0
15407,1
86298,0
76475,0
39623,1
13811,0
81287,0
26631,0
68032,0
14442,0
45758,0
68049,1
70449,1
14420,1
83533,0
43659,0
74602,1
58263,0
99461,1
34321,1
99485,1
94662,1
67340,1
17167,1
59671,0
102896,1
67040,0
103931,1
9033,0
55769,1
47132,0
29036,0
47940,0
27341,1
62149,1
81977,0
28932,1
75697,0
58285,1
10399,0
88663,0
54498,0
103775,0
16182,0
11034,0
75007,0
59079,1
53752,1
71072,1
4359,0
14962,1
44477,1
14435,1
38573,0
58800,0
68547,0
80055,0
77883,0
99862,1
26050,0
54467,1
2250,1
2004,0
547,1
57501,1
90192,1
83262,1
69456,1
77222,1
21361,1
69810,1
11636,1
27567,1
25674,1
31075,1
98799,1
55854,1
95780,1
9452,0
104473,1
4001,1
31182,1
9278,1
54779,1
75831,1
23978,0
33262,1
19353,0
93531,1
72719,0
81170,0
2283,1
62957,1
80657,1
95232,0
4632,1
595,1
23897,0
103575,1
24064,0
21295,0
35038,0
50177,0
79867,0
98918,0
47987,0
47953,1
66577,0
21742,0
10220,0
49849,1
36061,0
14981,1
76691,1
91046,1
26399,1
62309,0
28581,1
34970,1
67206,0
10378,1
90093,0
64251,0
67354,0
26439,1
5354,0
91438,0
11871,0
61302,0
63105,0
79812,0
71415,1
86790,0
31475,0
27298,0
50253,0
27771,1
54429,0
59754,0
78758,0
49288,0
51413,1
7898,1
25042,1
68828,1
67713,1
64421,1
59595,1
12510,0
23812,0
85637,0
56564,1
28070,0
71221,1
47245,1
27675,1
90738,1
12778,1
72960,0
24434,0
22071,0
71810,0
85011,1
8781,0
102095,0
46693,0
1165,0
13932,1
27178,0
99569,1
79996,1
73345,0
2636,1
27496,1
37501,1
7971,1
57901,1
92787,1
67579,1
7001,0
86223,0
37681,0
92225,1
6942,0
50480,1
3172,0
66351,1
77095,0
38120,1
93070,1
46445,0
28584,0
72311,0
11598,1
81551,0
15683,1
49052,0
35083,0
12255,0
80867,0
22774,0
103429,0
22509,0
81360,0
43483,0
41356,0
92242,1
31589,0
74152,0
25716,1
13226,0
23563,1
80637,1
75181,0
32760,1
63866,0
61372,0
87791,1
96570,1
22917,0
60862,1
16066,1
102797,0
100282,1
8357,1
57459,0
91701,1
48457,0
9467,0
46883,0
96959,0
29159,0
37723,0
46401,0
92284,1
43328,1
5028,0
57377,0
61850,1
87733,1
5470,1
40050,1
77295,0
57690,0
89699,1
63365,1
46167,0
15456,1
90641,0
15960,0
12161,0
55654,0
25948,1
51507,0
2164,0
94812,0
21606,1
61671,0
49705,1
62820,0
104631,0
71242,1
92678,0
65007,1
82913,0
48784,1
91356,0
12887,0
57993,0
100648,0
71720,1
68738,1
11948,0
91299,0
74315,1
39258,0
50157,1
89710,1
71636,0
103227,0
18191,0
53666,1
40568,0
81881,0
57765,0
16644,0
41668,1
101237,0
99625,1
50163,0
8241,1
37753,0
34497,1
22755,1
40160,0
73978,0
96831,1
9901,0
85336,1
37407,0
62929,0
11137,0
48893,1
56461,1
51323,1
92839,1
57944,0
64726,1
23033,0
84586,1
98148,0
73696,1
45166,1
28114,1
64343,1
3493,0
19038,1
97051,1
44023,0
14371,0
22168,1
39227,0
34873,0
18824,0
100922,1
56453,1
40606,1
43066,0
9144,0
81141,0
60325,0
32150,0
54568,1
42640,0
34500,1
47818,1
18926,0
5874,0
74913,0
1218,1
52605,1
41341,1
66877,0
61160,1
45532,1
71709,0
17016,0
71467,0
67039,1
103240,0
20960,0
101804,1
90197,1
79851,1
49289,1
22846,1
76373,1
15977,0
8690,0
87958,1
38810,1
8027,0
26875,0
91751,0
94112,0
23960,1
15624,1
18465,0
74177,0
27039,0
62363,0
13868,0
42338,1
53480,0
69458,0
54525,0
20052,0
11150,0
81726,0
88263,1
38174,0
41823,0
45512,0
31172,0
54293,1
37773,0
47475,0
20665,0
4336,1
94764,0
55029,1
96189,0
58133,1
78750,1
45392,1
9958,0
28188,0
25125,0
59404,1
54249,0
16173,0
14523,0
26044,0
88206,0
30382,0
59366,1
75668,0
46106,0
59233,0
53788,1
100353,1
13819,0
59285,1
22901,1
59519,1
100949,0
3458,0
62024,0
57078,1
57004,1
98582,0
43313,1
69763,1
20227,0
15485,0
72823,1
68898,0
13451,0
72138,1
33373,0
85381,1
7618,0
72966,1
71489,1
40750,0
98266,0
8342,1
42304,0
15318,1
34141,1
10714,1
71526,1
10277,0
76560,1
71078,1
10031,1
42477,1
34506,1
1010,1
21571,1
16449,1
46552,0
45585,1
16476,1
15745,1
16561,0
37721,1
14574,0
60550,0
22670,1
78251,0
52560,0
34977,1
73225,0
43808,0
10745,0
99753,0
12548,1
2652,0
34662,0
104272,1
11949,1
79054,0
51819,1
21665,0
95455,0
48061,1
73082,0
87938,0
90506,0
4580,1
40091,0
86202,0
22646,1
36568,0
92202,0
98990,0
88916,1
10823,0
91480,1
48955,1
127,1
53831,0
35102,1
6494,1
99165,1
15143,0
1967,0
6588,0
73323,1
82603,0
90209,0
49656,1
102815,1
39160,1
25524,1
22738,1
75022,0
66059,1
66076,1
99317,0
4130,1
3795,1
48190,0
2750,0
47585,0
101106,1
5598,1
81893,0
96403,1
81988,1
2774,1
89239,1
7908,1
44206,1
77531,0
63947,0
16513,1
82855,1
85110,0
69929,1
102554,1
76688,1
53595,1
38275,1
78918,1
76160,0
1136,1
72954,0
64771,1
80357,1
91916,0
94811,0
29375,0
78134,1
12015,0
11009,1
57074,0
87324,1
59005,0
60661,0
82762,1
29998,0
63095,1
67552,1
74922,1
85551,0
77552,0
58527,0
48440,0
28170,1
104471,0
85708,0
81709,0
63333,0
88299,0
61320,0
77625,1
2835,1
98112,0
85964,1
48622,0
40173,1
11538,1
73916,1
82768,0
7885,1
63865,1
3069,0
73843,1
40436,0
7209,0
12490,0
68813,0
6676,0
43071,1
62661,0
15680,1
72857,0
51130,1
44562,1
39319,0
80207,1
90831,0
88108,1
52015,1
96492,1
72906,0
63620,1
6996,1
32578,1
78571,0
34677,0
34027,0
77759,0
711,1
69157,0
29535,0
27228,0
78205,0
46980,0
43044,0
54300,1
96381,1
72288,1
78762,0
61360,0
94522,1
67432,0
102172,0
101181,0
57977,1
80750,1
74337,1
31763,1
24203,0
86814,1
92022,0
69071,0
52635,1
79848,1
54234,0
71092,0
103029,1
46308,0
88434,0
59896,0
89908,1
56097,1
30983,0
54351,1
91622,1
33130,0
27351,0
6718,0
81992,1
48562,1
52736,1
10636,1
80466,1
14953,1
92019,0
11105,0
88370,1
807,0
8227,0
81307,1
32309,0
103852,0
7373,0
56691,1
61961,0
43564,1
41597,1
9763,0
6972,0
104116,1
67127,1
66502,0
76919,0
66149,0
54769,1
64524,1
41366,1
60554,0
67446,0
80913,1
48206,1
97040,1
46943,0
76419,0
14805,0
1953,1
92396,1
75064,1
31133,1
77871,1
73021,1
28207,0
77812,0
75278,1
14142,1
15888,0
83525,0
68347,0
45575,1
92245,1
85117,1
57824,0
74987,1
74848,0
17254,0
44611,0
78235,0
9053,1
35365,0
10119,0
96783,1
58729,0
99945,1
44220,0
97015,1
18092,1
44407,1
65026,1
18532,0
32424,0
75296,1
11584,0
89523,0
21877,1
40219,0
60234,0
45115,1
4835,0
43221,1
29561,0
43028,1
53708,0
43847,1
29027,0
25951,0
40874,1
73155,0
12179,1
99045,0
6377,0
90482,0
20923,1
29268,1
51328,0
28801,1
77912,0
54777,1
59084,0
58919,0
50082,0
8857,1
15351,0
86257,0
38680,0
22136,1
77052,1
2116,0
5251,1
42578,0
78980,0
12688,0
100469,0
41313,0
37945,1
41459,1
88264,1
62785,1
60709,1
16332,1
17085,0
97754,0
57857,1
3582,0
27704,1
89611,0
94813,0
65002,1
74644,1
93416,1
46915,0
41868,1
75990,0
49852,1
70947,1
33171,1
61892,1
40159,1
12825,0
96699,0
80309,0
1858,1
16765,1
19559,0
3993,1
40194,1
68039,1
80983,0
72019,0
16030,1
39989,0
104095,0
73053,1
862,1
76439,0
58703,1
47742,1
100721,0
2602,1
70554,0
14866,0
74878,0
85352,0
28379,1
101218,1
76810,0
80649,1
20421,1
56439,0
43275,1
18784,0
19420,1
101792,1
83868,0
33022,1
53494,1
38441,0
17226,0
80966,1
18081,0
95520,1
53330,1
85747,1
23935,0
33293,1
89727,0
30591,0
13486,1
69990,0
42041,0
3919,0
46243,0
17268,1
61321,0
40523,0
99519,1
54716,1
92855,1
69884,0
22467,0
56357,1
47486,1
78873,1
20605,0
11558,1
71147,1
10954,0
29435,1
46916,0
42786,0
53455,0
89205,1
89838,0
21998,0
77651,0
20245,1
56017,1
36908,1
9995,1
81697,0
52255,1
73268,0
66843,0
39328,1
5917,1
31344,1
3433,0
82006,1
68991,1
14944,0
84214,0
84152,0
91814,1
47007,0
64921,1
40826,1
18379,1
13401,0
64755,1
35707,1
46406,1
34798,1
63735,1
40082,0
42024,0
95238,0
24324,0
26708,1
56583,1
26234,1
98097,0
10051,0
30518,1
62111,1
94871,1
64538,0
28262,0
20353,0
47656,1
49543,1
97325,1
101373,1
18909,0
90105,0
16716,1
29779,1
87890,0
83559,0
18069,1
14590,0
12233,1
55178,1
62248,0
50007,0
34813,1
95153,0
78800,0
22994,0
90793,1
11476,1
74729,0
73519,0
72034,1
53052,0
7841,0
39232,0
90222,0
82643,1
83943,0
23561,1
38358,0
68977,1
101745,1
66483,0
75537,1
43426,1
43714,0
57393,0
80778,1
16907,0
30469,1
47377,0
28179,0
93200,0
102626,1
86064,0
49474,1
71400,0
52816,0
48669,0
32883,0
85055,0
5780,0
52009,0
87295,0
22151,1
72300,0
17071,1
33334,0
15800,0
54766,1
26803,1
80244,1
24790,1
71620,1
57738,1
29148,1
45239,1
1776,0
93032,0
6407,1
18999,0
82788,0
100713,0
101366,0
38145,0
45805,0
12476,0
96077,1
80089,0
8676,1
68550,1
57319,1
11559,0
88322,0
37056,1
36780,0
16451,1
77336,0
98783,0
45752,1
24045,1
30570,1
47902,0
22316,1
52337,1
16147,1
15820,0
6222,1
51890,0
74079,0
10149,1
1006,1
48303,1
23643,1
4498,1
13503,0
21209,1
52559,1
33314,0
84935,1
36602,0
21648,0
25294,0
87356,0
59687,1
2349,1
62303,0
18218,1
55364,1
71453,1
55700,1
21675,1
19776,0
50746,0
33325,1
53244,0
82607,0
40970,1
90666,1
12493,1
13607,0
27252,1
104682,1
27436,1
98951,1
37732,0
102465,0
23136,0
82853,1
63388,0
32313,0
78950,0
25791,1
1672,1
27995,1
8177,1
26087,0
58022,0
28041,0
52553,1
6469,0
39182,1
55394,1
8701,1
8399,1
34980,1
8238,1
37903,1
53721,0
79141,0
57531,1
89978,0
87129,1
65982,1
67240,1
101527,0
68270,0
32792,1
33411,0
4483,1
28007,0
53578,1
70706,0
49061,0
61675,1
6792,0
46486,1
17977,1
77592,1
44110,0
49531,1
19881,1
103979,0
82153,1
21070,1
4281,0
93865,1
33418,1
86925,1
64905,1
38765,0
77326,1
90896,0
60819,0
104361,0
19200,0
6833,0
51870,0
58338,1
47984,0
89164,1
14840,1
70054,0
98877,0
44446,1
97806,1
80840,0
82492,0
26630,1
71907,1
12569,0
1172,0
11668,1
66222,0
19120,1
24599,0
103755,0
34017,0
33713,0
30509,0
84872,0
9226,0
22926,1
95736,1
14881,0
33642,0
47049,1
27491,1
32841,0
103531,0
30257,1
55940,1
24712,0
48287,1
80998,1
60177,1
31530,1
16961,0
73169,0
38088,0
12432,1
38225,0
59895,0
17807,0
53506,0
38179,1
26638,0
27323,1
4770,1
65900,0
44039,0
90521,1
47447,1
60990,0
12627,1
73242,0
86006,1
100712,0
29769,1
78193,0
32840,0
79750,1
76056,1
71722,0
16254,0
25615,1
21579,0
54936,0
5931,0
87598,1
56562,1
92854,0
2916,0
51526,0
59774,1
17841,1
49076,0
866,1
34258,1
20170,0
31011,1
47319,1
93292,1
33558,1
82673,0
34418,0
61970,0
44744,1
103439,1
99061,0
54440,0
5023,1
73543,0
43021,1
9726,1
2660,1
1860,1
48314,1
71786,1
64479,0
32538,1
28069,0
35859,1
7623,0
22009,1
10411,1
24654,1
40090,1
28208,1
32895,0
8638,1
91881,1
21442,0
66792,0
59648,0
9422,1
16887,0
50602,1
40447,1
7638,1
13035,1
64970,1
63822,0
18839,1
85115,0
90024,1
68064,0
6945,0
47933,1
13935,0
68041,0
23583,0
23146,1
47625,1
58004,0
93485,1
32659,0
52508,1
80620,1
27991,0
20928,1
19622,0
17576,1
985,0
100643,0
25776,1
99244,0
34366,0
45413,1
24083,0
43931,1
13623,0
1225,1
49112,0
45678,1
81006,1
62928,1
87051,0
93819,1
62961,1
48249,0
59804,1
99300,0
19074,0
85505,1
48775,1
100775,1
101899,1
72657,1
86498,1
39653,0
62421,0
77363,1
23020,1
100331,0
67214,0
101989,1
55120,1
29112,0
68914,1
6045,0
29621,0
9207,1
375,1
27863,0
52276,1
48250,1
84036,1
86103,0
56942,1
82782,0
69904,1
104122,0
91639,0
100325,1
52557,1
45949,0
11196,0
26789,1
46310,1
45472,0
14553,1
34574,0
86252,0
25354,1
64455,0
5321,0
48260,1
67348,1
101036,0
61882,1
88539,0
32690,1
9366,0
57277,0
57321,1
32069,1
75893,1
342,1
72370,1
79415,0
24482,0
94779,1
38889,1
48009,0
26826,1
25408,1
8300,1
63747,1
71159,1
11331,0
27463,1
72812,1
52823,1
61059,1
82044,0
10003,1
14201,1
64646,0
68440,0
92234,0
13992,0
99796,0
6639,1
63033,1
74654,0
6791,0
51687,1
33753,1
67500,1
19746,0
8569,1
99983,1
60584,0
9646,1
3244,1
24562,0
29666,1
34876,1
33799,0
48103,1
82221,1
79321,0
12674,0
31631,0
38444,1
31148,1
66802,1
102052,0
8035,0
22266,1
68339,0
88783,0
46402,1
79675,1
97313,1
93901,1
30644,1
93438,1
32737,0
11617,1
73540,0
65873,1
7728,1
811,1
35499,1
27311,1
45877,1
98796,1
76506,0
55846,0
27805,1
80604,1
86975,0
28769,0
75057,0
78970,0
61732,0
20979,1
3711,1
69824,1
43168,1
61341,0
58070,0
75013,1
100846,1
53262,0
85888,0
27410,1
53415,0
8194,1
91186,1
55220,1
28991,0
9824,1
37894,0
44369,1
91233,0
44007,1
34016,0
48391,1
83971,0
92546,0
67352,0
45353,1
98612,0
33810,0
14225,1
57115,0
88218,1
71699,0
77316,0
68246,1
12395,1
77886,0
81040,0
58648,0
59522,0
50160,0
43347,1
6208,1
49166,1
19710,0
84453,1
83502,1
31308,0
11533,1
19644,1
26903,1
95840,0
83396,0
79261,1
29883,1
38912,1
54559,0
98039,0
77187,1
1546,0
51133,0
89299,1
25526,1
97439,1
53419,0
7577,1
16712,0
73656,0
99804,0
70692,1
87416,1
24084,1
48257,1
81344,0
15184,1
36461,1
50085,1
84929,1
75938,1
69048,0
84769,0
55331,1
51810,0
45090,1
63244,1
4063,1
20865,1
49088,1
46503,0
24316,1
78796,1
91131,0
75347,1
8863,0
20294,0
30008,1
9916,0
89082,0
94266,0
14480,1
38893,0
38773,1
428,0
19957,1
96769,0
101826,1
19899,1
42381,1
25692,0
66865,0
15396,0
15797,0
25049,0
74580,1
95338,0
70173,1
23502,0
97907,1
9030,0
75531,0
15755,1
55718,1
79816,1
60699,1
49149,1
46123,1
41076,0
37920,0
87057,1
26264,1
51727,1
61909,0
93751,0
93713,1
74145,1
85677,0
37770,0
104096,1
85031,1
90928,1
5338,1
94823,1
50462,1
27903,1
92417,1
61733,1
100986,1
92914,1
63656,1
94915,0
95665,0
55218,1
62135,1
25127,0
35053,1
46225,0
36592,0
33769,0
9728,1
21176,1
94157,0
54808,0
17382,0
3475,1
11462,0
92631,1
41551,0
45060,1
7130,1
40625,0
47163,1
27415,1
76595,0
13509,1
11653,0
40130,0
39489,0
883,0
24705,1
102728,0
43899,1
8646,0
5557,1
3545,0
56002,0
35319,1
90692,1
9051,1
91780,1
26294,1
33976,0
19417,0
44027,0
58551,0
95812,1
73980,0
31599,1
65116,0
32634,0
83623,0
41461,0
39307,0
46748,0
43367,1
639,1
26116,0
37329,0
39433,1
51912,0
100656,0
26440,1
40031,0
56768,1
16736,0
92688,1
7085,1
58090,0
67333,1
57130,1
90199,0
37858,0
79718,1
15066,0
1822,0
78163,1
44212,1
34006,1
83929,0
35894,0
89188,0
71395,0
71389,1
8026,1
69409,0
11084,1
72979,1
4381,1
12739,0
31592,0
40648,1
68447,0
6415,1
13290,0
58993,0
14215,0
88644,0
25380,0
79487,0
35039,1
33360,1
65985,1
74890,1
14536,1
89749,1
6541,0
18210,0
24116,1
97265,0
35237,1
10048,1
90847,1
34689,0
16752,0
22399,0
18668,1
20695,0
45738,1
90004,0
43345,0
72641,1
79266,1
54010,1
24192,1
70480,1
5443,0
7149,0
62833,1
87802,1
74033,1
97835,1
13605,0
65910,1
26641,1
76370,1
20728,1
18159,1
25019,1
36234,0
45636,0
47470,0
8303,1
38232,0
86562,0
98364,0
94494,1
63380,0
103074,0
48613,1
55587,1
95284,1
43229,1
42462,0
67565,0
23779,0
15053,0
11690,1
51108,1
97921,0
2787,0
52752,0
42050,1
20520,1
91805,0
15646,0
57958,0
76736,0
24627,0
92039,0
50783,0
44112,1
3225,0
51302,1
23867,1
53614,1
319,1
78104,0
85372,1
75070,0
17216,1
11028,0
22810,1
44268,0
62159,1
50355,1
71615,0
58207,1
43437,1
4451,0
17653,0
91261,1
89216,0
29477,0
92299,0
22925,0
31649,0
11270,1
77772,0
80430,0
73270,0
85315,0
94196,0
49167,1
15421,1
23088,0
47030,1
81746,0
54361,0
7657,1
47519,0
89677,0
17470,1
47516,1
73071,1
77963,0
51415,1
89370,1
17983,1
22837,1
21844,0
44533,1
92415,0
28192,0
63337,1
46241,0
33067,1
17044,1
15338,1
52662,0
69685,1
47095,1
41541,0
89010,0
66367,1
28465,1
39923,1
61779,1
18796,0
50207,1
85950,1
8390,1
68755,0
27595,0
102307,0
31584,1
49079,1
11169,0
102930,1
91357,1
24924,1
34251,0
91873,0
84442,1
55949,1
98299,1
15029,1
36989,1
30553,0
46707,0
84089,1
42261,1
35538,0
11429,0
50902,0
75549,0
66371,0
54908,0
102601,0
27860,0
17906,1
70035,0
46283,0
67744,1
93880,1
67023,0
104104,0
51276,0
97461,0
62838,1
25523,1
101364,1
100840,0
57771,0
36370,1
31152,1
24309,1
28959,1
102674,0
32897,0
63122,0
38312,1
13118,1
86305,1
63413,0
63405,0
81966,0
65693,0
11840,1
85299,0
93715,1
26368,1
88011,1
88171,1
36890,1
59425,0
45991,0
5029,1
104813,0
67641,1
22851,1
21000,1
35513,1
81139,0
51883,0
59717,0
74102,1
18220,1
43107,0
259,0
103780,0
95133,0
10971,1
47396,1
27792,0
38382,0
18851,0
69988,0
77790,1
74650,0
17173,0
235,1
86593,0
65603,1
14817,0
7777,0
61020,1
76147,0
18916,1
15098,0
7102,0
15721,1
31869,1
28048,0
51378,1
21298,1
51722,0
65497,1
52977,1
64180,1
10481,1
42468,1
73201,1
28768,0
94906,0
61869,1
95772,1
86005,1
2081,0
49391,0
77866,0
24937,1
33726,1
37365,1
89884,0
32819,1
33556,0
56442,1
27008,0
32198,0
86991,1
94582,0
101160,1
87284,1
29655,0
76428,0
40603,1
103736,1
56467,0
10482,0
103438,0
94685,0
32850,1
43439,0
45194,0
68727,1
32415,0
16053,1
55268,0
48104,0
98950,1
20343,0
5430,1
85007,1
89285,0
101168,0
77641,1
5130,0
104105,1
66997,1
86519,1
6468,1
35635,0
27468,1
92106,1
103805,1
55428,0
26062,1
920,0
79521,0
5567,1
20104,0
103019,1
83752,0
84749,1
88356,1
79356,1
75130,1
94922,0
84052,0
38390,1
71966,1
33811,1
78132,0
38600,0
48388,0
58763,0
72948,1
42079,0
62613,1
103217,1
22733,1
12280,1
56166,1
28228,1
85838,1
64942,0
62224,1
40099,0
95963,0
100738,1
66468,0
607,1
16484,0
6737,1
57182,0
95903,0
50609,1
42518,0
17357,0
40350,0
55568,0
42724,1
83642,1
69975,1
61260,0
7016,1
18561,1
83932,0
63005,1
41468,1
1669,0
74386,1
99709,1
16788,0
12453,1
73160,1
36652,1
18305,0
2431,0
9089,1
80123,0
32553,1
80251,0
50990,0
8675,0
64769,0
70719,0
60679,1
4901,1
38169,1
10362,0
92776,1
32260,1
90567,1
8552,0
95206,0
42755,1
10639,1
101198,0
22428,0
32843,1
25995,1
39894,0
66224,1
44084,1
15592,0
37669,0
53118,1
53574,0
96402,0
82691,0
57846,0
91954,0
88678,1
36400,1
5473,1
31590,1
82490,0
20060,0
41576,1
62563,0
1579,0
102358,0
38970,0
32286,0
97115,1
61418,1
51015,0
99115,1
24330,0
75652,1
69221,0
76151,1
98233,1
40265,0
95899,1
57844,1
54403,1
84641,0
64986,1
19101,1
87315,0
89347,1
92056,1
57144,0
81575,1
6438,1
97181,1
66962,0
2042,1
65621,1
28021,0
69191,1
63880,1
66516,1
103985,0
93789,0
97535,1
265,1
92468,0
34285,1
98898,0
63712,1
66283,0
94205,0
494,1
25331,1
2955,1
91991,0
63748,1
68146,0
98601,1
11667,1
24762,0
38796,1
11356,1
23503,1
55144,0
38520,0
85062,1
97305,0
910,0
56488,1
74697,1
21130,0
38833,1
89024,1
22129,0
2623,1
14106,1
29446,1
102745,1
89310,1
22221,1
41969,0
46940,0
99414,1
60762,0
48127,1
57097,0
30289,1
17702,0
83218,1
49793,0
84231,1
6788,0
18332,0
97705,0
35648,1
57163,0
104742,0
50614,1
1577,1
32341,0
97976,0
14134,0
22493,1
50591,0
51697,0
8185,1
76728,1
101969,0
3103,1
50502,1
101561,0
43029,1
10832,1
2439,1
42937,1
96006,1
104593,0
66409,0
32562,1
24214,0
59258,1
49314,1
11257,1
37356,1
99574,1
28,1
30947,0
21946,1
22795,0
94350,1
29958,0
4710,1
20744,1
6090,1
34413,1
59840,1
9836,0
69657,0
47380,0
3544,0
41820,1
49182,1
16204,1
22922,0
28369,1
64361,0
35067,0
40368,1
73598,0
67681,1
54813,0
81721,0
46520,0
96698,0
4622,1
103695,1
18970,0
14916,1
39808,1
58567,1
19280,0
2385,0
83609,1
67730,0
65918,1
83907,0
56167,1
18943,1
44650,0
94426,0
89393,0
43901,1
23527,1
77489,0
58404,0
45451,1
55867,0
70983,1
12515,1
6349,1
49729,1
38119,0
1137,0
67980,0
28632,0
78663,1
93014,0
92858,0
29626,0
101139,0
54134,0
73099,0
42058,0
80576,1
5277,1
18171,0
99839,1
6642,0
28690,1
2356,0
50710,1
28106,0
99938,1
12499,0
26712,0
61816,0
32112,0
15118,0
98711,0
36435,1
65410,0
21336,0
40515,1
21118,0
20808,1
45118,1
99451,0
68703,0
73548,0
67287,1
44649,0
79714,0
57767,1
3576,0
78529,0
41638,1
34819,1
86987,0
94408,1
34341,0
14449,1
86102,1
57409,1
50918,1
49614,0
21136,1
9177,1
25640,1
34969,1
68040,0
43820,0
27362,0
50552,1
88773,0
21773,0
65257,1
23509,1
52046,0
73502,1
19625,1
42081,0
30112,1
85932,0
828,0
22156,0
82447,0
41435,0
37435,0
48657,0
27015,0
70328,1
64070,0
62862,0
92550,0
86348,1
6953,1
66682,0
70528,0
33831,1
33808,1
83707,0
72309,0
5202,0
90816,0
20620,0
38006,1
100223,1
92638,0
91268,0
38302,1
98130,1
5403,0
41550,0
59801,0
57914,1
70880,1
29255,0
8292,0
94996,0
39799,1
104000,0
102778,0
94267,1
49691,1
1097,1
78059,0
58884,1
46799,1
40790,1
42720,1
31107,1
45861,1
15438,1
44052,1
29371,0
92433,0
42368,0
85114,0
7890,1
49597,0
907,0
102188,1
38787,1
92432,1
26954,0
48027,1
35124,0
25862,1
77098,1
39006,1
22140,1
35363,1
69951,1
40886,0
56487,1
48216,1
54923,1
18536,1
11151,0
81438,0
8133,1
4406,1
81149,0
54226,1
46364,0
80600,1
37828,0
81982,0
76579,1
82337,0
30740,1
59653,1
69021,0
56058,0
73443,1
23107,1
2813,1
92476,1
42585,1
69261,0
91163,0
21770,0
41927,1
61398,0
49249,1
70412,0
16679,1
23368,0
61346,1
28289,0
5671,1
81655,0
26632,0
13461,0
11344,1
29683,1
61616,0
67653,0
100877,1
10159,1
96202,0
93520,1
15783,0
82925,1
3609,0
19711,0
2946,1
12431,0
74031,0
75127,1
22833,0
33041,0
4789,0
36826,1
51127,1
53468,1
68695,0
76917,0
12760,0
74534,0
8770,1
70462,0
92988,0
22997,0
91394,1
79050,1
35380,1
60058,0
34044,1
36077,0
13438,1
32697,1
70824,0
34332,0
76643,0
45754,0
66764,0
77317,1
82142,1
4007,1
87597,0
60455,1
84173,1
7997,1
25621,0
86351,0
14132,0
77939,1
91269,0
84915,0
9107,1
2494,0
68678,1
96915,0
34795,0
26138,1
73186,0
64316,1
39863,1
44736,1
42922,1
73576,1
18530,0
57511,1
80177,1
88758,1
67077,1
60733,0
24689,0
39502,0
6502,0
34464,0
88446,1
16206,1
76186,1
100858,0
62952,1
93085,0
68677,0
98616,1
22208,0
19830,1
102518,0
74664,0
80296,1
19656,0
98174,1
64326,1
43797,1
101234,0
13303,1
33849,0
88262,0
92903,1
90608,1
86961,1
29939,1
79143,0
89208,1
47880,1
42364,0
26277,1
45597,1
13446,0
65003,1
28671,1
95183,0
93491,1
44639,0
32704,1
63148,1
66811,1
96693,1
20157,1
51162,1
62347,1
33257,0
99609,0
1945,0
100815,1
89362,1
86545,0
60842,0
66634,1
43362,0
43254,0
96866,0
35641,1
97631,1
67481,1
99327,1
3933,1
13258,1
24102,1
26784,1
87028,0
87961,1
82970,1
27365,1
39127,1
70154,1
69557,1
4149,1
11555,1
52430,0
14713,0
24250,1
30361,0
65039,1
7539,1
37049,1
91925,1
48413,0
16291,0
64291,1
70974,0
87033,0
47532,1
61247,0
25750,1
12539,0
56132,1
3653,0
33977,1
41573,0
51996,1
30278,0
64780,1
12292,1
29181,1
58144,0
47930,1
47385,1
83976,0
12999,0
95285,0
10987,0
31720,1
74470,0
40208,0
37761,1
18666,0
30255,0
74762,0
28466,1
86161,0
39567,1
18261,0
93973,0
80343,1
102595,1
64408,1
40288,0
56931,1
46722,0
85121,0
87924,0
41916,1
59388,1
15487,1
6499,1
49423,0
85992,1
95070,0
95424,0
72424,1
80762,0
20706,1
60061,0
79995,1
46825,0
22601,0
21643,1
40228,1
70390,0
88214,1
99039,1
89339,0
96826,1
65020,0
87133,0
81776,0
99781,1
53349,0
66221,1
25129,1
54404,1
2386,1
66064,0
21922,0
18279,0
88483,0
29017,0
69612,0
68596,1
67067,0
34423,1
285,1
52705,1
53823,0
58217,1
45553,0
33828,1
80928,0
39681,1
65195,1
102934,0
86172,0
10562,0
5399,1
84725,0
75247,0
95617,0
49482,1
82190,1
23736,1
52824,0
60969,0
42425,1
24766,1
41046,0
13669,0
64413,1
70674,0
38688,1
86604,1
65960,0
38334,0
74160,1
73462,0
78007,1
85216,1
6206,0
15319,0
103091,1
64985,0
38096,0
72475,0
42782,0
39278,0
13554,1
101845,0
27167,1
9454,1
37626,1
13153,0
73000,1
2143,0
75744,0
42545,1
77741,0
21918,1
22097,0
81519,0
59811,1
98675,1
27450,1
93718,0
20149,0
103176,0
95142,1
58887,0
1659,1
15380,1
93126,0
74416,0
68613,0
79991,0
90217,1
34452,1
88884,1
97598,0
89622,0
97572,0
24990,1
36286,1
62647,1
49645,1
42657,1
69537,1
42942,0
82372,1
33175,1
34982,0
23557,0
47391,0
32210,1
80015,1
62758,0
286,1
45993,0
19407,0
26694,1
45831,1
32471,0
55107,1
50895,0
11900,1
14360,0
84755,0
12191,0
86627,1
54303,1
32709,0
45374,1
14760,1
96749,0
90218,0
42210,0
102663,0
9293,1
67457,0
14210,1
4651,1
5887,0
28836,1
21354,0
7238,1
31305,1
101064,1
60447,0
29720,0
5494,1
2953,1
3115,0
49195,0
7,0
76545,1
59821,0
24471,1
66698,0
45873,0
95798,0
97553,1
42247,1
66903,1
14437,1
60253,0
13333,1
87641,1
70883,1
50688,0
1104,0
71047,1
36947,1
3400,1
71781,1
76433,0
78419,0
94326,1
82362,0
41613,1
82806,1
2793,0
47158,0
92679,1
82201,0
91433,0
10504,1
41443,0
50765,1
2268,1
45080,1
94101,0
60905,0
91227,0
27726,1
25826,1
36266,0
90307,1
60337,1
43292,1
44700,0
41600,0
95329,1
17838,1
5902,1
36732,1
7724,0
85384,1
8777,1
44132,1
19549,1
13872,0
40451,0
78536,0
79447,1
88963,1
71811,0
94153,0
48110,0
27256,1
31453,1
31057,1
2234,1
54612,1
22496,0
76389,0
72919,0
87410,1
67144,1
82777,0
88749,1
86917,1
77029,0
90963,1
74390,0
33160,0
10026,1
9628,1
29381,0
64657,1
77194,0
12120,0
11961,1
28881,1
56319,1
54595,1
12185,0
4257,0
51798,1
4183,1
58863,1
36373,0
13270,1
38815,1
74550,1
96027,0
4303,1
101337,1
99925,0
22028,0
49204,1
56457,1
37182,1
63552,1
80690,1
3489,0
25401,0
2759,1
19303,0
55553,1
28956,1
31924,1
69866,1
76028,1
75120,0
74046,1
43036,0
89276,0
38995,0
38087,1
85751,0
47205,1
2981,0
70712,0
21775,1
83912,1
63821,1
44854,1
71789,1
23173,0
70503,0
67263,0
29877,1
91053,1
82333,0
76074,0
7105,1
61350,1
36484,0
44370,1
9617,0
481,1
1727,1
4162,1
74114,1
3616,0
77186,0
7960,0
52895,1
41250,1
92717,1
50766,0
36507,1
17678,0
7649,1
104076,0
30304,1
92456,1
88134,1
67183,0
101866,1
63986,1
98819,1
27357,0
81928,0
17515,1
103223,0
75456,1
103447,0
3057,1
39943,1
94397,0
32008,0
89847,1
77528,1
4166,1
85592,0
16176,0
35979,1
37474,0
44293,1
40073,1
69907,1
102248,0
66494,0
7214,1
93066,0
67344,0
29531,1
47609,0
2126,0
35628,1
39678,1
5043,0
3326,1
58811,0
36891,0
56274,0
102043,0
81396,0
73056,1
4697,1
5228,0
43091,0
42046,0
89534,0
40282,0
92687,1
3006,0
27183,1
13701,0
80049,1
53974,1
25099,1
79349,1
92656,1
32712,0
73855,1
77173,0
6441,1
53964,0
75814,1
56734,1
51224,1
93963,0
64347,0
55419,0
45085,0
69308,0
77840,0
8848,1
69058,1
54966,1
22781,1
41594,0
68449,1
51550,1
61558,1
71252,0
1808,1
56508,1
39216,0
26766,0
62381,0
4723,1
9359,1
32119,0
92912,1
6932,1
41507,0
70303,1
83383,1
96904,1
15932,0
23816,1
102311,0
2992,1
60495,1
51838,1
91602,1
73840,1
50869,1
7263,0
86620,1
61849,1
82582,0
2358,0
97298,0
31101,0
49956,1
85936,1
55985,1
79272,0
10912,1
52285,1
88133,0
12570,1
35945,0
46909,1
81952,1
8153,1
46010,1
42269,0
33906,0
16163,0
87089,1
26991,1
85206,0
29019,1
79160,0
95793,1
79431,1
36974,1
70654,1
37751,1
6217,1
50737,0
5335,1
23525,1
34410,1
34168,0
78224,0
80358,0
70780,0
32272,1
48796,0
51624,0
87698,0
98119,1
17485,0
41355,1
164,0
81217,1
72547,0
68673,0
56479,1
54815,0
9316,0
92671,1
66260,0
64667,0
98005,0
43154,0
45387,1
34849,0
22048,1
65648,0
80346,0
78190,1
14686,1
96067,1
30119,1
47321,1
9054,1
101,0
14301,1
22045,1
33764,1
9678,0
30467,1
19860,1
20757,0
21635,1
45837,1
2408,1
74665,1
68362,0
52155,1
27497,0
38956,0
63238,0
60222,1
50243,1
10268,1
20776,1
81423,0
60480,1
98280,0
35644,1
30368,1
45271,1
36723,0
87893,0
17927,1
86148,1
62560,0
18998,0
73561,0
96226,1
60623,0
79979,1
80114,1
52181,1
41647,1
36019,0
91113,0
30848,0
75601,1
75214,0
46383,0
73432,0
52840,1
101320,1
77834,1
9760,1
62335,1
78523,1
61670,1
64500,1
23261,1
32340,0
56581,1
3533,0
14739,0
74245,0
42086,1
21576,0
88659,0
40493,0
85484,1
81849,1
78390,1
65685,0
10127,1
7772,0
9600,1
87076,1
88349,1
78338,1
38077,1
8199,1
83955,1
33236,1
66822,0
19127,1
3573,0
86026,0
57577,1
11493,1
31800,0
42139,0
8351,1
29819,0
78805,0
40231,1
85725,1
42529,1
52149,0
69321,1
5831,1
59824,1
86597,1
20584,0
8796,0
50506,0
13443,0
31436,1
23908,0
69849,0
53102,1
50158,0
21640,1
68382,1
81500,0
8789,0
60141,1
80113,0
88673,0
98857,0
77058,0
25652,1
70720,0
38579,0
89211,0
89785,0
62931,0
97049,0
50080,1
67148,1
103326,0
25724,1
97939,1
56998,0
33431,0
36658,0
39272,0
16363,1
80723,1
103359,0
73023,0
31473,1
78651,0
65194,1
96992,1
10788,1
49698,1
96291,1
58896,1
44163,0
12613,0
73383,0
53692,0
33614,1
2145,1
83025,0
14140,0
82632,1
5343,0
53250,0
103415,0
44520,0
94021,0
90387,0
4091,0
104049,0
92844,1
39490,0
77576,0
9602,1
10258,1
91183,0
56077,1
36685,0
85800,0
17002,0
8047,0
6514,0
26665,1
55302,0
59986,0
79568,1
62076,1
76362,1
1499,1
38125,0
32137,1
20837,1
49566,1
19392,0
15771,0
77711,1
75017,0
20477,0
99568,1
79796,0
20763,1
3082,1
2866,0
72319,1
29581,0
80381,1
82613,1
80943,0
48328,1
86402,0
290,0
30827,1
3963,1
94075,1
3291,0
34956,1
10469,1
22765,1
50897,0
82827,0
73245,0
54596,0
76138,0
57088,0
8924,1
71930,1
77642,0
3512,0
70502,1
20173,0
55880,1
99772,1
59481,1
95761,1
64115,0
9899,1
32493,1
14354,0
62655,0
72805,1
72384,1
42217,0
84820,1
94436,0
49148,1
24952,1
12243,0
64645,0
98089,0
16873,1
80581,1
26300,1
69693,1
87864,0
57195,1
4994,1
52926,0
65214,0
102158,0
41120,0
31658,1
36956,1
32027,0
62770,0
64903,0
47358,0
26010,0
50006,0
48506,0
98407,1
16782,1
42444,1
95172,0
9508,1
39427,0
89390,1
54690,0
9648,1
57534,1
44651,1
82836,1
3267,1
96267,0
102449,0
104404,1
91642,1
3895,1
51034,1
64751,0
9069,0
69935,0
11180,1
2006,1
89601,0
2084,1
41436,0
102044,0
97397,1
84369,0
102605,0
84871,1
5607,1
28333,1
46280,0
855,0
42019,1
75799,1
70139,1
57468,0
7438,1
24670,1
27055,0
28057,0
99486,0
59484,1
31751,1
21203,0
3513,0
693,0
12180,0
22120,0
38060,0
42866,1
35744,1
80736,1
96084,0
36436,1
2446,1
11556,1
22544,1
62677,1
24078,1
42051,1
99640,0
17611,1
27012,0
8937,0
81485,0
31139,1
92598,1
18064,0
77441,0
28279,1
8278,1
63254,1
59037,0
27870,1
5284,0
100208,0
57262,1
15273,1
67166,0
30265,1
92096,0
68250,0
39194,1
57894,0
50696,1
30989,1
19623,1
91052,1
95989,0
54253,1
4148,0
68134,0
21798,1
73899,0
50764,0
12680,1
64289,0
53240,0
14021,0
35230,0
1950,0
92720,0
35569,1
93771,0
36675,1
42441,1
72246,1
103522,1
74206,1
71435,0
93258,1
43696,1
38788,1
9386,1
36730,0
30106,1
17289,1
76220,0
76479,0
60283,0
146,1
58554,1
18719,0
20896,0
1477,1
86988,0
48592,1
50554,0
12664,1
71223,0
17193,1
94478,1
22017,1
89778,1
82952,0
4745,0
95863,1
96035,0
68986,0
36153,1
40685,1
76613,0
64473,1
55927,0
11047,0
20274,1
40089,0
13309,0
51119,1
37363,0
100672,0
76839,0
83824,1
29986,0
31271,1
104372,1
29252,1
17901,1
23029,0
50106,0
91718,0
102407,0
6001,0
59606,1
63724,0
8786,1
24736,1
20869,0
74866,0
102202,0
32118,1
37429,0
98641,1
2702,0
71118,1
78531,0
18578,0
62458,1
26670,0
6602,1
47130,1
31123,1
8001,0
5363,1
43566,1
850,1
49100,0
58344,0
41708,1
74283,0
3220,1
76141,0
81848,1
45141,0
46415,0
14219,1
8774,1
2007,1
59630,1
94066,1
50946,1
23347,1
28138,1
77634,0
37083,0
102022,0
95890,1
79213,1
26986,0
353,0
97011,1
31513,1
24585,1
60408,0
53790,0
7992,0
66306,1
77045,0
62212,1
57854,1
36612,1
47002,1
59569,1
51955,1
64608,0
94809,0
67905,0
56295,0
80267,1
24272,1
52483,0
92534,0
75626,1
10453,0
62290,1
33775,1
66591,1
21451,0
67843,1
71912,1
647,1
86266,1
43296,0
52033,0
31703,1
8182,0
82790,0
66200,0
16273,0
82321,0
85822,1
70203,1
79935,0
1972,0
65360,1
50780,1
64978,1
43738,1
48374,1
15605,0
89688,1
38639,1
90886,1
84627,0
69650,1
7850,1
57805,1
44815,0
33107,1
72181,0
20293,0
57685,0
24940,0
104290,0
7420,1
23536,1
95260,1
59783,0
43746,1
20661,0
73150,0
65167,0
25180,1
69095,0
28038,0
92152,0
7156,0
65372,0
20497,0
5695,1
102897,1
8679,0
1644,1
18603,1
17634,1
10267,1
83306,1
72637,1
53471,0
91123,1
39189,0
102130,1
39815,0
100633,0
60982,0
19996,1
58992,1
94119,1
69279,0
26246,0
68954,1
48809,0
64164,1
1465,0
33680,1
62502,1
92596,0
22743,1
90783,0
14835,0
2295,1
4839,0
27030,0
3635,1
20180,1
34531,0
37691,1
55486,0
88451,1
33537,1
36877,0
72358,1
33522,0
46189,1
59025,0
14432,1
33102,1
43850,0
82231,0
47979,1
87425,1
34978,0
73136,0
98304,0
41971,0
33835,1
11549,0
71062,0
60630,0
73009,0
95019,1
99266,1
39357,0
41100,0
55934,1
78438,0
43751,1
104264,0
93181,1
101908,0
81168,0
51045,1
709,0
41650,1
50924,1
68778,1
96543,0
18058,1
56958,1
42871,1
52721,1
84368,0
33981,0
44855,1
63595,1
54132,0
45163,1
21335,1
73425,0
99264,1
84436,1
3991,1
78786,0
29188,0
32180,1
52820,1
50009,0
88172,0
28977,1
66303,1
35223,1
82987,0
103609,0
23482,0
61159,1
26740,1
17154,0
80916,1
40220,1
74299,0
38084,0
51899,1
104694,0
71268,0
51994,1
19395,1
23712,1
41584,0
5576,1
99551,0
65801,0
95663,0
25789,0
26476,1
28161,0
36135,0
37151,1
13525,1
16506,0
81487,0
22736,1
57985,0
85094,1
25556,0
13860,1
81186,1
84001,0
101057,1
48324,1
26323,0
62349,0
85868,1
61167,1
6276,0
90141,0
40111,0
35048,0
79084,1
63878,0
25434,0
54972,1
53920,0
94709,0
39988,1
9361,0
65901,0
41470,0
65969,0
26761,0
88767,0
50968,1
31423,1
29528,1
92887,0
42169,0
59209,1
40370,0
75098,1
76881,1
88736,1
99922,1
79482,1
92134,1
98473,1
89952,0
22769,0
16924,0
64995,0
61773,1
55907,1
45619,0
85980,1
100637,0
86426,1
56648,1
52908,1
64694,0
20171,1
577,1
61472,0
50062,1
60055,1
51517,0
27743,0
74367,1
14050,1
86080,0
10121,0
41027,1
7627,1
45891,1
14653,0
7327,1
58787,1
2165,0
31996,0
82085,0
102318,0
20385,0
101639,0
19281,1
60313,1
87277,1
48063,1
70644,0
27277,1
95010,0
35685,0
90705,1
51356,1
64305,1
47346,0
7060,1
55698,0
57833,0
77927,1
34731,0
71010,0
9488,0
25555,1
72387,0
18133,1
47954,1
25769,0
81536,1
102110,0
59890,0
95966,1
83831,1
84473,1
7065,0
15480,1
62920,0
98404,1
78900,0
464,1
39024,1
15653,0
64493,0
13387,0
89899,0
19542,0
56087,0
32443,1
83022,1
27982,1
63639,0
82124,1
94546,0
93632,0
47455,1
101004,0
32889,0
34227,1
52904,0
64983,0
35909,0
78225,1
26840,1
24089,1
28184,1
43008,1
61261,0
97014,1
50215,1
84386,0
23970,1
19446,0
52125,0
84099,0
83118,0
71290,0
84378,1
96463,1
75272,0
1370,1
20447,1
68870,0
59156,0
69618,1
36668,0
41492,0
11591,1
85010,0
103644,0
34596,0
12623,0
99459,1
98144,1
29871,1
75491,1
24267,0
9482,0
43218,1
49776,0
80530,1
40740,1
35245,1
24730,1
38331,0
68257,1
71687,1
6504,1
42322,1
45263,1
48616,1
102875,1
15581,1
58662,0
40542,1
77369,0
6142,1
32729,0
38478,1
83913,0
41747,1
18384,1
21531,0
23255,0
35774,0
98944,0
42723,1
2510,1
89606,0
45796,0
30163,1
60735,0
100478,0
102464,1
56736,1
95951,0
4014,0
25914,1
66104,1
55687,1
97605,0
104459,0
85415,1
71549,0
10097,0
29385,1
104399,1
96858,0
61813,1
29204,1
19876,0
53620,0
8747,0
86795,1
103065,0
45012,0
2833,1
43914,1
68217,1
16321,1
53272,0
38293,0
100700,0
96454,0
53030,1
39944,1
35002,0
6922,1
100169,1
60031,1
32703,1
80932,1
45149,1
51647,0
81934,1
2502,1
85691,0
65527,1
52023,0
35329,1
23405,1
3844,0
103900,1
45131,1
80171,1
85258,1
91969,1
73557,1
12939,1
34681,0
7929,1
5818,1
90912,0
95982,1
2874,0
47328,1
92359,0
97977,1
1325,1
13048,1
6114,0
67027,1
28032,0
84133,1
103044,1
100414,0
55774,1
47809,0
28220,0
33872,1
10784,1
29100,0
48353,0
30152,1
17597,1
84084,0
89105,1
52846,1
59850,0
33846,0
19745,0
65688,0
29648,0
77814,1
57730,0
72609,0
91174,0
82418,0
3371,0
94979,1
27739,0
35731,1
12159,0
68882,0
14634,1
1233,1
35799,1
31957,1
17549,1
52362,1
38873,1
104200,1
59395,1
87497,1
63062,1
101378,1
53849,0
48530,0
64663,0
85458,1
24236,0
36412,1
4262,1
48883,1
12979,1
100026,1
50339,0
73396,1
54459,1
35899,0
82284,0
8473,0
18454,1
56636,0
96874,1
4727,0
52854,0
89094,0
64637,1
89747,1
46911,0
9270,0
26106,1
11434,0
95479,0
71938,1
37239,0
24985,1
40801,1
31632,1
83744,0
28619,0
66402,1
24302,0
67930,1
49111,0
86066,1
86363,1
97290,0
37374,0
95385,0
35658,0
45344,0
65920,0
67883,1
22574,1
95029,1
85732,1
76583,0
15082,0
53277,1
101831,1
21364,1
8999,0
27393,0
103220,1
99877,1
29995,1
44494,1
40928,0
94431,0
23492,1
71594,1
48953,0
100338,0
68390,1
60114,1
52119,1
30389,1
79075,0
91549,0
61394,1
87886,1
66976,0
21013,1
37025,0
24830,0
6422,1
39429,1
61783,1
865,1
101586,1
83154,1
103163,1
4296,1
17025,1
7196,0
2659,0
64307,0
87320,1
14172,1
88447,0
102081,0
17092,0
25852,1
11439,1
82955,0
70257,0
48829,1
31297,1
1335,1
43442,1
36909,1
98665,1
82087,1
42027,1
9804,1
68471,1
61007,0
33352,1
24644,1
17204,0
12908,1
35276,0
56477,1
88250,0
34276,1
71506,0
26808,1
20736,1
45839,0
59553,0
52788,1
95163,0
82122,0
55336,0
89155,0
31089,1
101526,0
73517,0
86818,0
57727,1
13828,0
17509,1
57945,1
35668,0
102009,0
68156,0
3219,1
104445,0
12059,0
26040,0
54113,0
55547,1
77396,1
50202,1
34203,0
60401,0
68782,0
25916,1
7596,1
66813,1
37623,0
28076,1
3080,0
94225,0
36262,1
79407,1
102214,1
93853,1
25794,0
65502,1
33942,0
1186,0
100160,1
39893,1
8775,1
95261,1
41611,0
37018,0
62028,0
65473,0
46483,1
38867,1
79931,0
29110,1
8125,1
76837,0
78469,1
92084,1
4199,1
64548,0
30658,1
30336,1
54294,1
49281,0
90518,0
80844,1
57698,1
85586,0
94201,1
4373,0
42897,1
9503,0
17048,1
67028,1
68462,1
98374,0
22986,1
25362,0
87255,1
58266,1
21155,1
11958,0
6403,0
41750,0
94004,0
43919,0
53406,1
4843,1
83284,0
81998,0
51321,0
3302,1
37286,1
67997,1
33627,1
79414,0
39725,1
44803,0
76250,0
50152,0
53098,1
33865,0
10802,1
56905,0
100265,0
30248,0
25920,1
29983,1
79837,0
24211,1
94867,0
66267,1
63140,0
28540,1
97992,0
49623,1
92511,1
30275,1
73912,1
44143,1
87072,0
96742,0
81222,1
70779,1
17249,0
43208,1
55434,0
94238,0
69177,1
65208,1
27189,1
52105,1
12819,1
15876,1
29544,0
20345,1
52305,0
70422,1
7396,1
97936,1
56038,0
35570,1
22995,1
39423,1
8408,0
94800,0
65051,1
9860,1
83884,0
84247,0
97920,0
1665,1
8435,1
65950,1
67327,0
41455,0
56376,0
56157,0
68944,1
97737,0
28312,1
36071,1
43650,1
51315,1
95048,1
62355,0
104330,0
73818,1
10353,0
56502,0
2075,0
78896,0
28589,0
40618,1
60097,1
21869,0
12753,0
91927,1
28967,1
79380,1
49187,1
48421,0
53080,1
85726,0
4561,1
51863,1
93385,0
77858,1
68321,0
65050,1
8939,1
85388,0
37475,1
72526,0
57424,0
90181,1
12513,1
94683,1
66173,1
52499,0
24884,1
95789,0
60388,1
99733,1
30177,0
8487,0
42446,1
4923,0
78621,0
57011,0
29593,1
37884,0
67359,0
44750,1
26455,0
16341,0
84863,1
32789,0
59335,0
69484,1
84138,0
83648,0
68555,0
100416,1
70489,0
46122,0
88161,0
12150,1
5617,0
79262,1
52755,0
32406,1
95344,0
3492,1
72516,1
84728,1
51424,0
90087,0
68656,0
80550,1
78180,0
30568,0
27752,0
90531,0
24618,1
25771,1
849,0
87208,0
17164,1
9578,0
72407,1
4579,0
90494,0
96114,0
53534,1
3979,1
55773,1
46231,0
72078,0
94765,0
26543,1
88119,0
52425,1
53459,1
104803,0
7230,0
67476,0
103717,0
46762,0
83433,0
30546,0
66310,1
43596,0
82756,1
67851,0
5972,0
35137,1
83443,0
30940,0
85328,0
24964,0
78223,1
9861,1
65600,0
51355,1
4854,1
68918,1
63970,1
10628,1
60233,0
88058,0
95245,1
6203,1
29650,1
65064,0
99771,1
54387,1
85053,0
102871,0
10403,0
64813,0
37004,1
24595,0
14327,1
67815,1
56767,1
37862,0
50144,1
59491,1
67387,0
61769,1
69938,1
29312,1
13074,1
12992,0
32971,1
80944,0
13439,0
72992,1
41947,0
84500,0
36085,1
101289,0
74942,1
79422,1
69122,0
40112,0
76885,0
93116,1
81159,1
101850,0
20197,1
53407,1
92733,1
14666,0
58878,1
48124,1
63147,0
73618,0
49569,0
56802,0
88501,1
83124,0
60262,0
49972,1
59618,0
69999,0
87536,1
58412,1
22638,1
48245,0
12602,1
12424,0
80501,0
36003,0
90658,0
28880,1
6062,1
42957,0
32381,1
21187,0
36275,1
42914,0
25659,0
8818,0
8127,1
45676,1
384,1
31793,0
94437,0
1298,0
94833,0
55872,0
38707,1
77769,1
84372,1
49903,1
92377,1
21492,1
48813,0
87471,0
11902,1
57786,1
19010,0
68226,1
36910,0
31532,0
101706,0
68140,0
73878,1
23765,1
20749,0
98378,1
103221,0
15141,0
4125,1
5869,1
57835,1
86039,0
41144,0
55495,1
34682,1
21714,0
80982,1
37564,1
92712,0
16358,1
102109,0
90404,1
28217,0
8276,1
60788,1
62559,1
91692,1
74480,1
68612,0
1544,0
34749,0
28508,0
35331,1
49273,1
73963,0
33385,0
47389,1
34955,1
94132,0
37872,0
4964,1
79782,0
63610,0
99989,0
55753,0
56073,0
28525,1
102260,1
35010,0
58110,1
48305,1
54672,0
62357,1
21145,0
42358,0
104209,0
16545,1
53937,0
25246,1
40971,1
21400,0
66205,1
21549,0
13243,0
91694,1
5150,1
11015,1
99051,1
34446,1
76422,1
101069,0
88714,0
14591,0
45355,1
59994,1
42589,1
69289,0
51923,0
93323,1
10402,0
56924,0
60676,1
13085,0
98294,0
48727,0
72421,0
96242,0
9045,1
21857,1
64722,1
45843,0
27761,0
41625,1
26797,0
53278,1
77119,1
42197,1
44211,0
23431,1
51734,0
68318,1
60758,0
90039,1
102970,1
23822,1
35824,1
91428,0
26103,1
41758,1
25364,1
90060,1
1044,0
56311,1
19099,1
43728,1
43403,1
100104,0
28895,0
55557,1
27987,1
12586,1
61047,0
20083,0
58681,1
56117,0
102843,0
41640,1
102277,1
51245,1
20469,1
76519,0
62397,1
14506,1
36005,1
50324,1
5398,0
92591,1
77672,0
16831,0
4556,1
31639,0
32995,1
14077,0
81762,0
89843,0
71003,0
68857,0
48447,0
47891,0
73079,1
49250,0
49354,0
2292,0
67036,0
98945,0
19842,0
62884,1
93805,0
65292,0
76814,1
16109,0
26067,1
37525,0
58405,0
29270,0
32294,0
24103,0
63153,0
12053,1
10535,1
53845,0
51780,0
45565,0
23898,0
81507,1
40975,1
86568,1
47654,1
94804,1
66835,0
24831,1
73074,1
34244,1
22114,0
93469,0
34962,1
94545,1
1157,1
82327,0
58203,1
10456,0
71272,0
71654,0
22205,0
78826,1
8273,1
66576,1
17322,0
58864,0
2739,0
51965,1
42232,0
104449,0
73837,1
89207,0
82938,1
71973,1
5472,1
55705,1
31966,0
36540,1
76469,1
84960,0
36528,0
825,1
59908,0
30788,0
86922,0
103696,1
62201,0
89148,0
88248,1
24485,1
7715,1
92135,1
33473,1
66757,1
87239,1
21447,0
1917,0
2229,0
73858,0
14147,0
52621,0
60672,1
67264,1
98880,1
43670,1
44580,0
61973,1
87027,0
15006,0
79387,1
45223,1
60136,1
69325,1
41064,1
39873,0
6525,1
62671,1
36476,1
88952,0
10650,1
42706,0
67272,1
53305,1
34246,0
58190,1
14398,0
86929,1
13574,0
84673,0
26059,0
91877,1
73923,1
64277,0
22859,1
94549,1
3420,1
86572,0
2324,0
70296,1
98689,1
39251,1
4360,1
98514,1
103254,1
101232,0
1415,0
75919,0
94540,1
43876,1
14429,0
11651,1
56672,1
66136,1
87354,1
82668,0
69226,0
7536,0
12856,0
55036,1
75554,0
93199,0
9742,1
51636,1
37674,0
45006,1
65439,1
78231,0
4729,1
54752,1
53450,0
56121,1
60166,0
63092,0
76903,1
99941,0
2019,0
27440,0
100107,0
59985,0
64641,0
65184,1
92403,0
72523,0
55611,0
22875,0
81767,1
54151,0
17275,0
85432,0
83250,0
59043,1
28086,1
24822,0
38197,1
92869,0
68834,0
95148,0
94547,1
24558,0
28450,0
29259,1
43798,1
86085,0
12266,0
97658,0
16881,0
85222,1
84987,1
84470,0
1933,0
6765,1
101148,1
56423,0
7197,1
78416,0
60897,0
85667,1
32161,1
83654,1
68167,1
45503,0
103276,0
12527,1
60409,1
31037,1
4588,0
73733,0
52250,1
42973,1
52776,1
68581,0
104021,1
100799,1
46321,0
50344,1
20098,0
85396,0
52648,0
71597,0
45748,0
21429,0
35145,0
12507,1
78407,1
103566,0
53417,0
53432,0
87695,0
31556,0
93871,1
57352,1
90043,0
61780,1
65634,0
19133,1
18908,0
35649,0
16973,1
40991,0
43246,0
80749,0
18739,0
100650,1
60230,1
36807,0
3412,1
21064,1
1567,1
25369,1
45067,1
57295,1
100714,1
94145,0
67871,0
9362,0
60628,0
84804,1
17159,1
83765,0
5304,0
23932,1
292,1
95875,0
94342,0
74300,1
13170,1
27939,1
87946,0
99544,0
10614,1
70776,0
6883,0
24443,0
11399,1
33395,0
96736,1
58784,0
98291,1
73370,1
73087,1
22036,0
53967,1
36562,1
82703,1
23998,1
90536,1
35838,1
53156,1
79525,0
9745,0
16560,1
40518,1
81747,1
7330,1
4326,1
92822,0
26374,1
50489,0
83554,0
34313,1
67101,1
87195,0
65490,1
4251,1
23281,0
82167,1
92125,0
45662,0
76144,0
75093,0
26488,0
81926,1
64097,1
6862,1
104164,1
4525,0
78258,1
4969,1
59198,0
16875,0
676,1
70008,1
43568,1
36571,1
19201,1
22464,0
63749,1
72104,1
74699,1
70330,0
53489,0
52829,1
18742,1
74540,1
61217,0
5690,0
37779,0
20207,1
86714,0
35788,0
43693,1
23760,0
94760,0
89476,0
94691,1
3934,1
55121,0
93399,0
91749,0
39973,0
22379,1
35129,1
33033,1
49750,1
35060,1
83806,1
31121,1
40144,1
75191,1
6574,0
96231,1
92538,1
31256,1
42659,1
78221,1
7935,0
98991,0
44923,1
64564,1
82137,0
99022,0
10348,1
44883,0
99358,1
14831,0
60707,0
63588,1
70020,0
12320,1
77818,0
79255,1
53780,1
59767,0
43415,1
16149,1
74976,1
84101,1
29166,0
42305,1
85349,1
9794,0
62056,1
102299,1
92867,1
54314,0
74585,0
6132,1
103953,1
60840,0
100573,0
62568,1
42489,0
81902,0
101470,1
73298,0
31848,0
49695,0
14682,1
90503,0
34287,1
85127,1
39025,1
84989,1
576,1
30659,1
67456,1
13670,0
93812,0
67733,1
19889,0
49220,1
56023,0
77180,1
39092,0
46619,1
7220,0
57363,0
94659,1
81512,0
19307,1
32246,1
25859,1
81309,0
91228,0
8564,0
48400,1
9937,0
55034,0
9642,1
87520,1
76748,0
7842,1
86644,1
27118,1
2570,1
27225,0
22289,0
89200,0
86405,0
57159,0
34150,1
70356,1
66999,0
59936,1
3639,1
52221,1
85788,1
69614,1
41538,0
37950,1
72652,0
98100,0
92743,1
41547,1
21811,1
47669,1
4798,1
94710,1
30938,1
87369,1
74982,1
92107,1
26000,0
90152,1
68372,0
24659,1
54063,1
62576,0
3520,0
27647,1
58536,0
34910,0
25502,1
95140,0
27469,1
97687,1
7743,0
97595,0
67670,0
73731,0
90850,0
74355,1
100032,0
19992,1
54456,1
76411,1
29229,1
5569,1
65541,0
7721,1
56871,1
8017,0
88459,1
26491,1
4803,1
14930,1
74333,1
71947,0
85792,0
12414,0
61775,0
98024,1
90859,0
32573,1
62282,0
60786,1
82640,1
91426,1
89223,1
12463,0
89450,1
42993,0
69106,1
83407,0
52957,1
90976,1
83217,0
19357,0
103899,0
93699,1
92537,0
82714,0
45672,1
49702,0
78298,1
65893,1
25662,1
26259,0
19205,1
82330,1
97908,0
104505,1
53035,0
41894,1
70304,0
35470,0
41510,0
17580,0
68969,1
90638,0
65571,1
12917,0
99763,1
93948,0
100059,0
56723,1
32274,0
90807,0
28460,0
26616,0
13039,1
24196,0
60076,0
23142,0
29088,1
20901,1
34057,0
29261,0
28792,0
94524,1
90716,1
91846,0
54713,0
93121,0
102649,0
35205,1
50197,1
82968,0
65755,1
103754,0
93795,0
10992,0
39937,1
83876,1
11832,1
22107,0
93006,1
31810,0
69586,1
34103,1
70882,0
4414,1
26065,0
98971,0
83453,1
32250,1
103508,1
34468,0
56763,0
64065,0
94368,1
96571,0
48317,0
52286,0
11505,1
55971,1
104170,0
16543,0
49944,0
81563,0
82545,1
15892,0
76480,1
17622,0
59011,1
26953,1
28095,1
55858,1
4340,1
3456,1
81382,1
85093,0
102016,0
67003,0
76674,0
853,0
96944,1
63162,1
31454,0
103977,1
2507,1
27656,1
86953,1
33147,1
61605,0
23420,0
55181,0
38405,1
88706,0
100018,0
50248,1
51982,1
9909,1
58396,0
88685,0
9524,1
14192,0
90020,0
42514,0
23316,0
31745,0
33048,1
68189,0
82050,1
7886,1
56977,0
25593,0
21128,1
74401,1
91088,1
47428,0
80980,0
75164,1
15064,0
92235,1
23075,1
14391,0
19693,1
35413,1
74144,1
46488,0
48423,0
44684,1
96617,0
77179,1
79588,0
81034,0
64879,0
59534,0
26367,1
75865,0
8648,0
46859,0
69702,1
43349,0
51835,0
82644,1
79672,0
57856,0
72411,1
21470,1
80732,1
92013,1
26474,1
9935,1
62296,1
24023,0
84164,0
63398,0
32928,1
81164,1
58249,0
5487,1
61975,0
81900,0
45811,0
30372,1
42119,1
104042,1
44121,0
40949,0
94396,1
14959,0
13862,1
89192,1
22633,1
65940,0
25091,1
69277,0
102888,1
50721,1
23458,1
5716,0
74666,1
92706,0
58052,1
11325,1
62375,1
84787,1
69944,0
82677,0
11608,1
6913,0
56353,1
60747,0
39284,0
11359,0
37400,0
69231,1
74232,1
85335,1
69950,1
33005,1
63725,0
70566,0
18683,0
22482,1
24087,0
71018,0
63990,1
78546,0
26419,0
88346,1
20754,0
57680,1
38231,0
94956,0
57318,0
75617,1
29249,0
10930,0
91500,1
96297,0
31115,0
30359,1
2087,0
101014,1
34353,0
12089,0
76417,0
75106,1
17954,0
33928,0
18181,0
56800,1
50110,0
13689,1
100449,0
43373,1
55505,1
7634,0
21750,0
55320,1
102344,1
97641,1
2085,1
59249,0
98602,1
55668,0
104765,0
1090,0
83177,1
50732,1
71470,0
72395,0
93680,1
44375,0
11332,0
82145,1
98458,1
83959,0
86971,0
91822,0
14674,0
95538,0
11276,1
40759,1
5212,0
51581,0
59502,0
7541,0
78650,1
92008,0
49115,1
97779,1
51187,0
71126,1
83005,0
104214,1
17300,1
32948,0
69522,0
16667,0
58020,1
99321,0
20492,1
73947,0
48337,0
56798,0
14392,1
90279,1
44335,0
87674,0
77415,0
78526,0
52323,0
1796,1
93067,1
31269,0
78774,1
37472,1
15336,0
74313,0
80523,0
7342,0
88997,1
24692,0
25535,1
60497,1
90846,1
40186,1
19835,0
40395,1
1079,1
57874,0
55355,0
77513,1
47943,0
23721,0
94376,0
74452,0
43912,0
76733,0
41643,0
31279,1
67158,0
43513,1
44413,0
19122,1
94206,0
88915,1
76127,1
17410,0
69647,0
74945,1
35287,1
65742,1
26916,0
74710,0
15996,1
5179,1
77007,0
47602,0
2723,1
69656,0
24733,0
103790,0
103940,0
55817,1
9572,0
84584,1
36166,1
10728,0
28352,1
40841,1
41855,0
44849,1
48939,1
96308,1
45931,1
6604,1
57847,1
86511,0
101288,1
58222,1
56416,1
95389,0
94054,1
30646,1
3178,1
63466,1
103107,0
84050,1
67990,1
34422,1
57875,0
49077,0
97542,1
8456,0
35547,0
93816,0
9779,1
90129,0
22751,0
47301,1
13261,1
63864,0
6368,1
3773,0
24229,0
86648,1
48266,1
27621,0
42478,0
56364,1
65712,1
83367,1
54399,0
68953,1
82957,0
46329,1
27839,1
76392,1
7746,1
84249,1
78660,1
4264,0
80971,1
67977,0
38636,0
1520,1
8663,0
81024,1
49396,1
44330,1
77621,0
32985,0
100587,0
29388,1
60731,1
100375,0
3826,1
80975,1
82280,0
31610,1
46336,0
98982,0
98541,0
98226,0
17998,1
96222,1
19643,1
19416,0
815,0
18642,1
59742,0
37135,1
42530,1
66274,1
93791,0
61091,0
71106,0
46830,1
9716,1
103595,1
75274,1
55288,1
37266,0
33098,0
98556,0
71021,0
39981,0
58484,0
14190,1
62965,1
13853,1
87727,0
15433,0
9295,0
63181,0
12017,1
59932,0
2345,0
30181,0
8985,0
59333,0
33101,1
76698,0
20582,0
80660,0
25278,0
35211,1
38265,1
46077,0
81263,0
47719,1
74593,0
85354,1
90596,0
49074,0
86858,1
72742,0
44885,0
48058,1
18716,1
8537,1
26335,0
69018,0
101924,0
29187,0
18954,1
99176,0
62714,1
29340,1
25440,0
48840,0
22455,0
73230,1
86182,0
81845,1
101918,0
78281,1
73343,0
63395,0
21477,1
38063,1
86077,0
83684,0
2604,0
31757,1
43741,1
75587,1
66321,1
94317,1
33061,1
55573,1
49830,0
50417,0
9822,0
99144,1
45423,1
29456,1
95692,0
33255,0
47433,0
12143,1
31099,0
8920,1
17181,1
10477,0
65560,1
22577,1
38876,0
43854,1
9792,0
37696,1
93586,1
35860,1
96474,0
71567,1
74617,0
64424,0
42089,0
49395,0
71543,0
8760,1
56147,0
47562,0
62049,1
59983,0
59785,1
31796,1
11235,0
33536,1
35781,1
94724,0
30299,0
52329,0
64317,0
72607,1
83152,0
47038,0
35808,0
9017,0
13112,0
68459,1
71917,1
70157,1
8375,0
93626,0
2315,1
85150,0
21346,0
82850,0
20531,1
33791,1
84348,0
41620,1
53095,0
81450,1
69556,0
47938,1
9238,0
103416,0
8629,1
39104,1
64399,1
26814,1
98018,0
78387,0
86810,0
50678,1
41813,0
80077,0
68198,0
9060,0
42100,1
92046,1
98650,1
64989,0
28258,0
79885,0
8462,1
102495,0
69525,1
22405,0
25143,0
49379,0
69246,1
103015,1
42306,0
43400,1
90956,0
19609,0
63922,0
1618,1
98232,1
25604,1
39708,0
26592,1
68799,1
104532,1
51696,0
76225,1
28030,0
18039,1
6235,1
77688,0
70923,0
68542,1
5415,1
79802,0
79145,1
1919,1
23849,1
58439,0
89275,0
96028,1
73389,1
97946,0
99057,0
81140,1
4446,0
64089,0
15890,0
51558,1
38641,1
97645,1
68996,0
46361,1
37213,0
9479,0
13259,0
77805,0
44183,1
72656,0
13959,0
15398,0
84283,1
86828,0
20108,0
81429,0
19124,0
28240,0
24455,0
100073,0
69167,0
63903,1
2738,1
16024,0
98566,1
30807,1
47444,0
33297,0
23596,1
32013,0
87907,1
33636,1
101098,0
9024,0
81978,0
29755,1
12078,0
12902,0
14259,0
87491,1
53543,0
34378,1
14493,0
945,1
94078,1
3152,0
16212,1
102153,1
56047,0
89352,0
52531,0
97875,1
44171,1
2627,1
59069,1
28498,0
52622,0
14242,1
29600,0
53901,1
15716,0
18356,1
61274,1
93597,0
88605,1
56341,1
32679,1
19460,1
76427,0
34024,0
18307,1
89544,1
6744,1
15751,0
63847,0
55114,1
72264,0
102945,0
31780,0
98064,0
71298,0
47798,1
97361,0
103858,0
40623,1
36067,1
67012,1
53006,1
57425,1
31105,1
86483,1
97801,0
54184,0
40969,0
84620,0
64625,1
91974,1
73487,0
98276,0
73297,1
85802,1
23150,1
104208,0
89652,1
67057,0
10656,0
68573,0
25144,1
89961,1
58790,1
66271,0
76920,0
79196,0
51125,1
39285,1
52201,0
21862,1
96264,1
47907,0
20411,1
6418,0
102596,0
80417,1
72762,0
54581,1
102829,1
15655,1
4636,1
82951,1
72489,0
11384,1
65070,1
2040,1
67133,0
56444,0
75465,1
87820,1
53867,0
54170,1
62468,0
33911,1
62007,0
32621,0
81138,1
85473,1
30362,1
795,0
52962,1
83379,0
51076,0
45498,0
14679,0
7989,0
61692,1
41202,1
26269,0
38798,0
40064,1
44246,1
38584,1
45608,1
1571,0
100413,1
86200,1
56153,1
69398,0
104204,1
30466,1
50496,1
70891,0
56151,0
72286,1
34068,0
24976,0
30603,0
37384,0
21175,0
19308,1
104032,0
13552,1
97546,0
25686,0
73164,0
45511,0
56762,1
81571,1
24883,0
24524,0
11826,1
71212,0
33039,1
12774,0
103991,1
98,1
34664,1
21596,1
61153,0
89487,0
76646,1
29548,1
26726,0
78566,0
26316,0
56248,1
77087,1
87447,1
15222,0
77380,0
36922,1
47426,1
69465,0
30654,0
32793,1
52368,0
52862,1
50257,1
29441,0
85855,0
71784,1
48432,0
87829,0
92976,1
44224,1
102502,1
58172,0
59509,1
103691,1
6382,0
60285,1
47583,1
1094,0
43777,0
35652,0
79877,0
99376,1
94782,1
15630,1
87307,1
70886,0
84339,1
58862,1
21883,1
25626,0
62610,1
69490,1
25435,1
58107,0
23675,1
60592,0
47915,0
15692,1
38923,0
85680,1
87617,1
75318,1
35118,0
74532,1
5509,0
77944,0
57822,0
104638,0
46204,1
51854,1
72510,1
26458,0
27580,0
35267,1
40430,1
74906,1
85894,1
89410,1
31300,1
34680,1
101972,0
15536,0
15914,0
102286,1
56478,1
38000,1
43285,1
78194,1
59302,0
86861,0
94191,1
696,1
1472,0
50420,0
27670,0
46442,1
25975,1
5417,1
97713,0
70630,1
75135,1
47204,0
77193,1
85014,1
74702,1
13791,0
28306,0
93690,0
34669,1
40675,0
85723,1
50672,1
25715,0
104597,0
6566,0
1167,1
89090,0
17053,0
51529,0
39223,0
41096,0
90736,0
17872,0
89930,0
35751,0
47688,1
82227,0
24655,1
4886,1
29041,1
76234,0
60179,1
94031,0
95855,1
70411,1
79734,0
33482,1
68909,0
98313,1
63086,1
78631,1
2390,0
3892,0
41828,0
89618,1
64609,0
82604,0
15007,0
28736,0
5057,0
70529,0
100807,0
97403,0
102200,1
98158,1
54701,0
25688,0
43920,1
43272,0
71719,0
28811,0
95809,1
76134,0
31285,1
77639,1
53934,1
84710,0
19087,0
100489,1
950,0
64084,1
77922,1
74509,0
82055,0
13523,0
48901,0
82471,0
100081,1
61646,1
73833,1
37061,0
11062,0
3607,0
5706,0
81051,1
59493,1
97789,0
26861,0
83567,1
14431,0
39171,1
25981,0
38027,0
61801,1
101026,1
84868,1
96759,0
48793,1
36125,1
40741,1
26328,1
26686,1
1710,0
94963,1
20715,1
89237,0
64891,1
25227,1
78550,1
60082,1
53342,0
21716,0
65126,0
85389,1
68791,1
115,1
17843,1
24528,0
86886,1
69679,0
102297,0
70723,1
102944,1
28984,1
36561,1
56504,1
78576,0
59552,1
39651,1
91768,1
61843,0
28308,1
82102,0
72233,0
95456,1
33920,1
19972,1
20597,0
85475,1
1340,0
80729,0
98478,0
7262,1
6074,1
20547,0
89337,0
45640,1
63090,0
88135,0
70822,1
84430,1
65649,0
7504,1
14738,0
65719,1
10024,1
18635,1
89603,1
100510,0
81364,0
29860,1
72706,0
84870,1
6671,0
101496,1
37831,1
82053,0
84067,1
63933,0
39837,0
43763,0
19843,0
31126,0
101280,1
55610,1
87783,0
92428,1
104662,0
64387,0
35892,0
30268,0
55342,1
67658,0
95975,0
64773,0
54687,1
70684,0
58186,0
64204,0
58814,0
58235,0
61959,1
96610,1
98600,1
78314,0
55645,1
35046,0
12518,1
24986,1
92185,0
83564,0
32701,1
11714,0
66019,0
100657,1
78902,1
91573,1
57192,0
32856,0
10425,1
82992,0
81036,0
6814,0
42291,0
39833,1
19283,1
95919,0
18785,1
97879,1
75754,0
71554,0
13748,1
87989,1
21769,0
55255,1
37029,0
8420,1
19243,1
92770,0
89863,0
90704,0
90054,1
77610,1
25701,0
33275,0
63673,1
16654,1
7217,0
92425,1
58341,1
95474,0
49860,1
26235,1
63256,1
74434,0
70926,1
87885,1
25140,1
63229,1
81975,1
94954,0
30214,0
20387,1
16984,1
103777,1
91696,0
60605,0
66907,0
18686,1
69066,0
41348,0
60438,1
79031,0
50252,1
103408,1
56810,0
84385,0
82484,1
26996,1
47707,1
57346,1
44767,1
29909,1
13485,1
90007,0
11927,1
385,1
60771,0
46614,0
56632,0
49654,1
77586,1
24444,1
52893,1
20287,1
62354,1
42128,1
100894,1
79440,1
21968,0
46792,0
19223,0
55719,0
37380,1
27880,1
90564,0
46328,0
79505,1
73007,1
39478,0
31466,0
89130,1
6369,0
58754,1
18736,0
73982,0
26465,1
7121,0
44238,1
33880,1
19562,0
70898,1
21901,1
12045,0
35026,0
97067,0
74294,1
15784,0
62839,1
66071,0
22407,1
95243,0
8329,0
88395,1
79659,0
4487,1
97300,0
36615,1
23110,1
48035,1
69547,1
38822,1
40071,1
54910,0
60588,0
42384,1
72144,1
36337,0
2924,1
8281,0
64519,0
28958,1
97545,1
100704,1
34179,0
24121,1
101450,1
31820,0
67540,0
18605,0
100415,1
98483,1
27217,0
99050,1
64761,0
59887,0
80991,0
52393,1
10396,1
57814,0
25182,0
42590,0
75706,0
57145,0
7687,1
66208,0
41641,0
96360,0
34186,1
80395,0
93976,0
7066,1
80743,1
40327,1
10194,1
69599,0
74695,0
32807,1
58402,1
60381,1
24101,1
36087,1
79779,1
22780,1
15116,0
72563,1
60796,0
45034,1
41085,0
44763,0
10506,1
84257,0
40041,0
96947,1
64904,1
58149,1
3100,0
12635,1
64731,0
44793,0
58582,0
18966,1
19428,1
76948,1
14575,0
4623,1
64748,1
18647,1
20745,0
93681,0
64318,0
96276,0
79459,1
98200,1
64847,0
95277,1
96751,0
45538,0
70558,0
70679,1
40990,0
55470,1
51749,0
57885,1
6834,0
39023,0
57670,1
67376,1
61022,0
87839,1
95558,1
21011,0
15162,0
62259,0
72108,0
10302,1
17455,0
65127,0
74786,0
28411,1
32245,0
97236,0
60071,1
94080,1
18049,0
98115,0
39052,1
93046,0
46858,0
58084,1
52875,0
45009,1
74179,1
88596,1
101488,1
24215,0
62279,0
2618,0
30630,0
16893,1
81286,1
96870,0
51713,1
38053,0
50513,1
41351,1
88136,1
91121,1
95188,0
62172,1
103747,1
14636,1
4241,0
9707,1
94621,0
34096,1
33553,1
12278,1
63173,1
18046,1
32839,1
78359,0
12980,0
79310,0
31797,1
96581,0
59214,0
26485,0
59373,0
73972,1
53270,1
69188,0
92850,0
28151,1
30804,1
71421,1
28558,1
64253,1
4464,0
23412,1
52645,1
6758,0
7469,0
12951,1
91169,1
434,0
45976,1
37805,0
88848,1
12918,0
41689,0
72037,0
100136,0
12798,0
48539,0
46923,0
28355,0
22880,0
70359,1
61635,1
69433,1
101466,0
12927,0
75914,1
88967,0
18757,1
8341,0
70945,0
85172,1
30799,0
17319,1
50633,1
62280,1
77312,1
10417,1
31204,1
22686,1
63938,0
7575,1
321,0
49669,1
48204,1
63896,1
16903,0
75199,1
100212,0
63614,1
86030,1
86504,1
20099,0
57790,0
30437,1
12305,0
21706,1
76065,0
30803,0
79221,0
96071,0
93711,0
36638,1
493,1
75821,0
73521,1
59159,0
92434,0
48424,1
72590,1
16040,1
15609,1
13007,0
81358,1
46254,1
104163,1
40772,1
33040,0
924,1
104707,0
59769,0
10872,0
47796,0
1475,1
71625,1
61809,0
10208,0
88731,1
30349,0
97937,1
56912,1
87752,0
42442,1
76719,1
87143,1
79399,1
83342,0
95310,1
50891,1
92136,1
31320,0
25142,1
98295,0
27073,0
58095,0
40461,0
91940,0
29559,1
81654,1
89696,0
58152,0
22789,1
37275,1
84501,1
39266,0
61212,1
101180,0
74701,1
86167,1
63755,0
6183,1
82598,1
66349,0
79039,1
55643,1
10523,0
5835,0
40987,0
49866,0
42867,0
98466,1
22135,0
14937,0
35120,0
20978,1
103229,1
37541,1
56497,0
6497,0
48995,0
92676,0
12220,1
5898,0
74894,1
3613,0
24859,1
76502,0
27026,1
23654,0
12358,1
81972,1
6854,0
96815,1
85329,0
15070,0
16954,0
11732,1
83270,0
98813,1
30286,0
27247,0
64195,1
69214,1
83450,0
61674,0
96091,0
47110,1
78085,1
30824,1
36588,0
93446,1
23589,1
69703,1
30216,1
84697,0
57750,0
71955,0
71432,1
70743,1
18944,0
80793,1
100871,1
49233,1
63412,1
21456,0
62314,0
69520,0
19743,1
879,0
10397,1
91817,1
59894,0
98778,1
25052,1
31565,1
16943,1
53988,0
59963,1
64494,0
87579,0
47424,0
30806,1
2862,0
26880,0
18869,0
64957,0
43976,1
20984,1
93506,1
13282,1
66608,1
69646,0
23090,1
18996,1
68809,0
60042,0
63777,1
29501,0
67534,1
54667,1
41798,1
8753,1
9010,0
33508,0
22133,0
21227,1
67780,1
20762,0
85996,0
66984,0
83446,1
6029,1
24602,0
65274,1
91575,1
14551,0
21748,1
75929,1
59623,0
91173,0
100892,1
50354,1
37767,1
100962,1
88646,0
103249,1
103064,1
11255,1
92255,0
3816,1
86118,0
28887,0
75038,1
19650,0
9568,1
32641,1
80569,0
95598,1
103698,1
69965,0
49528,0
62794,1
74189,0
59089,0
18266,0
34299,0
21846,0
15975,1
83789,0
83849,0
18959,0
64021,1
36367,0
102065,0
84535,0
52532,1
67049,1
95969,0
34524,0
72333,0
95747,1
44618,1
12932,1
28667,1
50683,0
80757,0
85951,0
77999,1
8566,0
100161,0
22365,0
47194,0
95674,0
52507,0
96559,0
51223,1
82964,0
88708,0
97966,1
48059,0
81301,1
37485,0
10460,0
85272,1
101562,1
67629,1
22857,0
50890,0
27986,1
4664,1
8755,1
91886,1
98334,0
41628,0
7245,0
41988,1
49073,0
22735,1
87392,1
53513,0
57488,1
14858,1
83037,1
81146,0
48379,0
92311,1
104848,0
98728,1
2732,1
82491,0
31078,0
12950,0
93682,1
1691,0
40613,0
9592,1
98692,0
701,1
17522,1
70077,0
61226,1
38438,1
97126,0
60470,0
70079,0
8371,0
29638,1
101256,0
97903,0
184,1
12055,1
5341,0
44764,0
57638,0
84809,1
15107,0
208,1
37343,1
37516,1
94795,1
88037,0
58308,0
61571,1
24571,0
95326,0
83236,1
71900,0
103765,1
36016,1
55717,0
69094,1
15557,0
10167,1
59949,0
92731,0
54702,1
88996,0
74685,0
51465,1
72160,1
48559,0
50380,1
42479,1
94943,1
51077,1
36551,1
29961,0
93654,0
66308,0
23788,1
60458,0
27287,0
102232,0
46152,1
17125,0
9514,1
79922,1
59264,1
44349,1
74498,1
99501,0
85613,0
44089,1
67766,0
32323,1
85949,1
10036,1
1843,1
47239,0
70583,1
18566,1
71635,0
36889,0
26267,1
57131,1
102803,1
22211,1
48915,0
50219,1
96513,1
73448,0
17248,1
92383,0
29452,1
40284,0
47101,1
9057,1
94713,0
28528,1
70666,0
56026,1
27836,1
52344,1
2864,1
68030,1
31110,1
46075,0
98403,1
95505,1
37607,0
80076,0
34465,1
80052,0
69802,0
57075,0
95573,0
62687,1
70493,0
103302,0
52164,1
65752,0
30511,0
10580,0
23275,0
11228,1
40556,0
58305,0
19926,1
93251,1
32006,1
72868,0
77981,0
22756,1
69790,1
80792,1
37296,0
63670,0
13246,1
39332,1
39914,0
49222,0
20570,0
79453,0
43159,1
42559,0
27938,1
16068,0
21738,1
30853,1
66381,1
69792,1
56119,0
53409,0
35132,1
59872,0
3043,0
53546,1
35692,0
40666,1
59664,0
96475,0
24413,1
89725,0
5408,0
5995,0
13787,0
80687,0
26856,1
79678,0
87875,1
95562,1
1361,1
63316,0
51449,1
96473,0
30063,0
44706,1
1959,1
32434,0
84828,0
15569,0
42656,1
93766,1
72679,0
88159,1
28960,0
75385,0
39303,1
787,0
40364,0
73400,1
96688,1
21589,0
5091,0
57190,0
34540,0
100183,0
76616,0
20331,1
58443,0
56318,0
58276,1
15649,0
87604,1
104121,1
99261,0
61665,1
83360,0
1911,1
33900,0
37512,0
68912,0
49211,1
54219,1
41378,0
21755,0
97726,1
103401,0
18831,1
69162,0
77732,0
28718,0
30180,0
57895,0
37593,1
7164,1
35151,0
68579,1
13255,0
91593,0
30312,0
52278,0
87711,0
83198,0
53046,0
102910,0
40324,0
41526,0
34220,0
417,0
72190,0
4626,1
47724,0
77865,1
71382,1
86840,0
77279,1
4514,0
72418,1
44075,0
82066,0
11567,0
89574,1
59503,1
63241,1
42653,1
63397,0
55174,0
52123,0
93891,1
36547,0
75187,1
80594,0
84061,0
59825,0
74260,1
61253,1
56090,0
67332,0
10421,1
42803,1
68776,0
27471,1
15105,0
75065,0
12924,0
96214,1
46096,0
33684,1
90151,0
6958,0
28099,1
18481,1
50281,0
81144,0
64356,0
95652,0
20281,0
69169,1
72817,1
8202,1
39442,1
75557,1
12428,0
30832,0
87835,1
14969,1
95824,0
51543,0
53010,1
81173,1
23204,0
40353,1
14171,1
90908,1
3710,0
81700,0
29079,0
79099,1
70778,0
466,1
39214,1
47838,1
23471,1
84491,1
15206,0
60232,0
90752,0
15838,1
8471,0
62046,0
54971,0
36546,1
37682,0
43057,1
8592,0
83470,0
83832,0
1913,0
70872,1
74773,0
10016,0
60618,1
20539,1
97061,1
60064,0
78790,0
57388,1
58181,1
1207,1
103208,0
46989,0
69482,0
61063,0
35910,0
26974,1
57001,0
13527,1
66931,0
75420,1
765,1
78967,0
33738,1
50910,1
47589,0
90111,1
84107,0
55150,1
20670,1
49490,1
14439,1
3586,1
60311,0
62424,0
17942,0
17947,0
10941,1
28288,0
35767,0
62882,0
101839,0
68557,0
76526,1
85071,0
59161,0
62529,0
22478,1
64397,1
42168,1
85845,1
35777,1
83883,1
14121,0
34401,1
40712,1
87614,1
30984,1
39933,1
44355,1
39752,1
71872,1
12544,1
96151,0
11068,1
95708,0
98220,1
30345,0
22613,0
84269,0
26447,1
3153,0
66938,0
18105,1
40419,1
89646,0
651,1
66998,1
14086,1
42532,1
34070,0
35666,1
23495,1
103591,0
10939,0
82943,0
207,0
83984,1
96017,0
16503,1
94423,1
11026,0
10266,1
73831,0
70101,0
103130,0
43430,0
82888,1
63164,1
66697,0
70777,0
58629,1
39225,0
12231,1
25406,0
17937,1
16442,1
92905,1
54864,1
90332,0
19629,1
93525,0
83332,1
40914,1
96163,1
87780,1
60972,0
6589,0
57803,0
340,1
17881,0
92575,0
62806,0
4847,1
53381,1
32497,1
25703,1
51630,0
78331,0
63976,0
79319,0
32336,0
76981,1
86350,0
45390,0
99576,0
99759,0
25796,1
99735,0
98207,1
71074,1
96237,1
69852,1
87900,1
75592,0
82713,1
60951,1
72447,0
73188,1
45132,0
54652,1
82445,1
3808,1
55583,1
85661,0
39105,0
63591,0
17798,0
93472,1
49466,1
48656,0
59022,1
84246,0
58687,0
20255,1
36397,0
101743,1
56338,0
69970,0
63781,1
18979,1
21605,1
54222,0
29575,1
41383,1
28274,1
80359,1
32549,0
55168,1
104143,1
39620,1
95922,0
17158,0
70677,0
64324,1
34175,1
3706,1
30627,1
66952,1
17294,1
40580,0
57222,1
73827,1
101513,1
51626,1
9027,1
44568,0
91599,1
90511,0
47348,1
49587,0
24533,0
98464,1
64226,0
6629,1
151,1
82996,1
20516,1
12152,0
2674,1
47830,1
24781,0
64379,1
40009,0
83967,0
20774,1
62924,1
104206,1
79056,0
50525,1
47813,1
10287,1
24598,0
51958,0
37216,0
99905,1
78188,1
31827,1
79955,1
7830,0
27453,0
84364,0
25233,1
84444,1
10583,1
9715,1
57654,0
101522,0
79939,0
91760,1
90774,0
74184,1
17349,1
74413,0
66957,0
101600,0
92027,1
28642,0
69968,1
74669,1
50035,1
28156,0
12803,1
91225,1
30059,1
71412,1
27735,0
5046,1
10323,1
37561,0
8814,0
7405,1
49880,1
56275,1
30316,0
60773,1
91403,1
30650,0
94280,0
43225,1
28760,1
99271,0
65732,0
37043,1
103464,1
71243,0
22903,1
80481,1
54754,0
94993,1
91914,0
37449,1
6802,0
67265,0
48527,1
62106,0
42639,0
24117,1
100198,1
68400,1
9403,1
71141,1
69521,1
44313,1
37771,0
39668,0
78032,1
17302,1
80717,1
52382,0
54783,0
49401,1
84858,0
6828,0
88405,1
7844,0
26544,0
63834,0
24541,1
89157,1
32029,1
10134,0
18676,0
32197,0
34018,1
74433,0
94152,0
14368,1
78367,0
9431,0
1562,0
63102,0
43392,1
93444,1
23021,0
86566,1
79120,1
18189,0
78222,0
45016,0
4370,0
80855,1
90320,1
95580,0
84,1
30741,1
77970,1
11995,0
69626,1
54196,1
67174,1
46550,1
18278,0
28318,0
24011,0
92826,0
22902,0
9129,1
38418,1
102334,0
22552,1
37552,1
67971,0
76350,1
27653,0
69774,1
52137,0
81366,1
96495,1
40044,1
97431,0
90936,1
60176,1
68089,1
38521,1
27648,1
3107,1
86101,1
35993,1
97340,0
90720,1
100482,0
61170,1
101432,1
89358,0
97037,0
16936,1
31740,0
18378,1
59520,0
64522,0
83933,0
43364,1
44995,0
60149,1
39655,0
15274,0
10303,0
65670,1
86368,0
63146,1
3977,1
66420,1
54448,1
25428,0
52244,0
28478,1
75787,0
104173,1
39838,1
12936,1
86216,0
62422,1
58697,1
58205,1
98214,1
65638,0
29251,1
57968,1
29940,1
16862,1
74389,0
80889,0
21900,0
43204,1
44672,1
24136,0
86744,0
40624,0
43574,1
82927,1
13643,1
9198,1
54433,1
75332,1
38805,1
18349,1
94592,0
25592,1
61092,1
7529,1
70501,1
75382,0
47738,0
91247,1
86722,0
93723,1
9139,0
29608,0
85938,0
43774,1
75742,1
21766,1
84798,0
39610,0
19747,0
56401,0
51290,0
66941,1
2597,0
53033,1
17232,0
51172,0
101669,1
30802,0
100048,0
85663,1
44748,1
27430,1
56854,0
83173,0
63857,0
31069,1
70117,0
101103,1
18858,1
62029,0
1859,1
55484,1
22385,0
83852,1
23991,0
1928,1
58234,1
102284,0
1844,0
76240,0
62614,1
21073,0
53890,1
48024,1
73877,0
87112,0
95301,0
60406,0
95494,0
22286,1
89067,0
54995,0
3335,0
100035,1
94160,0
52725,1
59645,1
23498,1
95530,0
63120,0
33424,1
72524,0
45202,0
31534,1
50629,1
50656,0
36810,1
13150,1
58655,1
69773,1
46275,1
85577,1
81954,0
63053,1
7940,0
65746,0
75778,1
48697,1
60220,1
93923,0
65374,1
79767,1
74138,0
51269,1
32333,1
71004,0
92848,0
63535,1
76626,0
57510,0
12419,1
2099,1
66774,1
79494,1
37802,1
104630,0
83778,1
62741,1
58522,1
61650,1
47229,0
55468,0
3957,0
102395,0
6342,1
64261,1
102850,1
42290,0
57150,1
18641,0
84252,0
21728,1
37684,1
1336,1
14064,1
26644,0
47629,0
82871,0
50273,1
86230,1
67155,1
96158,1
38277,1
73587,1
104477,0
83044,0
78908,1
54032,0
2550,0
94411,1
70949,1
33284,1
82815,0
93726,0
1886,0
28867,1
96670,0
84117,0
56703,1
79646,1
104499,1
20188,1
48525,0
78587,0
75988,1
17417,0
17293,1
74696,1
76497,0
59337,0
14774,0
34460,1
94331,1
42658,1
84841,0
2026,1
32873,1
7350,1
78021,1
34406,0
69674,1
47864,0
11526,0
9562,0
60898,0
33590,0
87218,1
48152,1
79828,0
33123,0
57764,0
81836,0
4141,0
13415,0
96972,0
67746,1
70975,1
33265,1
55019,0
79291,1
56152,0
38721,1
37100,1
89599,1
82494,1
68729,0
978,1
43055,0
57184,1
94859,0
41247,0
66922,1
16238,1
38697,1
92344,1
27278,1
85434,1
56570,1
56048,1
67185,1
76809,1
50168,0
11237,0
14355,0
52269,0
99288,1
57189,0
689,0
79083,0
4583,1
7376,1
13919,0
64274,0
65248,0
11374,0
716,0
27911,1
93952,0
18937,1
90376,0
65534,1
72401,1
80935,0
18409,0
26275,1
99956,1
43665,0
12906,0
91821,0
48338,1
57953,0
23354,0
75720,1
30072,1
35100,1
25285,0
60878,0
38786,0
70395,0
89824,0
51395,1
22668,1
88799,0
28857,0
82264,1
104566,0
102268,0
36524,0
83773,1
76087,1
66826,1
104540,1
67225,0
55980,1
97253,1
104635,0
47563,1
73380,1
11817,1
18781,1
103228,1
14548,1
25334,0
10604,1
98147,0
57515,0
88328,0
42705,0
34077,1
25815,1
40252,1
46085,0
24375,0
25969,0
75209,0
916,1
27151,1
72519,0
73157,0
43898,1
80302,0
1161,1
68795,0
34322,1
2490,0
60062,1
81039,0
100920,0
46158,1
90033,0
53825,1
58296,0
20668,1
17284,1
24191,0
40891,1
33580,1
74926,0
66603,0
58886,0
102798,0
7709,1
44348,0
30203,0
73792,0
25427,1
93612,1
99138,0
87119,1
45721,0
35550,0
2830,1
34816,0
55307,0
64201,0
90948,0
9692,0
82300,0
73119,1
67772,0
82373,0
68955,1
47059,1
77032,1
57752,0
56807,1
58015,0
32728,0
40923,1
60030,1
24581,0
99537,1
14905,0
6158,1
18600,1
8634,0
84528,1
55293,1
4927,0
48486,1
5809,0
84581,0
55447,1
2286,1
38013,1
92863,0
15004,1
99646,1
41671,1
61981,1
6986,1
89465,0
17272,0
79371,1
12916,0
27843,1
91629,0
47677,0
26014,0
8870,1
55732,0
42975,0
38047,1
45580,0
39283,0
28022,1
8486,1
69315,1
56019,1
40583,0
94625,1
25154,1
9420,1
74359,1
13960,1
41924,0
97407,0
76391,0
82525,1
87584,1
85260,1
56823,0
61921,0
75850,1
96592,1
24063,1
5548,1
71000,1
53174,0
8288,0
83041,0
19964,0
97597,1
65,0
98248,1
69282,0
97668,0
29742,1
86270,0
75144,0
10672,1
49428,1
85735,1
103710,0
68638,0
2148,0
48914,0
86772,1
65011,0
45624,0
54858,0
104088,1
99775,0
62132,0
87812,0
75479,1
104490,1
83298,1
103744,0
382,0
17250,0
85036,0
1923,0
36565,0
96131,0
20289,0
65429,0
89644,0
55456,1
98108,1
33043,0
91519,1
31606,1
84505,0
12555,1
14938,1
25132,0
93468,0
102835,0
46653,1
15023,1
66096,0
49234,0
39960,0
42844,0
40829,1
56997,0
100191,1
59136,1
18212,1
43928,1
16486,0
83464,0
85376,1
6302,0
103412,1
29318,0
54263,1
45466,1
72761,0
57678,0
30912,1
69610,0
57242,1
85364,0
78095,0
47072,0
66583,0
87401,1
27551,1
92067,0
10478,1
14453,0
77012,1
31640,0
60548,1
6627,1
58820,0
58365,1
2348,1
60798,1
100816,1
93494,0
104741,1
67176,1
31538,0
37172,0
98894,1
99936,1
32194,0
50680,0
59488,0
83545,0
88789,0
56342,1
71601,0
85669,0
3840,0
86069,0
103909,1
82037,0
55475,0
449,0
90062,0
56712,0
64797,1
89876,0
96184,1
87213,0
63720,1
23839,1
22696,0
68294,0
38017,0
39864,1
92329,0
46387,1
51400,1
26240,1
61233,0
28596,1
78055,0
93271,1
68280,1
7261,1
7732,1
100749,1
1582,0
54551,0
35720,1
3813,0
26584,1
97358,0
97675,0
100355,1
43589,0
13809,0
50032,0
45576,0
16355,1
54004,1
56158,1
4333,1
48479,1
34763,0
3146,1
40804,1
70559,1
43760,1
89011,0
64768,1
89364,0
94037,1
78626,0
38622,0
11271,0
79147,0
23134,0
24311,0
37649,1
38533,0
94025,0
90669,1
47223,1
37317,0
39304,1
93633,0
17353,1
11431,1
15733,1
63075,1
28586,1
64582,0
38718,1
48817,0
74243,0
76450,1
592,1
42348,1
26144,1
15884,0
54342,1
88943,0
46578,0
71914,1
95051,1
55516,1
14221,0
33075,1
21634,1
67195,0
9773,1
2768,1
41863,0
82462,0
87732,1
12813,1
29762,1
98298,0
18522,1
77931,1
15503,1
96260,1
20454,1
54941,1
91841,1
56710,1
89649,0
43372,0
21496,0
32018,1
49257,1
37108,0
82873,0
88203,1
87100,1
19466,0
72985,1
86093,1
16252,0
16742,0
27145,1
4059,1
31849,1
50234,1
30749,0
100185,0
95888,0
25924,0
8372,1
2630,0
10437,1
26039,1
49101,0
46636,0
57500,1
77064,0
58516,1
81352,0
31000,0
32140,0
67698,1
72092,0
92672,0
26140,1
59280,0
67650,0
61306,1
13038,1
76378,1
5929,1
83364,0
40551,1
17909,1
36220,1
54681,0
53222,0
63508,1
63016,0
45098,0
3741,0
40356,0
72228,1
83009,1
18651,0
23823,1
93401,0
50870,0
66528,1
88323,0
92179,0
75288,0
4720,1
78341,1
37722,0
32292,1
89165,0
82075,1
102197,1
66892,1
86684,0
97223,0
61482,0
55838,1
53875,1
92909,0
28471,1
86010,0
104652,1
72115,0
38173,0
25753,1
45960,1
31713,1
25084,1
16894,1
14252,1
4441,1
52295,0
24499,0
81905,1
9554,0
9253,1
17756,1
22201,0
36913,0
92032,1
34573,0
90693,1
21377,0
94275,0
25024,0
98563,1
25517,1
23399,1
19013,1
80492,1
11822,0
5717,1
83688,1
11669,0
67693,0
92583,1
90616,0
18927,0
42625,0
75793,1
89808,1
92264,0
74572,0
17496,1
73613,1
57055,1
4473,1
40590,1
33299,1
66594,0
21245,1
53129,1
8422,0
84004,0
28234,0
705,1
5233,1
40224,0
87444,1
44891,1
598,1
93619,1
27219,1
89406,0
46169,1
41048,1
59891,0
68873,1
41280,1
52079,1
54470,1
33862,0
36716,0
70593,0
37570,1
56927,0
74468,0
77381,0
58661,0
82331,1
42911,0
446,0
17636,1
58177,1
80789,0
41751,0
21599,1
57779,1
58462,0
16205,1
102135,0
23070,0
21032,1
71011,1
87844,1
21036,1
41544,1
29891,0
24560,1
85931,0
8130,1
95283,1
95551,0
34045,1
57460,1
50881,1
44555,0
40086,1
76808,1
103655,1
24768,1
6177,0
85887,0
19108,1
56432,0
102739,1
34812,1
1166,1
45914,1
62914,1
11561,0
11960,1
55801,1
56321,1
61122,1
89561,0
19057,1
8393,1
5663,1
37228,1
32228,1
83902,1
29275,0
7696,1
87096,0
86863,0
24256,0
67453,0
53180,0
19053,1
44768,0
60526,1
24895,1
63394,0
46002,1
50315,1
49269,1
6623,0
22950,1
38462,1
98996,1
102784,0
86701,1
57872,0
27547,1
68247,1
1733,1
28141,0
68628,0
26854,0
59228,1
76754,1
30448,0
29263,1
89056,0
15736,0
48013,1
12285,1
34730,0
1410,1
69117,1
38616,1
43518,0
83940,0
51056,1
62522,1
95931,0
92218,1
75770,1
39910,1
47136,1
96281,1
9843,1
55626,0
23457,1
85040,0
198,0
56446,0
54238,1
92610,1
12563,1
75266,1
58883,1
8072,1
20723,1
72664,1
24707,1
2771,1
70893,0
8803,1
61574,1
1292,0
19434,1
98865,1
3032,1
44964,1
75714,0
10804,1
42075,0
68109,1
67441,0
8071,0
60703,0
64790,0
88653,0
71503,0
28699,0
29086,1
98303,0
71609,1
37952,1
97039,1
32093,0
3201,0
101577,1
30534,0
103268,0
43032,0
11036,0
7358,1
5303,0
96487,0
67688,0
63028,1
81175,0
8958,0
31733,1
25366,1
50625,0
19646,0
81204,1
11455,0
18792,1
68666,0
38683,1
7080,0
29089,1
72925,1
40223,1
79114,1
71410,1
89516,0
61602,1
67296,0
80666,1
90617,0
43687,0
30820,1
36851,0
50271,0
80734,0
62902,0
84513,0
63973,1
33348,0
57024,0
5825,1
2245,0
23145,1
3662,0
13962,1
34999,0
71587,0
19422,1
30789,1
7079,0
50853,0
20696,1
23315,1
14328,0
57742,0
83102,1
35024,0
84966,1
95036,1
64311,0
36116,1
30915,0
22387,1
30267,0
89514,0
97555,1
43580,1
39164,1
2173,1
99476,0
18968,1
68518,0
91921,1
51618,0
57311,0
17926,0
98909,0
75569,0
203,0
93863,0
26707,1
33554,0
44450,0
91450,1
77739,0
104244,1
81664,0
79381,1
26995,1
3041,1
38215,0
86865,1
80186,0
67,0
72643,1
98830,0
28821,1
101236,0
44638,0
98608,1
34207,0
66423,1
43338,0
74801,1
26806,0
27730,0
48286,0
14510,1
64443,0
67151,1
22991,1
27871,1
21892,1
23339,0
99373,1
24098,1
67053,0
53763,1
50670,0
1393,1
97718,0
37597,0
99508,1
7946,0
54100,0
63575,1
104804,0
49130,1
61695,1
103390,0
77320,0
28272,1
20543,0
66669,1
7390,0
52793,1
34002,1
38377,0
2819,1
102212,1
13049,1
45197,1
78669,1
6508,1
41523,0
44324,1
49081,1
64344,0
12956,1
3440,0
78931,0
8802,0
99687,1
32832,1
41005,0
48879,0
41826,0
101175,1
37149,0
13555,1
63210,1
91377,0
90764,0
7123,1
78973,0
44082,1
99997,0
40571,0
15403,1
13218,0
9128,1
43739,1
51158,1
28772,1
66655,0
77885,0
25880,1
50465,1
79142,1
19731,1
64202,0
17369,1
45889,1
70049,0
89572,1
4445,1
102352,1
19490,1
8272,1
97579,0
85060,0
53585,0
43636,0
74990,1
88894,1
6803,1
1646,1
47929,1
96788,0
61702,1
26944,1
52075,0
55694,0
48434,1
52002,0
21588,0
72949,1
30446,0
48456,1
52998,1
5660,1
66053,0
4884,1
94542,1
44037,1
38288,0
104103,0
36848,1
39982,1
72953,1
79529,0
33249,0
53122,1
37890,1
5223,1
75768,0
34492,1
25320,0
35367,1
79819,1
67909,1
46984,1
31044,0
73889,1
99798,0
102371,1
15968,0
30577,0
4432,1
53671,0
80621,0
55093,1
76826,0
68633,0
6974,1
31049,1
52884,1
71205,0
96246,1
15533,1
93001,1
18342,0
102853,1
103132,1
88640,1
55532,1
36768,1
32265,1
68282,0
76651,0
70043,1
7852,1
84571,0
99586,1
46805,1
65932,1
16283,1
27763,1
58406,1
32239,1
96253,1
94184,0
18546,0
6163,1
89088,1
6666,0
84495,1
51007,1
80882,1
73692,1
78986,1
63845,1
42792,1
64510,0
6729,0
1368,0
8450,0
28526,0
14655,1
83301,0
32620,1
69881,1
30636,1
15880,0
101229,0
45022,1
64998,1
45986,0
32626,1
6856,1
102520,0
29300,1
4823,0
78182,0
43581,1
50875,0
92077,0
47624,1
15767,0
50097,0
50470,1
3,0
28359,0
25417,0
97487,1
78423,0
90524,1
99529,0
75042,0
68854,1
9785,0
31578,1
54245,0
81112,0
100401,1
49963,1
89446,1
40820,0
21205,1
84865,1
83267,1
84547,0
2270,0
47835,1
103585,1
53590,1
32058,0
19199,0
58689,0
38560,1
95911,0
23845,1
77583,0
18819,0
65964,1
38224,0
70424,0
52352,1
76707,0
4045,1
71685,1
23478,1
95201,1
88734,0
18414,1
9951,0
63485,1
29718,0
47127,0
63788,1
21601,0
30629,0
74555,0
66526,0
33032,1
33730,0
100821,0
18205,1
26598,1
56010,1
14136,1
4170,0
54589,0
14042,0
12000,1
93906,1
82747,0
33163,1
66397,0
98667,0
37053,0
41003,0
48726,0
75224,0
59731,0
33763,1
82618,1
92452,0
7336,1
2945,0
57357,0
59817,1
53859,0
48464,1
1509,1
63052,1
46463,0
84811,1
94911,1
77826,1
85863,0
103806,1
72767,1
5639,0
73327,1
48690,0
21352,1
46478,1
25888,1
69361,0
47080,1
84038,1
44048,1
22548,0
54141,1
14229,0
41439,0
69931,1
89162,1
22634,0
52379,1
70418,1
95279,1
74991,1
4436,0
68696,0
76093,0
45238,1
17271,1
74345,1
85248,1
21669,0
36998,1
36190,1
28504,1
58311,1
78829,1
64496,1
94045,0
28839,0
96106,0
32420,1
39447,0
104131,0
85971,1
68310,1
39299,1
78707,1
39346,0
37273,0
26202,0
88746,0
36405,0
56006,0
90194,1
66094,1
29843,0
65391,1
19927,1
89885,0
99618,1
33375,1
72289,0
47968,0
100634,1
47322,0
44910,0
97854,1
46356,1
97261,0
11319,1
101377,1
13287,0
31019,1
70341,0
27563,0
20710,0
86765,1
63705,0
22682,0
87701,0
101958,0
100117,0
77712,1
63251,0
5779,0
85796,0
14926,1
35640,0
97347,1
94457,0
32751,1
13419,0
14280,0
40342,1
227,0
77989,0
40272,0
92269,0
95458,0
50349,1
101649,1
104229,1
63150,1
82235,0
6466,1
3751,1
65237,0
43127,0
80192,1
61807,1
86687,0
50325,1
35762,1
24816,1
50394,1
82012,1
50242,0
87136,1
55010,0
7965,1
94839,1
99423,1
20831,1
82195,0
92604,0
62208,0
59450,1
9463,1
103106,1
33546,1
65207,0
20318,1
26072,0
83395,1
37547,1
16031,1
20395,1
66873,0
48639,0
73441,1
183,0
20054,0
11302,1
10218,1
68480,0
55401,1
42447,0
93342,0
26263,1
50671,0
96700,0
23562,0
30282,0
104063,0
20838,0
83017,1
59048,0
49189,1
74456,0
63993,0
18842,1
74663,0
42632,0
58762,0
35517,1
34191,0
18154,0
63410,0
17667,1
27892,1
37585,0
48969,0
32868,1
71648,0
47514,1
48560,1
17986,1
84279,1
97659,0
71797,0
37415,0
55635,1
18358,1
1490,1
31249,1
74757,1
71734,0
61202,1
104833,1
39582,0
1280,0
5254,1
89007,0
78377,1
8360,1
31428,1
392,1
97996,0
52658,0
57879,0
72215,1
28428,1
11868,1
20654,1
80720,1
5763,0
34567,1
89447,0
59599,0
50699,0
12362,0
66438,0
47691,0
35691,0
50580,1
28744,0
71012,1
27533,0
75425,0
61737,1
79986,1
65947,0
94731,1
55726,0
61943,1
2243,1
64230,0
9587,1
83910,0
96907,0
88971,1
76654,0
62082,0
83348,1
41136,1
84218,1
34628,0
29296,1
25471,1
86751,0
97702,1
30269,0
104659,1
70564,0
21166,0
102995,1
83828,1
8524,0
15930,0
96643,1
49022,0
59617,0
13348,1
69961,0
17594,1
59777,1
54246,0
93171,0
12385,1
13634,1
47032,0
70078,1
83851,0
98583,1
81533,1
35168,1
95967,0
25901,0
62623,0
3130,0
16601,1
63463,0
96141,0
56886,0
72644,1
22435,0
46654,0
6390,0
21542,1
55384,0
93784,0
40877,0
35359,1
86191,0
54992,0
68789,1
59729,0
73375,1
68004,0
29906,1
42873,0
51931,1
69083,0
42881,0
53404,1
65840,0
97690,1
20495,0
30925,0
6717,0
93519,1
236,1
102082,0
67315,0
81931,1
69269,0
6648,1
27635,0
29462,0
54291,0
8510,1
7835,1
79378,0
6197,0
90068,1
61429,1
101592,0
274,0
78327,0
89369,1
48277,1
104251,0
76001,1
21633,1
68576,0
94312,1
94923,1
41940,0
40873,1
70417,1
6181,0
1832,1
13275,0
23032,1
41776,0
98999,1
57094,0
9299,0
78064,1
94521,0
92576,1
23674,0
45763,1
50649,1
97849,0
10838,0
7735,1
7184,1
13775,1
7839,0
91627,0
31681,1
6257,0
60258,1
95535,1
43386,1
95311,1
2797,0
66705,0
49433,1
7134,1
78207,0
65448,1
2799,0
17595,1
40261,1
70667,0
96890,0
38557,0
64988,1
1946,0
97351,1
103738,0
70051,0
35397,0
19888,1
22390,0
6488,1
93749,1
16773,0
67827,1
71182,1
36074,1
60629,1
86274,0
42182,0
8582,0
73491,0
32238,0
20094,1
75134,0
61712,1
48007,1
10188,1
97405,1
8917,1
90458,0
34425,1
56552,1
29979,0
70924,0
12046,0
15970,0
104007,0
32533,1
88162,0
21850,0
30831,1
51908,1
29444,1
51881,1
98658,0
2105,0
75949,1
44326,0
51273,0
64653,0
16672,0
74755,1
72356,1
14975,0
89111,0
2338,0
35812,0
50270,1
104802,0
11550,0
88648,0
20662,0
11144,1
87519,1
83755,0
93724,1
82149,0
85746,1
98382,0
35864,1
13963,0
67435,1
63551,1
23153,1
41285,0
51851,1
90865,1
2757,1
22952,1
103288,1
99345,1
44817,1
50164,0
8982,0
94091,1
32591,0
89356,0
4685,1
75503,1
81959,1
47434,1
25321,1
58615,0
54831,0
53023,0
67140,1
69133,0
9512,1
40141,1
98904,1
39521,1
24812,1
10047,0
42726,0
11217,1
25204,0
84264,1
73437,0
45105,0
68384,1
4688,0
86462,1
75435,1
13823,0
18545,1
38186,0
67365,0
28570,1
85431,0
31804,1
84352,1
96446,0
83046,1
78940,0
2001,0
95753,0
52791,0
62445,0
21014,1
62669,1
57178,1
4289,0
16260,0
30032,0
4544,1
97819,1
73387,1
38504,1
36863,1
66163,0
40237,0
77696,0
6778,0
30015,0
97448,0
57832,0
40995,0
63358,0
15301,0
50153,0
74224,1
45935,0
94872,1
100213,0
12388,1
33215,0
34967,1
76264,0
52656,1
4954,0
41898,0
18731,1
46181,1
2697,0
49103,1
12633,1
55679,1
97220,1
5675,0
14869,1
67940,1
41938,1
92805,0
78369,0
29372,0
36463,1
92981,1
34158,0
17984,0
47230,0
100528,0
75920,1
85170,1
65756,1
95000,1
6174,1
12471,0
68842,1
68357,0
72711,0
31696,0
80127,0
99064,1
103151,1
65174,0
40422,0
38245,1
54374,1
2829,1
82240,0
38270,0
96455,1
62756,1
78518,0
12232,1
71061,0
47281,0
35458,0
30556,1
20029,0
45449,1
46293,1
27038,1
38922,0
53421,1
98559,0
64939,1
68623,0
16008,1
52414,1
15556,1
41161,0
99415,0
98603,1
67574,0
94107,0
3905,0
46397,0
27110,0
31633,1
56469,0
28802,0
82709,1
45798,0
73494,1
18303,0
4759,0
45992,0
55379,1
81373,1
96440,0
40943,1
99296,0
66046,1
77843,0
91770,0
48714,1
6300,0
90148,1
7304,0
93538,1
15676,0
92387,1
1422,1
33456,1
80212,0
48692,1
9382,1
88864,1
23705,1
22363,0
49409,0
99205,1
76531,1
22938,0
22532,1
21021,0
26172,1
102085,1
91759,1
15583,0
65911,1
47743,1
67192,0
25746,1
34975,0
98986,1
31034,0
96167,0
68529,1
82047,0
70663,0
29077,0
46546,1
98993,0
16307,1
38498,1
51030,0
75086,1
55743,0
66477,1
60417,0
104425,0
70689,1
80623,1
96049,1
48275,1
87668,0
21629,1
97642,0
98078,0
51616,0
41807,0
87022,0
50426,0
103239,1
39735,1
36886,1
45342,1
40922,1
50917,0
64952,0
50889,1
71534,0
93731,0
29030,1
41932,0
9256,0
18778,1
57420,0
88149,1
65107,1
48630,0
3320,0
33729,0
100423,1
95846,0
24600,0
24891,1
66701,0
39880,0
79283,0
61441,1
20914,1
10951,1
101964,0
39727,0
83531,0
86811,0
16897,1
85844,0
97831,1
67410,1
79102,1
87607,0
72204,0
23923,0
55148,1
65821,0
99240,0
91986,1
20894,0
77102,0
49143,0
90243,0
28933,0
8064,1
48601,1
38097,1
85793,0
35814,1
21252,1
76473,0
24133,0
14819,1
37769,0
84543,0
20191,1
71368,1
73659,0
7232,1
664,0
30055,0
99912,1
1171,1
8432,1
34558,0
57292,1
39370,0
62051,1
16553,0
61185,1
39706,0
103716,1
64429,1
29420,1
92639,1
36982,1
76029,0
75644,0
103959,1
30986,1
27586,0
97904,1
27814,1
84298,0
30621,0
36182,0
11758,0
84080,1
87240,0
62047,1
44067,0
101827,1
29076,0
51708,0
45894,1
72449,1
11506,1
32778,0
5957,1
58552,0
47822,0
103042,1
21058,0
95198,0
25530,0
23436,1
100652,0
37808,0
6286,0
6832,1
33053,0
14105,0
5862,1
48790,0
23259,0
70116,0
64513,1
66062,1
74771,1
89977,0
72703,0
103271,1
81468,0
25137,1
83299,1
25545,1
39397,0
2178,0
70632,0
91365,0
26225,1
3452,0
100727,1
17098,1
49681,0
90162,0
103597,0
1800,1
54149,0
76180,0
82410,0
94479,1
97491,0
89006,1
16225,0
100911,0
102106,0
60929,1
13068,1
64624,0
38113,1
48345,0
74183,1
68995,0
90290,1
6793,1
84792,1
61033,0
21813,1
97375,1
2920,0
7857,0
1057,1
77267,1
65895,0
58026,1
46694,0
19534,0
60281,1
6849,1
3527,0
6127,0
15858,1
89069,1
49840,1
42908,0
9929,1
73777,0
15467,0
2469,1
67737,1
68718,1
37201,0
3943,0
79009,0
1951,0
29932,0
65922,0
83075,1
86477,1
58388,0
16133,0
24480,0
44334,1
87242,1
43730,1
52350,1
73315,0
92935,0
47860,0
90281,1
30414,1
8407,0
81631,1
18972,0
88836,0
95217,1
77344,0
74003,1
40385,0
9025,0
7873,1
11222,1
32922,1
58668,1
91193,0
58373,1
62944,0
104320,0
53149,1
102762,1
71788,1
59024,0
91473,1
93987,0
58275,1
65640,0
84336,0
87509,0
42223,1
22012,1
74632,0
93214,1
44738,1
63623,1
67390,0
46958,1
39809,0
55862,1
11092,1
62053,1
92780,1
83070,0
101786,0
11050,1
41251,1
66026,0
103901,1
38152,0
91481,0
100978,1
98116,0
24122,0
78374,0
104328,0
15340,0
2000,1
16262,1
38350,1
48947,0
56125,0
68065,0
78993,0
38281,1
22697,1
53781,1
22104,0
65306,1
21619,0
45168,1
68945,1
54798,0
74295,0
9436,1
91636,0
52925,0
55463,0
40407,0
50124,0
57322,0
16327,1
6898,1
83901,0
47619,0
68528,0
11095,1
97994,0
5237,1
101130,0
87186,0
13107,0
9363,1
57524,0
3785,0
75008,1
58770,0
55779,1
2480,1
92211,0
8883,0
5019,0
33971,0
69974,0
30551,0
53515,0
99696,1
101516,0
16771,1
83714,1
100418,0
3947,0
97626,0
73528,1
82306,0
78356,1
39081,1
79108,0
14125,1
89924,0
71195,1
104085,0
36277,1
95883,0
29919,1
95987,1
102625,0
100232,0
77146,1
8406,1
98375,0
22111,0
93172,1
37060,1
86896,0
39638,1
59402,1
7004,1
15509,0
101433,0
80288,0
22169,0
28064,1
99293,1
72970,0
93226,1
85620,1
29963,1
6570,1
54150,0
14627,1
92078,0
88511,0
3660,1
47780,1
34545,1
63112,1
21172,1
8413,0
37215,0
78395,0
104860,1
93215,1
74139,0
2308,0
102083,1
38019,1
710,0
96116,0
53929,0
30532,1
32474,1
34106,0
32105,1
84015,1
45106,1
86520,1
66880,0
97686,0
42864,1
44669,1
23164,1
70155,1
87546,0
79791,0
70023,0
13408,1
93569,0
52563,0
86762,0
102585,0
27420,1
82936,1
44886,1
103887,0
15492,1
78846,1
71533,0
104570,0
39525,1
1284,1
91115,1
10677,0
101765,0
83408,0
51251,1
31090,0
31232,1
88792,1
82052,1
22400,0
10725,1
104816,0
49053,1
87553,0
40589,0
13344,0
92548,1
24270,1
60254,1
8245,0
9241,0
81333,1
26392,1
58605,1
71038,1
73333,0
35567,1
83329,0
78721,1
34114,1
91380,0
91732,1
40017,1
64587,0
90683,0
19521,0
47304,1
101303,1
104726,0
11052,1
47085,1
84275,0
10389,0
30174,1
38524,1
81180,0
77446,1
13781,1
71660,1
42885,0
1144,1
42369,0
2240,0
101928,1
76094,1
21617,0
44451,1
27377,1
89750,0
27448,0
7722,1
44008,1
25104,1
60154,1
11760,0
61529,0
34458,1
33524,1
69759,1
18160,0
30451,0
15236,1
97206,0
1200,1
64965,0
49018,0
56973,0
11008,0
80851,0
66908,0
45589,0
90893,0
72017,1
38342,1
58795,0
38452,1
72591,0
15315,1
39496,1
32066,0
27879,0
101305,1
78815,0
82307,0
66529,1
27352,1
28523,1
97334,0
20248,1
299,1
83155,1
56060,1
5774,0
50156,0
51136,0
58430,0
66215,1
104056,1
38076,1
72601,1
74435,1
7826,1
61259,1
102240,1
63261,0
73993,0
54906,0
90424,1
98510,0
96187,1
53460,1
85217,1
86613,1
67624,0
65875,0
50791,1
66238,1
21903,0
63447,0
69215,1
92216,1
45104,0
44893,1
27472,1
69455,0
11957,1
22038,1
1162,0
90386,1
4804,1
95507,1
47052,0
14454,1
61436,1
90516,1
11475,1
3136,0
67945,1
76959,0
4599,1
81568,1
5656,1
47224,0
56183,1
12283,0
37576,1
16755,0
78836,0
32097,0
77515,0
64874,0
5189,0
552,1
54252,1
46895,0
11124,1
53179,1
22730,0
12297,0
5710,0
38023,0
29981,1
68737,0
73267,0
63962,1
11546,1
37874,0
33210,1
94937,1
4930,1
19556,0
54069,1
5116,1
102096,0
37377,1
24056,0
84319,1
73823,1
85535,0
66092,1
54486,1
40346,0
33848,0
88452,1
1424,1
79081,1
98253,0
79080,1
6808,0
24233,1
45171,0
3083,0
32568,1
58148,0
29162,0
95593,0
53948,0
92355,0
53447,1
10210,0
6554,1
97599,0
37099,1
69237,0
103153,1
34157,1
44004,1
49983,1
48839,0
79013,0
36904,1
31326,0
52522,1
25477,1
55986,1
68464,1
81541,1
89807,1
63716,0
7661,0
40904,0
92768,0
16540,0
9450,1
72835,0
58575,1
56079,1
5342,1
75904,1
83063,0
35394,0
100888,0
31889,0
81623,0
1532,0
75294,1
74561,0
63024,1
102767,0
49319,0
88559,0
32852,0
46979,0
85417,0
81778,1
49386,0
53024,1
28816,1
92941,0
97239,0
96212,0
99539,0
3352,0
58540,1
94665,0
70222,1
50165,0
11606,0
82358,1
12652,1
84991,1
98501,0
1759,1
90350,0
27090,0
40919,0
60793,0
8735,1
6071,0
20134,0
23892,0
13109,1
78152,0
41501,0
35233,0
53647,0
14055,1
70069,0
41057,0
71307,0
32081,0
62306,0
90540,1
10960,1
14578,0
59875,0
8610,0
52990,1
35539,0
25623,1
49382,1
22737,1
43922,0
38092,0
40736,1
61416,1
57949,0
63313,1
11126,0
74698,0
30162,1
75502,1
65004,1
47959,0
30628,0
84018,0
46733,1
49610,1
60240,0
51057,0
99399,1
52464,1
88520,0
62367,0
72074,0
48885,0
49338,0
1806,0
56766,0
23773,1
95799,0
4071,0
52567,0
8488,0
18768,1
39340,1
80375,0
27146,0
99400,1
96496,1
3871,0
18886,0
95504,0
79391,0
58507,0
86746,0
52220,1
55206,1
20560,1
80682,0
14500,1
56592,0
75800,1
41331,0
3438,0
13409,0
42668,1
102598,0
94176,1
55702,1
66057,1
16120,0
45691,0
104002,1
55703,0
47566,1
66776,1
5834,1
73614,0
57733,0
37240,1
101773,0
81498,1
48031,0
77246,0
52938,1
25292,1
65387,0
81783,0
89414,1
46498,1
90661,0
25864,0
43429,1
41349,0
5188,0
7648,1
44587,0
8190,0
89604,1
86586,1
99249,0
36708,1
84837,0
51628,1
30347,0
55503,0
86294,0
95711,1
13655,1
33792,1
55948,0
51098,1
19024,0
90729,0
5955,1
96967,0
13493,1
74524,1
3578,1
93184,0
64142,0
45358,1
47246,1
13786,1
70769,1
24082,0
57374,1
59601,1
12965,0
98825,0
83668,0
62230,0
58866,1
30360,0
13619,1
26574,0
18020,0
47189,1
92336,0
96292,1
9659,1
11078,0
33877,0
20594,0
41996,1
93209,1
3077,0
102640,0
56881,0
3126,1
102434,0
42412,1
77330,0
100863,0
11674,1
1381,0
10219,1
67679,1
61814,0
9622,0
6664,0
7475,1
76487,0
86304,0
57781,1
59969,1
68694,1
91209,1
25261,0
369,1
72255,0
20242,1
5830,0
26380,1
31127,1
27937,0
91325,0
35437,1
101269,0
90877,0
84539,0
10641,0
42171,1
64577,0
48864,1
14461,0
11685,1
21417,1
89027,1
89549,1
13575,0
67117,1
91296,0
35064,0
68478,1
28972,1
52268,1
36789,1
11295,1
60996,0
77491,0
44036,0
8501,1
38729,0
27199,0
42492,0
68121,1
84433,0
6147,1
93854,1
92968,0
65288,1
77356,0
93160,0
44936,0
1438,1
68439,1
12347,1
60535,1
76543,1
55697,0
59573,1
86165,0
80147,1
61069,0
75936,0
36662,1
30386,1
95059,1
61011,0
11899,0
14830,0
53493,1
14390,0
100145,1
101500,1
60138,1
39106,0
1807,0
45320,1
95345,1
103943,0
78521,1
2078,1
88325,0
24277,0
47251,1
6822,0
31316,0
56913,1
63433,0
101727,0
81225,1
77839,0
34732,1
48171,0
12605,0
103392,1
47590,1
74275,0
43503,0
12985,0
83636,1
95566,0
52975,0
833,0
104301,0
56982,0
91226,0
64619,1
99500,1
95936,0
84020,0
79947,1
28039,1
102257,1
38014,1
63426,0
17691,1
98281,1
49060,1
55417,0
26624,1
17310,1
23584,1
89472,1
25064,0
77522,0
19907,0
53083,1
100932,1
15942,0
13507,1
73176,0
72043,0
72571,1
79148,1
69515,1
99891,0
80242,0
73758,1
87810,0
98732,0
44574,0
75580,1
64428,0
47494,1
16447,0
17077,0
5590,1
65989,0
56797,0
22052,1
61553,1
73207,1
8743,1
97639,0
87348,0
87918,0
75956,0
8175,1
15709,1
78612,0
34303,0
6048,1
53853,0
64243,0
83719,0
14496,0
55931,1
79736,0
78283,0
81357,1
104732,0
25936,0
16912,0
30931,1
71510,1
76041,0
92658,1
84419,1
97891,0
17674,1
102726,1
84821,0
81913,1
8504,1
58469,0
68130,1
91706,0
54794,0
32511,1
60562,0
95512,1
88456,1
7961,1
55264,0
57891,0
3266,1
51689,0
19443,0
68142,1
2238,0
92738,1
7061,1
22998,1
40835,0
10699,1
26208,0
100697,1
20450,1
54269,1
104792,0
26298,1
58037,0
82551,1
92512,1
56947,1
81330,1
22127,0
101788,1
2796,0
102484,0
8263,0
70471,0
88788,0
104149,0
7227,1
94595,0
68784,0
75225,1
40372,1
15511,0
35580,1
73424,1
91376,0
22183,0
9684,1
59320,0
58008,0
90745,0
65530,1
39765,0
97795,1
81328,1
7133,1
97335,0
45910,1
61444,1
98269,1
70231,0
25928,0
91476,0
74251,1
86126,0
52798,1
86578,0
3735,1
32702,1
46507,0
6391,0
93582,0
17755,1
14384,0
81769,0
3774,0
14669,1
8986,0
59662,1
58994,0
9868,1
48755,0
95839,1
45069,1
22884,1
75381,0
62910,0
80335,0
45708,1
86677,0
71227,0
100928,1
3160,0
18164,0
24829,0
37293,0
6260,1
72247,0
5959,1
11829,1
37667,1
26891,0
42624,0
24190,1
23440,0
80864,0
50632,0
31813,0
25882,0
93341,1
59188,1
83322,1
74995,1
32121,0
30926,0
51167,1
78420,1
61097,1
13988,0
21730,0
32607,1
15087,1
67316,1
33547,1
38565,1
53861,1
24596,1
62692,0
71661,0
49295,1
5714,1
55509,0
63310,0
25853,0
26981,1
94807,0
69192,1
11365,0
28158,0
16633,0
56498,0
73900,0
32047,1
8134,1
27200,1
102209,0
42834,0
86320,1
86686,1
1784,0
84684,0
73791,1
79716,0
100514,1
85375,1
58538,0
53248,1
67598,1
28297,0
48296,0
11469,1
98868,1
81597,0
40662,0
103365,0
99428,0
7793,0
100034,1
61203,1
62311,0
50835,1
64929,1
53424,0
50057,0
83444,1
102312,1
38463,0
19877,0
88467,1
10494,0
74464,0
68023,0
104273,0
101643,1
37086,0
74069,0
83989,0
45601,0
61946,1
5840,1
779,1
96341,0
1181,1
69318,1
55215,1
59177,0
74361,1
79074,0
38153,0
49810,1
82507,0
54721,0
36033,0
92003,0
52571,1
59315,1
64247,0
98869,0
59154,1
92297,0
30147,0
38407,0
92801,1
53219,0
81346,0
74758,0
103784,1
70201,0
86759,1
38423,0
92315,1
52447,0
28948,1
65700,0
94990,0
66074,1
66002,1
68762,0
18705,0
76309,0
12940,0
103678,1
66572,0
96990,1
95896,1
31504,1
56623,1
66144,0
10874,1
50626,0
8414,0
95195,1
33529,0
86463,0
74502,0
57545,1
61515,0
70088,0
36049,0
89535,0
51576,0
76592,0
74608,0
10419,0
33916,0
38766,0
94584,0
97964,0
53898,1
27111,0
11993,0
28446,1
38061,0
53502,1
71484,0
39817,0
67402,0
52148,1
7117,1
103380,0
28729,0
23148,1
1677,1
65959,0
5762,1
81752,0
55026,1
6307,0
95269,1
60921,1
78984,1
51548,0
867,0
50022,0
3557,0
86149,1
79372,1
93124,1
84522,0
82867,0
86128,0
66768,1
66021,1
7083,1
97084,0
21519,1
29550,0
26529,0
16406,1
48946,0
35654,0
76051,0
24800,1
70618,0
5311,1
83128,1
96982,1
55400,1
64160,1
20327,1
100024,0
35339,0
90973,1
43701,1
98823,0
91527,0
65514,1
82915,1
19864,0
66862,1
40734,1
82059,1
44583,0
100348,1
36991,1
5014,0
78924,0
56686,1
51178,0
81621,0
41562,1
31836,1
70965,1
78435,1
102833,0
19237,1
87786,1
25282,1
9100,0
9981,1
99679,0
18627,0
52197,0
94233,0
19409,1
40860,0
13533,1
58478,1
21751,0
65758,0
46000,1
3470,0
18812,1
9413,1
80245,0
28363,1
32100,1
62451,1
57239,1
63297,0
56207,0
56834,0
95189,1
51970,1
44642,1
13058,0
91754,1
69319,1
20622,0
40453,1
58150,0
28494,1
94026,1
29335,1
102919,1
28563,0
89455,0
23949,1
6464,0
57508,0
42636,0
7590,0
19036,0
92969,1
5478,1
83261,0
42361,1
58997,0
24408,1
70188,1
38752,0
77933,0
51059,1
102567,0
98290,0
18471,1
3430,0
64622,1
36845,1
96791,0
51198,0
13612,1
84090,0
31168,0
25310,0
60463,1
37846,1
23800,0
32552,1
42236,1
80360,0
67597,1
1492,0
89909,0
46027,1
38493,1
25475,0
27601,1
30098,0
96171,1
27596,1
79645,0
3877,1
1982,1
39630,1
80054,0
63641,0
7315,1
45607,0
101176,1
63637,0
16065,1
47882,0
64953,1
61067,0
76655,1
69280,0
53532,0
84919,1
7329,1
56761,0
3015,1
17848,0
89152,1
69372,0
77440,0
62742,0
96676,1
57248,0
50974,1
97373,1
77443,1
54258,0
34649,0
71818,0
69925,0
81787,1
24137,1
60110,0
76382,0
57553,0
2594,1
34334,1
81467,0
41189,1
32179,0
75891,1
17015,0
77333,1
20214,1
71931,1
80818,1
72127,1
1297,0
56156,0
3887,0
94117,0
91152,1
44157,0
54939,1
97986,0
27850,1
85741,0
31993,1
21909,0
83098,1
37922,1
25763,0
17632,0
3066,1
17640,1
101940,1
104309,0
81167,0
90095,0
37131,0
75707,1
36420,0
19121,1
68667,0
98719,0
62475,1
21832,0
87823,1
58369,0
28155,1
31824,1
21774,1
545,1
5746,1
47611,0
51433,1
97954,0
77000,0
14182,0
44188,1
4654,0
82808,0
29994,0
44273,1
40104,1
88920,1
2117,0
1965,1
64450,0
88486,1
87485,0
17161,0
64779,1
98550,1
427,0
54182,1
12124,0
69236,0
56708,1
79814,0
50832,0
175,0
7762,0
87206,0
65338,1
75145,0
92353,1
3159,1
87337,0
49913,1
15247,1
13804,0
57687,1
36511,1
41749,0
5191,1
23465,1
80710,0
71623,0
17648,1
34108,1
72195,0
44529,1
36314,1
21546,1
50320,0
86803,1
94402,1
14564,1
78907,1
66230,1
34146,1
74619,1
93239,0
2624,0
55535,1
39991,1
92037,0
93316,0
14710,0
70267,0
45617,0
46548,1
61057,1
61508,1
88221,1
51531,0
8862,0
52439,1
96404,1
11195,0
92928,1
68698,0
24224,1
90040,1
89617,1
97799,1
91959,1
100432,0
7160,0
98318,0
686,1
8104,1
25668,1
5681,1
65027,1
32926,0
20322,1
2198,0
7319,0
9841,1
96100,0
99668,1
100906,1
19359,0
81841,0
61031,0
52512,0
102988,1
20280,1
23539,1
12405,0
68345,0
38102,1
54561,1
29602,0
53398,0
23376,1
2313,1
3910,1
87289,1
48738,0
23396,1
50911,0
97225,1
63701,1
33968,0
18072,0
79726,1
90590,0
69800,1
55973,1
49420,1
37654,1
81441,1
19097,1
91459,0
15760,0
33756,1
7978,0
2340,1
561,1
40798,0
23517,1
88592,0
57579,1
80476,1
98102,0
11836,0
55204,1
6443,0
53198,0
75184,0
74798,0
71522,1
56228,1
44343,0
19708,1
52565,0
23047,0
102768,0
982,1
27117,1
56293,1
44507,1
4591,1
96434,1
2133,0
92927,1
23506,0
5820,1
7875,1
74799,1
82073,1
84063,0
81435,1
26125,1
22092,1
26547,1
12504,1
71794,0
64935,1
60137,1
87095,0
25666,0
42553,0
38891,0
99275,0
69860,1
4606,0
66273,1
39998,1
31032,1
72353,0
97838,0
33428,1
82485,0
14450,1
97293,0
54370,0
85945,1
67230,1
49212,1
34896,1
83048,0
35820,1
14502,0
90224,1
30048,1
92824,0
90643,0
25713,0
54425,1
81492,0
98963,1
57716,1
13752,0
7271,0
22134,0
102390,0
85368,0
102351,1
77135,1
41780,0
84600,1
63884,0
27406,1
42814,0
14790,0
47116,0
7293,1
256,0
49519,1
23560,1
72998,0
74354,0
63177,0
25092,0
39086,0
63927,0
66747,1
87363,0
19352,0
28324,1
15346,0
47082,1
35273,0
70531,1
24980,1
36332,1
69493,0
100683,1
56773,0
8067,1
26655,1
85327,1
46746,0
95112,0
41760,0
78554,1
2073,1
2755,1
72624,0
36156,0
103236,0
39635,1
52084,0
62919,0
44145,0
56884,1
91082,1
48230,1
87949,0
76192,0
50703,1
87606,0
103417,1
49998,1
5475,1
95480,0
99226,0
18022,1
1069,0
22745,1
92435,0
14595,0
65643,0
77251,0
103454,1
101772,1
6847,0
19604,1
49158,0
87013,1
53303,1
2821,1
34836,1
61340,1
77039,1
103520,0
22776,0
44087,1
13874,0
55767,0
563,0
54216,0
29663,0
46210,1
35764,0
104192,0
67397,1
18193,1
75690,0
71337,0
8270,1
604,0
103086,1
61881,0
42748,0
58666,1
102722,1
54746,0
63792,1
34544,1
33945,1
44723,0
49839,0
90686,0
84244,1
46902,1
14129,1
29093,1
89272,1
32363,1
20948,0
60118,1
20650,0
52249,1
16339,1
37062,1
55474,1
90985,1
59992,1
3342,0
81316,1
77773,1
47668,1
61475,0
7859,0
25702,0
2680,1
92823,1
14144,0
15562,1
17739,1
66077,1
27032,0
79064,1
41592,0
85962,0
20228,0
37057,0
59588,0
73093,1
58226,0
20079,0
53686,0
42435,1
97378,1
32193,0
73653,1
71742,0
53889,1
55376,1
20407,1
29825,0
4873,0
73569,1
51842,0
59040,1
54991,1
11554,0
61354,0
41228,1
77487,0
33461,1
42574,0
11102,1
62945,0
82111,0
101055,0
48645,0
95400,0
29590,1
57760,1
73562,1
98723,1
103471,0
5158,1
97561,0
56482,1
99301,0
1350,1
32520,0
2655,1
82656,1
68747,1
68322,1
57772,0
56917,0
45612,0
97738,0
84437,0
46012,1
54913,0
69721,1
76782,1
2522,0
38066,1
101047,1
32178,1
101863,1
41567,1
54427,0
35148,1
26798,1
26591,0
54981,1
84343,0
26649,0
65850,1
69434,0
99548,0
40537,1
3549,0
22499,0
47881,1
88478,1
71111,1
31088,0
96812,0
4195,0
93465,1
86521,1
6034,0
81661,0
3990,0
40710,0
50577,0
95085,1
31916,1
40619,0
99598,1
29896,0
72587,0
11438,0
38668,0
76652,0
74897,0
75565,1
77305,0
731,0
22829,1
16162,1
18000,1
66607,0
104567,0
83892,1
363,0
26089,1
18533,1
48473,1
33663,1
49366,0
96931,0
98187,1
49040,1
101801,1
95769,1
45815,0
59611,0
65716,1
19387,0
39010,1
81761,1
35504,0
19166,1
56638,1
66627,1
58465,0
41682,0
81680,1
78316,1
6021,1
51463,1
24616,0
82660,1
102217,0
99510,0
54316,0
95427,1
13189,1
76668,0
52432,1
44452,0
64981,1
54169,0
93235,0
12495,1
68304,1
86192,0
25851,0
10696,1
2661,0
76148,0
373,1
80032,0
45055,0
91489,0
57718,0
96998,0
40794,0
79548,1
92878,0
19481,0
79623,1
104161,0
52965,0
33256,1
91894,0
92766,1
80402,0
10889,0
5410,0
83798,1
32753,0
89277,0
20638,0
3670,1
95525,0
1735,1
18320,1
10301,1
3961,1
69776,1
103102,0
15763,0
42170,1
88202,0
21134,0
41517,1
70142,1
66902,1
25831,1
96828,0
89763,0
63767,1
17238,0
67299,1
101585,1
45942,1
53866,1
82129,1
10924,0
38142,0
92984,0
22042,1
76276,0
4156,0
2201,1
2027,0
8829,1
55830,0
23375,1
94289,0
13676,0
50692,1
78963,1
80574,1
12516,0
79983,1
17696,1
50971,1
99318,1
101837,1
89548,0
56696,0
65677,1
92083,0
38993,0
8442,0
94738,1
94377,0
22087,1
79231,0
100834,0
89394,1
23913,0
8739,1
86403,0
93858,1
99947,0
32496,1
96567,1
31167,1
26534,0
104314,1
5481,0
9269,0
74256,1
22993,0
4352,0
71891,0
101749,0
83287,1
12896,1
67323,0
48651,0
92171,1
27705,1
79211,0
77921,1
26698,0
72329,0
6895,0
13349,1
4025,1
85100,0
33693,1
72167,0
27811,1
36969,1
76474,1
14495,1
39757,0
70603,1
3065,0
46974,1
68543,1
85642,1
100346,0
22243,0
79883,1
75324,1
44185,0
75006,0
60674,0
34848,0
32229,1
77543,1
251,1
85988,1
11932,1
33569,0
62986,0
98669,0
33996,1
84511,0
47026,1
26564,0
73477,0
32510,1
73272,1
3729,1
104150,0
85701,0
15877,0
98672,0
103357,0
66070,1
38235,0
29409,0
54018,0
62073,1
61610,0
75525,1
33115,0
3782,0
72479,1
2495,1
42947,0
16665,1
91861,1
47722,0
15528,1
23087,1
10928,0
41000,1
63750,1
62147,0
78366,0
28122,0
78168,1
53950,0
62729,0
19811,0
45680,1
24445,1
55155,1
101490,0
12153,0
65223,1
18448,1
93574,1
72648,1
39969,1
5267,1
50920,1
63160,0
53572,0
82265,0
23569,1
100342,0
2331,1
69789,1
61711,0
21762,1
51058,1
47084,0
103137,1
28572,0
69239,0
97023,1
58647,1
58132,1
84011,0
84088,0
51301,0
71005,0
80934,0
26180,0
17434,1
40746,0
5283,0
32771,0
84631,1
23953,1
46829,0
55531,1
818,1
26878,0
102671,1
2733,0
39339,1
45445,1
61588,0
34233,1
102773,1
15413,1
7348,0
43281,1
26687,1
72684,0
86955,0
46884,1
55885,0
18884,1
13697,0
85867,1
60724,1
95873,1
87622,1
5953,1
6859,0
28315,1
86969,1
86782,1
94510,0
76401,1
46461,1
99265,1
43498,1
78442,0
21489,1
71824,1
14188,0
31122,0
43197,0
57934,1
11987,0
83759,1
33774,0
65724,0
74146,0
97091,0
34898,0
22586,1
1594,1
5894,0
55137,1
1600,1
49144,0
14034,0
67204,0
57834,1
6153,0
63174,1
58916,1
12621,0
4082,1
93754,1
45459,1
102279,0
103544,1
65264,0
60289,1
54347,0
38433,1
93972,1
30465,0
14773,0
55727,1
12679,0
25921,1
98052,0
89762,0
2818,1
30794,1
4356,0
87628,0
13867,1
25378,1
37349,0
36041,0
14376,1
87826,0
18934,0
45897,1
88761,0
23007,0
12038,0
60385,1
87210,1
33450,0
70030,0
44173,0
42042,0
86966,0
55356,0
23564,1
22763,1
10618,1
61770,1
37425,1
66460,1
75955,1
78288,0
71889,1
15634,0
51594,0
1275,1
86876,0
97338,1
36530,0
18693,1
98109,1
75869,1
99331,1
14924,0
29221,0
35220,0
45077,0
27033,0
74635,1
82430,1
49902,0
56503,1
78891,1
17869,1
12198,0
44913,1
85609,1
37302,1
21389,1
27433,1
59295,1
59869,1
36897,1
84844,0
67074,1
19451,1
67301,1
24115,1
96789,1
37340,1
54930,1
70235,0
40021,0
57037,0
32164,0
13041,1
31855,0
4736,0
4975,1
18512,1
63019,1
67924,1
11162,1
100013,1
89967,0
93361,1
72518,1
91315,0
41875,1
22231,0
78968,0
47757,1
77284,0
87836,1
50531,1
93549,1
81897,0
93031,0
42402,1
26867,0
88472,0
9444,0
48819,0
90364,1
97057,0
24842,0
11583,0
6361,1
83730,1
95157,0
90038,1
61498,0
58685,0
5125,1
43625,1
47997,1
1942,0
22502,0
51182,1
99496,1
3611,1
68512,0
51549,0
30596,0
46732,1
95097,1
19060,1
101132,1
39730,1
64633,0
47600,1
31691,0
61245,1
26962,0
87582,1
55819,0
90986,1
9744,0
6231,1
73759,1
100014,1
31904,1
21441,0
53629,1
11254,1
9991,0
56659,1
72259,0
81857,1
49133,0
62571,0
99184,0
97186,1
75915,1
19368,1
65575,1
51193,1
22734,1
65728,1
101651,0
80509,0
87560,1
1697,0
74082,1
36946,0
9996,0
76891,0
49676,0
8734,0
70451,0
104245,0
73220,1
77482,0
32680,1
4298,0
97896,1
58890,0
11066,1
78130,0
81505,0
6077,0
80347,1
23535,0
28235,1
6194,1
35243,1
79627,0
49346,0
70862,1
56386,0
54212,0
103797,0
48235,1
57082,1
44591,0
53287,0
72765,0
78217,0
54243,0
102098,0
82857,0
37458,1
45300,0
35099,1
64341,0
74882,0
91711,1
55519,0
64159,0
30680,0
33507,0
7546,1
44489,0
1625,0
49926,1
14275,0
94414,1
93290,0
63287,0
43341,0
36739,1
34055,0
71851,0
55897,1
24548,1
58257,1
21887,0
51802,0
44472,0
101359,0
100866,0
88265,0
67987,0
45125,1
76490,1
17834,1
50998,0
13375,0
36329,1
41401,0
70888,1
26988,1
78280,0
101685,1
65898,1
103661,0
65210,0
86127,1
23242,1
64650,1
75568,0
57865,1
39931,1
100382,1
45345,1
83818,0
53751,1
10438,0
17473,0
67752,0
96194,0
44159,1
1810,0
12402,0
88558,1
97000,0
19297,1
28818,0
29863,0
5865,1
52778,1
68055,0
65510,1
71378,0
97004,1
82744,0
40777,0
350,1
5619,1
41434,1
58606,1
2935,0
81711,0
20824,1
33883,1
18501,1
93783,0
51853,1
63805,0
35725,1
405,0
51020,1
45195,0
26189,1
3647,1
46770,1
65722,1
14394,0
104408,0
83186,1
27203,0
29242,0
66571,1
99865,0
74850,0
24590,1
25319,1
104488,1
68054,0
73714,0
48708,1
93788,1
15321,0
4305,0
72033,0
95244,1
4235,0
50964,1
32590,1
37470,0
28144,0
40053,0
40732,0
1023,1
104130,1
6785,0
97683,0
10689,0
61774,1
51846,1
27537,1
90642,1
78787,1
32261,1
32277,0
69065,0
30370,1
23210,1
6198,1
75728,1
90471,0
67901,1
70504,1
88368,1
85203,0
71908,0
59429,1
88293,1
40489,0
16364,0
74207,1
38934,0
51184,0
88448,0
49905,1
29097,1
79240,1
64728,1
45555,1
68111,0
42703,1
81842,1
87694,1
74858,1
61443,1
16329,1
99090,1
28965,0
9121,0
44523,0
93091,1
49969,0
79952,0
57998,1
82629,0
94940,1
93283,1
57721,0
42325,1
102227,0
21297,0
85674,1
65533,1
43680,1
12247,1
15519,1
103665,1
50845,0
86778,0
31173,0
78976,0
97958,0
86741,1
89226,1
19250,0
77894,0
87633,1
25287,1
4119,1
12639,0
72147,0
60239,1
25263,1
69339,0
35611,0
70234,1
49151,0
51341,1
52813,0
24824,1
64173,0
96401,0
102741,0
44078,1
20708,0
33457,1
99311,1
75283,0
77027,1
18967,0
40406,0
78878,1
52113,0
70892,1
24570,0
84671,1
6523,0
22225,0
60464,1
88877,0
91798,1
24552,0
21807,1
39713,1
65405,1
5157,1
77323,1
31685,0
415,0
18103,1
59627,1
38644,1
62270,0
104793,0
50741,1
17578,0
8124,0
71504,1
63800,1
95044,0
33505,0
91338,0
22323,1
48284,1
806,0
4791,1
26416,1
23541,1
26724,1
97480,0
20434,0
80006,0
87809,0
57257,1
26317,0
77195,1
70763,1
65770,0
17358,0
27272,1
28944,1
73073,1
46292,1
44282,0
85922,0
19837,1
31442,0
101427,1
13695,1
88077,1
17861,0
87605,0
100572,1
42843,1
2970,0
55303,0
103261,0
37408,0
35925,1
87745,0
27492,1
49827,0
101113,0
44811,0
29106,0
34041,1
6130,1
79010,0
51079,1
74246,0
43926,1
79509,0
52126,1
30281,0
55140,1
19853,1
11122,1
84826,1
43206,1
18172,1
75207,1
97733,0
6899,0
32570,1
23927,1
98454,0
3117,0
48359,1
51165,1
36777,0
15119,0
65102,0
88896,0
46170,1
51639,0
26689,1
2183,0
76843,0
47816,1
40225,1
30795,1
90888,1
20342,1
77066,1
52008,1
91837,1
62597,1
65315,1
23184,0
72105,0
1833,1
48214,1
92477,0
73175,1
89856,1
24346,0
5411,1
101900,0
22078,0
11445,0
47945,1
6112,1
19593,1
55982,1
44944,0
95251,1
56011,1
77421,0
77738,0
4812,1
35487,0
86088,1
43709,1
58612,0
54309,1
38165,0
75159,1
69027,1
40476,1
2666,1
20496,1
46726,1
17498,0
100060,0
88627,1
40081,0
17241,1
24720,1
69378,1
104321,1
32085,0
60939,1
5691,1
73652,1
26847,0
75075,1
66330,0
44940,0
70731,1
61955,0
23265,0
103562,1
97867,1
34105,1
100923,0
49628,1
70633,0
34392,1
36640,0
69981,0
18875,1
61503,0
19663,1
68807,1
12438,1
69278,1
66968,1
32359,0
93374,0
42114,1
36391,0
69710,1
11119,1
92790,0
27441,0
8902,0
32233,0
76198,1
48480,1
94421,0
94364,1
1169,0
1536,1
39125,0
10274,0
89,1
23209,1
99063,1
62653,0
37391,1
77830,0
8135,1
35094,0
51590,1
96951,0
90743,1
86852,1
104140,0
77661,1
34424,1
103469,1
56887,0
73786,1
49670,1
86864,0
14990,1
102276,1
93230,1
19253,0
16627,0
70514,0
57936,0
44028,0
74971,1
90632,1
61888,1
95093,0
80742,1
59073,1
99745,1
30907,0
74192,1
44284,1
57881,1
44715,1
99883,1
11072,1
11916,0
70887,1
58600,0
750,1
61684,0
7198,0
36395,1
9647,0
69659,0
64411,1
89093,1
45396,1
79637,1
29675,0
1648,1
38339,1
80562,1
31267,1
16625,1
53767,0
91493,0
29503,1
5883,0
8533,1
15815,1
44196,1
52117,0
7363,1
64110,0
88860,0
39505,1
3525,1
44525,1
9012,1
90646,0
1101,1
68075,1
53358,0
65766,0
16333,1
39402,0
97470,0
73485,0
62954,0
52270,1
9,0
49446,0
79558,1
78113,0
74338,0
11611,1
30840,0
3394,1
91548,0
23,1
1073,1
56255,1
69457,1
5946,1
43411,1
25375,0
31837,1
104371,0
10499,1
71775,0
48679,0
99044,0
88725,0
85827,1
66763,0
67953,0
30044,1
73981,1
7922,1
52927,1
8586,1
65678,0
777,0
9585,0
61971,1
80580,1
7120,0
24721,1
59485,0
55066,0
51840,1
88091,0
16178,1
15632,0
56675,1
67132,1
99901,0
75856,0
58163,0
42651,1
39248,1
96354,1
90996,1
90950,1
91382,1
92953,0
87174,1
84906,1
47920,1
21467,1
63161,0
9988,0
30126,1
56395,0
46523,0
17506,0
78572,1
25404,0
33974,0
94378,1
9943,0
62018,1
102517,0
88355,0
62360,1
23514,0
77377,1
19143,1
11855,0
76798,0
41605,1
13315,0
64120,0
78274,0
24675,0
11725,1
37113,0
38260,0
63513,1
71646,0
62821,1
92966,1
72973,0
57214,0
12202,1
92116,0
38469,0
65177,1
22944,0
30249,0
15241,1
73121,0
7651,1
70406,0
67620,1
287,0
98640,1
86061,0
68158,0
46667,1
91766,0
60402,0
85917,1
38785,0
63006,1
61596,1
100360,0
34725,1
7682,1
66342,0
18715,1
6956,0
7674,1
72328,1
74320,1
66652,0
75838,1
101953,1
79328,0
69967,0
19751,0
67250,1
6352,1
41332,0
18152,0
51611,1
58009,0
101680,1
85013,0
30923,0
54432,0
93528,0
73803,0
48265,0
26388,0
45694,0
68050,0
24275,0
46341,1
32903,0
2493,0
16675,0
43298,1
90044,0
47649,0
47150,0
79192,1
20292,1
38362,0
7339,0
70264,0
8394,1
15927,0
94234,0
84903,0
44821,0
43748,0
100371,0
41015,1
59267,1
76305,0
24981,0
82347,1
93926,0
39268,1
23878,0
30716,1
41812,0
56538,1
45186,0
63869,1
83352,1
289,1
79426,1
44363,0
18958,0
28680,1
90657,0
73089,0
40756,0
25620,1
97694,0
79053,0
27465,1
33247,1
91983,0
43594,0
69405,0
31677,1
57935,1
32613,0
62371,1
49046,0
49116,1
569,1
84855,0
65323,0
91758,1
17097,0
101891,0
66531,1
29154,1
24999,0
24046,0
19009,1
79314,0
34602,0
85120,1
16988,1
91707,1
32714,1
14914,1
10839,0
81001,0
74953,1
26931,1
93303,0
15016,0
868,0
48602,1
48502,1
39448,0
94955,1
68951,0
49243,1
66683,0
42622,0
80859,0
66694,0
100895,1
50639,0
11926,1
32395,0
77265,1
82641,0
10797,1
97798,1
46811,1
32833,1
55578,0
3222,1
63290,1
61280,0
45810,1
3415,1
77658,1
93529,1
73338,1
51243,0
51850,0
9955,1
58632,1
82399,0
36163,1
32978,1
70036,0
99825,0
33445,1
52674,0
40204,1
92488,0
71700,0
21085,1
63721,1
57026,1
15451,0
11819,1
27310,1
2547,0
62567,0
54544,1
83202,1
69474,0
34306,1
30772,0
25076,0
7751,1
510,0
30857,1
66292,1
72610,0
30837,1
76515,0
80074,0
45616,1
52697,1
78069,1
57210,1
48931,0
83451,0
18415,1
66919,1
80871,1
65198,0
87927,1
6141,1
90988,0
27961,0
71191,1
52928,0
31210,0
77419,0
68594,1
37021,1
53881,1
53863,0
93028,0
100134,1
88616,1
92811,0
88036,1
55358,1
31469,0
36328,0
35349,0
80275,1
25850,1
91641,1
14995,0
65771,0
94649,1
34060,1
37276,0
76293,0
8527,0
87761,0
225,0
103285,0
8914,1
59087,1
9113,0
36459,0
103636,1
37320,0
41074,1
71224,0
81038,1
18844,0
19626,1
87454,1
83375,0
16767,0
96785,1
44309,1
80349,0
41193,1
36505,1
55492,0
17209,0
69529,0
44013,1
85760,0
13221,1
21215,1
4914,0
25443,0
64304,0
101332,1
41791,1
28250,1
103740,0
102143,0
7911,1
35497,0
874,1
42771,1
9966,0
9908,1
63106,0
53327,0
32968,1
26877,0
46035,1
94308,1
66401,1
59338,1
69838,0
38666,1
36619,1
101452,1
64269,1
7346,1
102294,0
24630,0
22479,1
81169,1
45523,1
67761,0
62828,0
95960,0
43634,1
37243,1
12318,0
35061,0
42044,0
49708,1
6451,0
84238,1
22561,1
22465,0
70842,0
85443,1
64912,1
95466,1
61751,1
92978,0
41511,0
97569,1
93245,0
61227,0
8712,0
94857,0
38554,1
60481,0
62599,1
25218,0
2300,0
70033,0
17225,0
81617,1
62275,0
87931,1
61272,1
10781,1
96521,0
4601,1
40663,0
79681,0
102600,1
67521,1
35794,1
56744,0
26703,1
65431,1
52647,0
21821,1
23967,0
5050,1
79320,1
73032,1
45492,0
63831,0
77548,1
59240,1
75933,0
3355,1
14898,0
10042,1
21746,1
21079,1
94,1
15409,1
103463,0
56728,0
49950,0
72198,0
48518,1
58835,1
75992,1
12381,1
75696,0
53637,1
12052,0
37491,0
64534,0
61854,0
95727,0
103781,0
87721,0
6979,1
91107,0
74167,1
58598,1
16492,0
13542,1
2124,1
97166,0
2231,0
3406,0
37487,0
104486,1
23836,0
51365,0
103435,0
47951,1
20298,0
33885,1
99545,0
17806,0
91537,1
36001,1
15285,1
62430,1
50474,1
83631,1
12337,1
101424,0
66765,1
3277,1
47125,0
68725,0
55649,0
14878,1
99012,1
74202,0
85785,1
91847,1
62383,1
79194,1
25135,0
15855,1
45475,1
81791,0
49031,0
54973,1
9306,0
20945,0
42694,1
4100,0
35520,0
98905,1
2328,1
41030,0
84098,0
48902,1
23532,1
80205,0
48036,0
66593,0
26292,0
64096,0
40042,1
4758,1
101545,0
87201,1
42623,1
83593,1
2726,1
3994,1
60602,1
27629,1
5246,1
57443,1
29085,0
55803,0
93843,0
9616,0
11042,0
8184,1
92384,1
28003,1
75403,1
17610,0
99154,1
77695,1
25991,1
104254,0
48980,1
84998,0
99287,0
104066,1
7633,1
95336,1
82715,1
23322,1
52686,0
23703,1
61710,1
50873,0
46419,0
68281,0
42569,1
100480,1
43585,1
62034,1
85064,0
75467,0
97082,1
99040,0
83455,0
57339,0
92118,1
75277,0
38479,0
94535,0
30301,0
24626,0
100899,1
67346,0
104613,1
7453,1
77736,0
31040,1
69635,1
79723,1
46164,0
12508,1
92002,1
64831,0
82183,1
7277,0
157,0
83645,0
91339,1
5775,1
55117,0
55796,1
100956,0
36161,1
8711,0
101589,1
97847,1
20895,1
89273,0
11802,1
14810,1
45362,1
32005,0
78385,0
57147,1
15994,1
51287,0
24281,1
87413,1
21687,1
64270,0
38320,1
74688,0
74135,0
75146,1
75080,1
33526,1
20205,1
8016,1
42931,0
54724,0
100466,0
72336,0
61613,1
51441,0
8732,0
101362,0
75962,0
29392,1
36915,0
102108,1
93188,1
43004,1
101723,1
84053,1
23762,0
91055,1
46264,0
12824,0
28648,0
5783,0
65162,0
94942,0
61263,0
12844,0
81399,0
96644,0
83132,0
29419,0
77334,1
67601,1
81821,0
11986,1
42174,1
96666,0
1926,0
26432,0
45574,1
59845,1
84995,0
75596,1
46380,0
102894,1
28012,1
36839,0
97662,0
19242,1
2966,0
24643,1
74872,1
90730,1
89036,0
32335,1
82906,1
49804,1
102813,1
48800,1
5941,0
76403,0
35730,1
59818,0
17341,0
56796,1
94383,1
103287,1
1595,0
43994,1
28659,1
53230,1
103356,0
60492,1
52122,1
77718,0
90878,0
41318,0
56187,1
30157,1
101118,1
90246,1
73447,0
24255,1
55398,1
34688,0
81513,0
47538,1
35883,0
9829,1
61200,0
55601,1
55793,0
90653,1
30317,0
63026,0
96600,1
83330,0
76101,0
88336,1
62236,0
95488,0
53945,1
86781,0
13346,0
64626,1
8465,1
1413,0
67546,1
104716,1
15079,0
58543,0
17441,1
7021,0
91112,0
59798,0
6439,0
35791,0
59433,1
20440,0
3575,1
90431,1
33475,1
53915,0
30905,1
64721,1
63230,0
7382,0
5362,0
84454,1
50907,1
84746,0
56140,0
32048,1
61080,0
76203,1
64783,0
6253,0
55312,1
99695,1
97861,0
27346,0
36301,0
71603,1
52726,0
2369,0
86900,1
96389,0
67817,1
66788,0
35598,1
82923,1
102429,0
95386,1
41730,0
69049,0
75880,0
4692,1
39597,1
48585,1
71035,0
51915,1
25358,1
45727,0
69788,0
90838,0
3048,0
12242,0
70711,1
69794,1
18097,0
56999,1
3643,0
34578,1
5395,1
6113,0
93350,0
89547,0
82749,1
71437,0
63369,1
59375,0
33596,0
65549,1
87870,0
71103,0
25786,1
51527,0
13051,0
22362,1
39892,0
11681,0
39932,0
29049,1
12238,1
49687,1
9736,1
32804,0
40481,1
31465,0
18801,1
89780,1
61634,1
41546,1
34163,0
84818,0
12350,1
3827,0
3484,1
59525,1
11288,0
42606,1
17215,1
36480,1
17088,1
7243,1
86011,1
1281,0
32134,1
95835,0
2370,0
67188,0
55744,1
15576,0
13814,1
49711,0
57324,0
71472,0
49922,1
37272,0
13420,0
11810,1
4049,1
49267,0
34860,1
28854,0
82679,0
94594,0
30574,1
30595,0
46185,1
63403,0
23496,0
12074,0
33528,1
93507,0
53857,0
66849,0
41832,1
57543,1
101731,1
58064,0
44242,1
7718,1
9652,0
43995,0
72928,1
26917,0
23528,1
71093,0
66256,0
21345,0
49450,0
33856,1
89528,0
33364,0
46054,1
76968,0
97652,0
42317,1
51423,1
77259,0
46873,0
31605,0
92519,0
48014,0
101512,0
59928,0
73955,0
24060,1
103840,1
99571,1
80284,0
94019,0
95348,1
16325,0
6540,1
79193,0
39573,0
94732,0
60272,0
33408,0
90354,1
38167,1
103664,0
1486,1
37423,0
76642,1
20634,0
64489,0
15734,0
24779,1
71056,1
75321,1
53072,0
1557,1
16001,0
86017,0
41754,0
38137,1
102900,1
8593,1
79601,1
87154,1
48442,0
32536,1
49954,1
35410,1
61771,1
63269,1
90064,0
1773,0
35035,0
12642,1
97178,0
74542,0
97788,1
98591,0
70607,0
65547,0
15420,0
16584,1
72585,0
12685,0
26943,1
23358,1
99074,0
70350,0
74112,0
92599,1
35655,0
88540,0
45520,0
37656,0
50999,1
52684,0
51048,1
86033,1
17285,0
27734,0
82595,0
21924,0
76593,1
27605,1
33058,1
87789,1
28225,0
46252,1
43807,0
97196,1
83966,1
61082,1
97520,0
93106,1
35605,0
58693,1
24189,1
16731,1
68465,0
63668,1
223,1
83938,1
87522,0
68386,1
81565,0
2484,0
58556,0
27662,1
34318,0
65673,1
21289,0
100880,1
8225,0
46671,1
91538,1
60531,0
80765,1
33948,0
5001,0
54693,0
75468,1
9879,1
67640,1
3767,1
72731,0
98568,0
58602,0
71082,0
78579,1
49751,1
39291,0
98922,1
74735,0
81903,0
103739,1
28774,0
83857,1
24448,1
3925,1
31833,0
95933,1
56996,0
25876,1
53227,0
33326,1
85155,1
75538,0
92458,0
15275,1
73080,1
67884,1
84390,0
62562,0
41028,0
74113,1
86508,0
14378,0
90949,1
81963,1
41856,0
61528,0
60088,1
19786,0
77675,0
79460,1
60249,0
81473,1
32444,0
624,1
34067,0
45711,1
80568,1
63133,1
48741,1
8296,1
3003,1
36696,0
12588,1
103314,1
46430,0
32445,1
53317,0
35215,1
63975,1
56572,1
4348,0
70549,1
25764,1
49044,1
68018,0
31895,0
44033,1
9731,1
25396,0
78129,0
22366,1
2083,1
103396,0
34857,0
11934,0
16756,1
52886,0
25451,1
90045,1
76245,0
30056,1
42360,0
12658,1
68293,0
20237,1
88682,0
70326,0
21913,0
72349,1
1906,0
20632,0
24512,1
109,1
91658,1
103284,1
93980,1
63931,0
28338,0
82185,1
57972,0
48441,1
30566,1
45951,0
15207,0
74063,0
2801,1
21953,1
59238,0
3832,0
19476,0
54572,1
62215,1
45856,1
59397,1
67076,1
96191,0
25455,1
81754,1
38369,0
45462,0
95333,0
72507,0
49974,0
6230,0
48907,1
84977,0
97315,0
7675,1
24777,0
89166,1
78121,1
80890,0
18667,0
29793,1
33889,0
52097,0
88257,1
11001,1
91379,0
33108,0
94319,0
55175,0
74360,0
15385,0
69274,0
86873,0
14063,1
82380,0
20505,1
71960,0
82845,1
61828,0
94143,1
31611,1
34971,0
82067,1
74751,0
63330,1
25466,1
91039,0
44553,0
93488,1
104583,0
25296,1
61369,1
18744,1
13588,0
55901,1
87527,1
58758,0
23288,1
103336,0
57762,0
49957,0
19725,0
5129,1
98429,1
53987,0
54256,0
86496,0
36305,0
11814,0
87350,1
57744,1
64551,1
40269,0
103377,0
27625,0
20933,0
46389,1
66762,0
103335,1
20561,1
2751,0
65424,0
73384,0
52419,1
26117,1
47803,0
38278,1
41669,1
42323,1
93111,0
6534,1
74505,1
101569,0
85366,0
48513,0
8411,1
104335,1
13741,1
59153,0
67167,1
94454,1
99633,1
43614,1
70741,1
65200,1
82518,1
36442,1
50395,0
42230,1
25551,0
36531,1
98713,1
69565,1
103084,1
94606,1
18648,0
50898,1
80688,1
90562,1
40145,0
96243,0
31709,1
3730,1
71276,1
5810,1
91097,0
103863,1
27826,0
87881,1
7603,1
54049,1
31553,1
35297,0
81179,0
64852,1
14084,1
79917,1
29307,0
32407,0
19785,0
12628,0
30100,0
67262,0
86950,1
18377,1
104795,0
99972,1
88062,1
28472,0
15286,0
78282,1
36654,1
43533,0
77176,0
103178,0
31365,1
43558,0
67469,0
15951,1
74727,0
8491,0
41680,1
9434,1
40786,1
62463,1
25235,0
44098,1
50941,0
40517,0
72380,1
68342,0
65741,0
65143,0
30620,1
52070,0
101778,0
62558,1
102819,0
11664,1
22714,0
8400,0
77301,1
59829,1
44789,0
47986,0
97068,0
9294,1
65041,1
6259,0
41515,0
52291,1
90083,1
42963,1
96020,0
32001,0
47476,0
20186,0
101358,0
41261,0
30117,1
38476,0
56122,1
28211,1
31772,1
50079,0
16007,0
39222,0
74855,1
64157,0
96051,0
69619,0
51593,1
59290,1
88238,0
59262,0
10892,0
20210,0
80698,0
961,0
35206,0
10384,1
62752,1
95534,1
76463,1
1210,0
93179,1
45764,1
20746,0
74056,0
60200,1
99007,1
22623,1
35961,1
24472,1
101301,0
66498,1
4855,1
29584,0
65554,1
102427,1
71606,0
78822,1
84930,0
31773,1
9500,1
75259,1
24294,0
29611,0
86432,1
33881,0
13336,0
2827,1
4717,1
32169,1
98192,1
91312,0
74672,0
61963,1
99629,0
41376,1
71826,1
83507,1
22948,1
48325,1
54307,0
55959,0
2330,1
5218,1
88315,0
35454,0
26749,0
77370,0
59431,0
7726,1
21469,1
41763,1
32041,1
24504,1
72815,0
16218,0
66333,0
104396,0
57303,1
75550,1
98829,1
14977,1
38489,1
71531,1
54086,1
80107,1
156,0
61460,0
28885,0
22110,1
25351,1
26599,0
93354,1
96425,0
50491,1
100774,1
1382,0
67742,1
62936,0
61281,0
9158,0
64228,1
38952,1
92553,1
1634,1
101084,0
16729,0
42449,0
58007,0
44581,1
24780,1
99121,1
41382,1
9856,1
73664,1
7111,0
17584,0
42889,0
39641,0
41124,1
58497,0
102274,0
66431,1
68404,1
58794,0
62002,1
74460,0
27157,1
32110,0
10248,1
93787,1
21127,0
56605,1
35231,1
76620,1
78252,1
36217,1
22404,1
5086,1
35344,1
28730,0
25264,0
6877,1
95270,0
22777,1
81811,0
57677,0
97009,0
65245,1
51169,1
73761,0
49897,1
77462,0
73504,0
23013,1
68877,0
87977,0
9088,0
27974,1
23466,1
101689,1
47805,0
14401,0
23753,0
47565,1
80959,0
91411,1
101124,1
84862,0
30823,1
67418,0
49604,1
27900,1
5389,1
84800,1
102139,0
6941,0
69601,1
8299,1
84344,0
20457,1
32125,1
50581,1
2309,1
70624,0
42456,0
71181,1
17144,1
15810,0
34560,1
73564,1
74686,1
1354,1
95568,0
47303,0
70232,1
8983,0
32044,1
103320,0
20937,0
64111,1
12169,1
649,1
21530,0
103422,0
51675,1
59535,1
52709,0
72903,1
21222,0
81340,0
91799,1
1770,0
98522,0
3728,1
75451,1
57134,1
21980,1
47131,0
24226,0
8053,1
82423,0
14462,1
59451,1
92288,0
31236,1
31184,1
77053,0
15323,0
53755,1
92926,1
93493,0
83677,0
77770,1
98851,1
71009,0
94474,1
64695,0
75820,1
41210,0
37078,1
53726,1
1081,1
61152,0
41984,1
103525,1
83328,1
48681,0
33335,0
80954,0
50105,1
35759,1
85908,0
29857,1
91003,0
51911,0
18272,0
54468,0
7212,1
41155,1
39510,1
74775,1
90154,1
20691,1
10409,0
41380,1
1108,0
15197,1
69142,1
98372,0
47034,0
53478,0
19310,1
78480,0
48189,0
59003,1
18126,0
70576,0
61284,0
102301,1
53995,0
65853,1
27401,1
72442,0
72173,0
100558,1
57049,1
16482,1
29945,0
98731,1
73820,1
90276,1
3896,0
12587,1
39035,0
46662,0
38238,0
73262,1
85731,0
40366,0
101342,1
44168,0
33379,1
39916,1
102216,1
71928,0
88914,0
15790,0
68734,1
40950,1
27168,0
1285,0
6012,1
49683,1
27955,0
41268,1
76505,0
28926,0
49844,1
47524,0
12571,1
40722,1
61936,1
74466,1
59582,1
68829,0
88386,1
67228,1
10659,1
98183,1
16056,1
38436,0
18197,0
42715,1
26807,0
19928,0
42635,1
20041,0
88813,1
25772,1
92466,0
51317,1
67915,0
53413,1
56898,1
33640,1
102588,1
72291,1
6919,1
75400,1
99850,1
49689,1
33146,1
89578,1
31926,0
26330,0
40737,0
9169,1
56112,1
837,0
52937,0
77508,0
23955,1
94231,0
48593,1
101978,0
65653,1
3761,1
58432,1
81000,1
104529,1
32656,1
100833,1
88554,0
2962,0
79973,1
70739,0
38643,0
90091,0
28678,0
40967,0
26299,1
1353,1
41673,0
23518,1
73859,1
97476,0
23723,0
60421,0
41457,0
66702,1
54369,0
44381,0
45044,1
62746,0
91224,0
86434,1
57988,0
25681,0
5480,1
81619,1
101582,0
13951,1
66920,1
64442,0
70217,1
34772,1
59917,1
80168,0
15566,0
6399,1
100786,0
38775,1
9246,1
34187,1
24107,1
60714,0
3593,1
85864,1
56883,0
83357,0
76468,1
99197,1
52794,0
26772,0
57525,1
104222,0
40719,0
51210,0
41627,1
29216,0
95937,0
50830,0
26951,1
29483,0
77863,0
17273,0
84169,0
96240,1
83204,1
79390,0
94751,0
45120,1
57291,1
83203,0
30752,0
35162,0
91631,1
85968,0
73326,1
91980,0
85976,0
81985,0
85857,0
5938,0
59029,0
31608,1
15337,1
49502,0
62609,0
25171,0
17836,1
66304,0
7611,1
54806,0
13551,1
60681,1
85794,1
33879,1
69242,1
16104,1
40039,0
3955,1
68020,0
73983,0
100144,1
98856,0
16105,1
86467,1
48021,1
15575,0
52364,0
64857,0
48490,1
14074,1
87653,0
773,0
36042,0
21124,0
75131,1
8410,0
54204,1
35846,1
88624,1
11883,0
21541,1
4044,1
100393,1
29659,0
22066,1
10768,1
14970,1
94901,0
99602,1
87361,0
88177,1
53996,0
83174,0
28150,0
88830,0
5226,1
72738,1
65120,1
31878,0
62294,1
9790,0
40893,1
47687,1
76106,0
16110,0
96304,1
14799,0
90242,0
100645,1
30674,0
102035,1
16959,1
17145,0
63084,1
5960,1
55564,0
56283,1
76932,1
31969,0
69673,0
15506,0
35259,1
48220,0
47069,0
68506,1
33354,0
22535,1
58361,1
92649,0
14572,0
2887,0
58130,0
87738,1
16183,1
39776,0
60018,1
94337,1
5792,1
4013,1
47823,1
71857,0
75965,0
99831,1
97486,1
80712,1
84593,1
47181,0
62274,0
68411,0
61405,1
94398,0
79630,1
14057,0
85057,1
73586,0
25431,1
94137,0
44247,1
72191,0
13113,1
57851,1
93467,1
3292,1
8142,1
27159,0
61294,1
101032,1
81599,0
22432,0
26909,1
43860,0
7141,1
59578,0
100253,0
19431,0
23990,1
36515,1
2320,1
16999,0
13582,0
92407,1
44228,0
103005,0
16974,0
67159,0
53916,1
8725,1
12363,0
14557,1
102308,0
29569,1
103919,0
79638,1
53439,0
56308,1
76678,0
15377,1
100753,1
71311,0
52708,1
104777,0
26601,0
88085,1
51147,1
50211,1
99644,0
30737,1
9690,1
41759,0
54905,1
47238,0
13888,1
66893,0
59494,0
100896,1
98120,0
9438,0
95836,0
73377,1
76339,0
62365,1
19618,0
90334,1
10569,0
81986,0
33797,0
75528,0
91851,1
8929,0
35708,0
53526,0
81710,1
62898,0
68409,1
68642,1
61404,1
44053,1
66832,0
103491,1
26047,1
17743,1
70291,0
96744,0
40022,1
66471,0
24489,1
38156,0
71411,1
91353,1
44786,0
91058,0
66679,1
2203,1
101063,1
10365,1
88782,0
36697,0
76873,0
10122,1
11532,1
18054,0
95974,1
30921,1
27509,0
70673,1
23885,0
70512,1
16023,0
22198,0
94907,1
23808,1
95815,0
88160,0
51241,1
84984,0
25661,0
55396,1
4004,0
70738,0
22046,1
34880,0
56456,0
43117,1
34167,1
8374,1
89291,0
94636,0
46297,1
56270,0
19335,1
44577,0
7298,1
63818,1
82981,0
24966,1
17050,1
62512,0
55056,1
51505,0
43213,0
11730,0
46850,0
102678,0
26258,1
104052,1
40689,1
22203,0
29183,1
5273,0
188,1
79634,0
101892,0
19870,0
16144,1
86449,0
42952,0
35693,1
86022,1
73809,1
4819,1
54392,1
42967,0
7829,1
13778,1
18245,1
25848,1
33194,1
34360,1
13561,0
95730,0
25582,1
50728,1
75052,1
24955,1
43988,0
41957,0
32209,1
78956,1
99162,1
38856,0
10497,1
50893,0
70323,1
101851,0
15350,1
44609,1
95881,1
84120,0
36762,1
11339,1
17685,0
92197,1
15381,0
17051,0
95861,0
76482,0
79863,0
54963,1
32629,0
82014,0
50522,0
72499,0
35299,1
83840,1
4380,1
100954,0
87088,1
60116,1
2948,0
71407,0
50239,1
14200,0
70450,0
79608,1
45251,0
84770,1
23671,1
81757,0
13244,0
12422,0
88121,1
19674,1
40579,0
7383,0
64816,1
15240,0
59686,1
61322,0
54759,0
63603,0
78825,0
103451,1
85483,0
81236,0
87029,0
76813,0
7026,1
46384,1
13071,1
657,0
21620,1
19976,0
54199,1
82252,1
18946,1
63049,0
92521,1
87306,1
46885,0
34904,1
85391,1
73669,0
43279,0
8345,1
84356,0
32770,1
20323,1
101762,1
75650,0
83006,1
22663,1
87492,1
55227,0
97606,1
78058,0
32512,0
24418,1
26181,0
86340,0
100452,0
75738,0
80633,1
44429,1
95852,0
19230,1
80369,0
79540,0
83786,1
38969,1
8618,0
30020,0
6855,0
26365,1
102868,0
57997,1
32477,1
101420,0
1825,1
71282,0
82786,0
46966,0
64915,0
57181,1
62601,0
72235,0
66936,0
2869,1
14960,1
12449,0
32099,0
48554,0
24622,0
9967,1
94345,0
59999,0
65316,0
9682,0
40066,0
36296,0
68394,0
66345,0
2375,1
100028,0
72913,1
29910,1
10089,1
8152,1
101172,0
78403,1
103348,0
43697,0
18102,1
96139,1
8195,1
98285,1
99472,1
96849,0
36324,0
57392,0
75606,1
5652,1
29447,1
20140,1
72131,1
74769,1
16051,0
69270,0
52373,1
21254,1
24135,1
40857,0
5400,1
53449,1
94265,1
20528,0
86461,1
62392,1
51085,1
60767,1
101933,1
33620,0
2056,1
61647,0
39021,1
66598,1
25270,0
63730,1
44931,0
5390,1
70543,1
79401,1
36618,1
80334,0
14010,0
66117,0
91159,1
94898,1
1851,0
101041,1
86362,0
100869,1
90728,0
87274,1
44877,1
64671,0
59638,0
91162,1
74596,1
88169,1
1616,1
64964,1
69033,1
49381,0
52040,0
86131,1
58166,0
35372,0
10177,0
61282,0
102795,0
101997,1
75433,0
10186,1
27127,1
28878,1
15040,0
23097,1
27536,1
85846,1
67528,0
84902,0
10977,0
14992,0
31117,0
47225,1
100343,1
55600,0
12212,0
95626,1
37455,1
31448,0
86518,0
48126,1
21959,0
44992,0
79137,0
43758,0
17007,1
95104,0
19754,0
38939,0
45912,1
25348,1
6413,1
55146,0
87675,1
83079,1
6617,1
49469,0
100084,0
38360,1
1569,1
35918,1
93628,0
75050,0
93661,1
63058,1
34200,1
97898,1
62109,1
16266,0
85805,1
37325,1
66965,1
17864,1
76956,1
4390,0
4135,1
25499,0
20811,1
80596,1
23791,0
4546,0
48132,1
24396,0
81174,0
22016,0
2653,1
4625,0
887,0
16048,1
67890,0
57070,1
38294,1
80283,1
70656,1
32813,1
43734,1
36455,1
42721,0
11097,0
14964,1
19268,0
102619,0
42162,0
86397,0
102282,0
76194,0
96642,0
19177,1
62285,1
67189,1
17907,0
3012,0
73019,0
9381,0
71045,0
60775,0
30427,0
7427,1
20499,0
60172,1
35535,1
42159,0
67350,0
3810,0
60286,1
90338,1
22593,0
59355,1
49224,1
1877,0
9283,0
55201,0
93445,1
89651,1
76123,0
20358,0
68123,1
35981,0
83749,1
5045,0
57263,0
11236,0
9077,0
57624,1
89459,0
11492,0
42158,1
33605,1
16821,0
49790,1
9433,0
100246,0
781,0
66636,0
89773,0
61566,0
101911,0
99002,1
38194,0
23672,1
27397,1
6863,0
40,0
94343,1
98629,1
80321,0
68205,1
62943,1
34665,0
26800,0
77054,0
83431,1
28200,1
56706,0
27831,1
22137,1
95445,1
55052,0
32786,0
48986,1
54579,1
68787,1
394,0
33870,1
23598,1
1443,0
99894,1
25858,1
19705,1
65459,0
38549,1
38430,0
34343,1
8234,1
87421,1
41309,0
94984,0
17639,0
84115,1
56014,1
85934,0
79400,1
4443,1
24487,0
25860,1
8196,0
62665,1
49299,0
98887,1
46849,1
96900,0
44006,1
19294,0
91129,0
92036,0
85086,0
58963,0
77764,0
60134,0
100800,0
23685,1
101083,1
63820,0
2389,0
101042,1
22648,1
38606,1
43793,0
7388,1
79256,0
28789,0
100972,1
94325,0
46074,1
103894,0
45446,1
27825,1
34519,1
24984,1
34144,1
91504,0
40730,0
82611,1
80832,1
95042,0
59310,1
11683,1
52455,1
61384,0
18862,0
49329,0
90266,0
15857,0
47868,0
17490,1
33447,1
42264,1
59590,0
83421,1
91630,1
25236,0
90034,0
103103,1
74485,1
58071,0
12496,0
92007,1
44248,1
93772,1
70262,1
68315,0
98443,1
44664,0
73200,1
56280,1
66335,0
100526,0
37643,0
42645,1
100085,1
49642,1
49141,0
5992,0
31968,1
76208,1
61626,1
8837,1
36967,0
25299,1
100017,0
15946,1
20835,1
38523,0
100835,1
94432,0
56612,0
31106,1
95258,0
11032,1
47020,1
61974,1
83072,0
78894,0
29084,0
61300,0
79977,1
3422,1
23713,0
18277,1
6109,1
103371,1
14052,0
82663,0
11997,0
83757,0
102840,1
103734,1
4818,1
51952,1
1782,1
45859,0
37738,1
92190,1
39115,0
76363,0
75572,0
78412,1
36242,1
50400,1
46194,1
21590,0
27121,0
31697,1
53917,1
30329,0
90225,0
14051,0
26902,1
72022,0
54977,1
81616,1
30271,1
38439,1
97007,0
99469,1
87477,0
16613,0
31914,1
40653,1
103424,0
56287,0
3535,1
89518,0
18835,1
59915,1
7573,1
23056,1
41729,1
34938,0
55488,1
84781,1
29842,1
15251,1
30226,0
33434,0
36060,1
96696,1
4652,1
24900,1
22153,1
96879,1
43611,0
38109,0
73429,1
74388,0
21497,1
34493,1
77744,0
78599,0
93830,0
40153,0
72179,0
83125,1
65617,0
8481,1
93841,1
72855,1
41513,1
85183,1
24178,0
30363,0
89333,1
51898,1
2149,1
59793,0
14366,0
104562,1
60260,1
10843,1
50446,0
38744,1
37155,0
53719,1
6533,0
66890,0
3964,0
27269,1
95620,1
62373,1
39814,0
86725,0
26427,1
21948,1
2586,1
74820,0
84288,1
78701,1
47423,1
27327,0
64468,1
56169,1
29574,1
3726,0
4465,1
78810,1
89077,0
5313,0
89542,0
72840,0
16975,1
16301,0
97163,1
82770,0
45959,1
99325,0
62045,0
71310,1
101222,1
15227,0
96854,1
9065,0
31330,0
87422,1
95553,0
72478,1
43609,1
32350,0
63906,1
77572,0
5773,1
27426,1
29400,1
72232,1
96300,0
18678,0
52476,1
11525,0
85399,0
82979,1
37665,0
72312,1
18211,1
77708,1
68926,0
28686,0
19325,1
99132,1
45507,1
87865,1
21138,1
16351,1
49020,1
70093,1
84119,0
69736,0
72075,1
35455,1
45210,0
27474,0
3894,1
34451,0
65420,1
94315,1
44221,1
85320,1
51434,1
2460,1
87184,0
38530,1
70651,1
4402,0
19265,1
101296,0
58678,1
42185,1
94366,1
25980,0
1064,1
44776,1
8460,1
69699,1
99981,1
2903,1
102131,1
58387,0
77137,1
43309,0
79831,0
44411,1
21046,1
78287,0
92430,1
102058,1
82120,0
73420,0
51084,1
41293,0
85433,0
96971,1
63218,1
46480,1
4680,0
66535,1
58001,0
7769,1
17768,1
29505,1
96552,0
18098,0
42399,1
63550,0
73708,0
73037,1
69616,1
91947,0
80124,1
103488,1
77734,1
61196,0
20953,1
75352,0
46050,1
77740,0
55523,1
45519,1
40604,0
82712,0
1185,1
80915,0
104196,0
97118,1
47035,0
54477,1
60063,0
11711,0
82619,0
90931,0
50754,1
48886,0
11022,0
89134,1
7500,0
2206,0
103308,0
38516,0
17603,0
24850,0
5286,0
82237,0
43969,1
37610,1
67006,1
18248,0
30786,0
92938,1
25987,0
67557,1
70716,1
86522,0
78676,1
44808,0
37370,0
83616,1
13289,0
9268,1
33497,1
61630,0
50233,0
18177,1
95540,0
34038,1
99236,1
9449,1
81983,1
41172,0
8995,1
82509,1
74331,1
90921,0
56533,1
78530,1
54919,0
7963,0
81355,1
28202,0
58449,1
46366,1
94614,1
102937,1
95826,1
96905,1
97026,0
67880,1
43173,1
49581,1
19161,0
54282,1
104794,1
79886,0
32576,0
45259,0
37310,0
42101,1
14740,1
88555,0
12840,1
56618,1
55141,1
12694,1
29367,1
59841,1
99110,0
73110,1
15865,0
91387,1
99836,1
43886,1
5948,0
47666,1
94355,0
87591,0
41960,1
85156,0
37034,1
6182,1
15002,1
22069,0
42696,0
41648,1
59916,0
35850,0
70626,0
24265,1
24022,1
30663,1
53473,1
68428,1
56276,1
90089,0
13380,1
103037,1
88954,1
22035,1
31414,1
79254,0
13851,1
19603,1
74520,1
2221,0
99556,0
17568,1
71087,1
23307,0
43752,0
91347,0
86346,0
51849,0
19433,1
22553,0
45803,1
23439,1
92650,1
19461,1
27749,0
13999,1
5252,1
20553,1
8114,1
20241,1
100420,0
81550,0
43468,0
59287,1
68821,1
29563,1
46375,0
43085,1
63658,0
57961,0
53551,1
90810,1
31728,1
36868,0
60453,0
18745,1
52481,1
29219,1
93904,0
80527,0
15796,1
11003,1
67723,0
58392,1
51123,1
26159,0
25484,0
80817,0
99230,0
90036,1
63839,0
97419,1
54975,0
79541,0
81895,1
75830,0
5097,1
92925,1
69526,1
41026,0
26830,1
95996,0
55997,1
47734,0
104231,1
103541,1
36718,1
35873,1
98029,0
78745,1
40645,0
41928,0
66324,0
3673,1
91952,0
28673,0
14295,0
97666,1
44338,1
77721,0
47134,1
82276,1
91526,1
97052,1
59976,1
47036,1
3193,0
24320,0
25075,1
86581,0
93291,0
35983,0
38954,1
22480,1
104846,0
61427,1
89814,1
91979,0
99949,1
66476,1
101193,0
21880,0
84191,0
70750,1
64213,0
56410,0
28486,1
17138,1
40824,1
40040,0
70733,1
52302,0
3297,1
67846,0
80075,1
25275,1
22350,0
84538,0
32353,0
101880,1
103961,1
71350,1
38035,1
96155,1
5826,1
9555,1
80887,1
6228,0
204,0
78291,1
11283,0
87429,0
64979,0
1925,0
11194,1
11735,0
60647,0
84251,0
39247,1
9777,0
59282,1
15090,1
30778,1
6581,1
70574,1
48949,0
49833,1
4751,1
94065,0
63707,1
67963,1
104365,0
1739,1
15483,1
2401,1
68539,1
100733,1
80543,0
82583,1
104830,0
76076,1
34138,0
74404,0
13843,1
78969,0
97308,1
22425,1
82587,0
31859,0
77604,1
59128,1
1598,0
12600,0
32077,0
48088,1
84342,0
63424,1
77404,0
17402,1
50335,0
88599,1
32304,0
66973,1
46643,0
99999,0
68180,1
97773,0
6165,1
98418,1
89186,0
28096,1
63233,1
54986,1
47863,1
90605,0
10533,0
47543,1
66859,1
52066,0
63854,1
100434,0
76889,1
92273,0
43864,1
39577,0
28323,1
16071,0
26347,1
81774,1
12782,1
57246,0
6351,1
103069,0
20048,1
99344,1
3163,0
58357,0
28029,1
82515,1
65006,0
103886,0
51828,0
36048,0
20284,0
36123,1
35325,0
82261,0
73304,1
84959,1
36984,1
13264,0
2736,0
77296,0
69919,0
77725,0
32551,0
63883,1
8754,1
74210,1
25093,0
25195,1
16519,1
65485,1
73346,1
86855,1
104778,1
91442,1
26851,1
4362,1
11547,0
4188,0
8761,1
17573,1
49096,0
44884,0
100992,0
32438,0
68127,1
11531,1
99727,1
70240,1
76706,1
11534,1
81369,1
43472,0
88739,1
40149,0
14228,1
16942,1
47068,0
11702,1
89719,0
26066,1
29502,0
86455,0
73545,1
32177,0
31343,1
46385,1
95691,1
60636,0
17295,0
93234,0
17108,0
64071,0
16210,0
84281,1
44977,1
98753,1
71324,0
91971,0
31748,1
599,1
68398,0
84087,1
376,1
100023,1
53249,1
78903,1
77048,0
101618,0
11673,1
83541,0
10635,0
58320,1
24363,1
71291,0
26629,0
104535,0
6771,1
22729,0
102717,0
102984,1
96321,1
40803,1
57941,0
93714,0
35530,1
84079,0
46544,0
42598,1
79747,0
18577,1
64027,1
63189,0
33525,1
60993,1
93320,1
90336,0
94005,0
35037,0
10605,1
48361,0
52211,1
52855,0
50716,1
83807,0
19942,1
95457,1
24785,0
47174,0
94929,0
26625,1
23236,0
84934,0
24390,1
14060,0
43863,0
79891,1
99885,0
3329,0
30031,0
57330,0
78014,0
62506,0
27043,1
50736,0
50476,1
54518,1
20072,1
73563,1
30888,0
104678,1
93145,0
25173,0
20177,1
44460,1
54297,0
13317,1
100924,1
28585,0
41241,0
98886,0
36663,0
34089,0
4050,0
96684,0
39392,1
9360,1
81656,0
29054,0
2675,0
42865,1
73553,1
27102,0
53132,1
92993,1
56803,1
54341,0
104443,0
47252,1
7698,1
22560,1
83282,1
12376,0
70939,0
95003,0
11432,0
60971,0
33531,1
18882,1
84065,1
7421,0
101411,1
33572,0
59273,1
31084,1
32126,0
28561,1
104819,1
41488,0
16488,0
86983,1
63992,1
81335,0
79404,0
73808,0
7417,1
65679,0
18350,0
63428,1
27431,0
4138,1
102724,0
5796,0
103075,0
6111,0
21408,0
89055,1
69841,0
5609,1
39616,0
34592,1
10103,1
4564,0
94647,1
93575,1
63143,0
39054,0
86440,0
75442,0
17666,1
58700,1
57260,0
101400,0
102180,1
81756,1
7904,1
17923,0
58900,0
66262,0
24066,1
37058,1
2831,0
78938,0
53530,1
47888,1
27464,1
87065,1
62015,1
79442,0
37255,0
18445,1
1637,0
14771,0
44314,1
65401,1
38562,1
8218,1
83296,0
51071,0
76317,1
1294,0
21189,0
12921,0
54562,1
104289,1
45119,1
77294,0
14752,1
61997,1
16793,1
19793,0
93806,1
28579,0
44469,1
67355,0
4017,0
104234,0
86695,0
90889,0
64244,1
80100,0
89597,1
87321,1
15200,0
98239,0
36522,1
1944,0
64178,0
15157,1
78146,1
79420,0
28281,1
1816,1
26678,0
6246,0
67527,0
74556,0
79742,0
54734,0
27680,1
9394,1
84815,1
42772,0
98236,0
35801,1
17596,0
4294,0
19739,1
78030,0
65337,1
45287,1
56569,0
42308,1
27856,0
21214,1
1655,1
60575,1
43731,0
8178,1
39854,0
94864,1
31221,1
76485,0
75615,0
76332,0
30639,1
70094,0
24278,0
95889,0
98408,0
103374,1
101149,1
5488,0
88270,1
19878,1
37265,0
65791,0
8694,1
69704,0
2764,0
16685,0
87669,1
35887,0
13376,0
36319,0
74064,1
75049,0
79934,0
33245,0
10032,0
31688,0
51880,0
46936,0
57627,0
36520,1
41150,1
73095,0
93660,0
78672,0
58210,0
43981,1
38743,0
40751,1
95098,0
5098,0
77982,0
28813,0
5993,0
86243,1
33876,0
12095,0
102818,0
18155,1
12996,0
31517,0
76080,1
31370,0
32470,1
18381,0
85046,0
92492,0
95893,1
11281,0
43877,0
18196,0
69200,1
96119,1
62209,1
17072,0
73109,0
78585,0
82892,1
24004,0
42739,0
59255,1
99290,0
96296,1
56585,0
4686,0
25939,0
11502,1
1827,1
37433,1
73489,0
58550,1
30099,1
60871,0
93425,0
11115,1
25792,0
26031,1
78841,0
41560,1
97127,1
82586,0
34402,1
53332,0
21636,0
37438,1
48716,1
73214,0
27266,0
59496,1
56041,0
53150,1
38977,1
38541,0
36043,0
63044,0
101974,1
103014,1
38791,0
74369,1
80427,0
96096,0
48623,1
99587,1
26101,1
29450,1
21615,1
60460,0
26860,0
29927,1
100435,1
11843,1
87020,1
6659,0
21237,1
73248,1
23656,1
83895,1
45657,0
15110,0
53031,1
86787,0
64167,0
40945,0
58922,0
36864,1
76064,1
51049,1
77854,0
25578,0
90130,0
64056,0
277,0
101769,0
80834,0
66020,1
82291,1
52716,1
33890,0
68019,1
66632,0
74115,1
23982,1
97442,0
81434,0
13753,0
82093,0
51318,1
98475,1
57020,0
50976,0
10922,0
27953,1
85136,1
97479,0
71361,0
96781,0
82188,1
84737,1
92193,1
70337,1
16485,1
49370,0
43782,0
45334,0
16770,0
92545,0
56301,1
39995,0
21234,0
61021,1
91852,0
9448,1
66290,0
38124,1
75553,0
93722,1
12002,0
1093,1
58416,1
34305,1
100843,1
10652,1
32331,1
50306,1
12796,1
50286,1
18179,0
36674,1
43811,1
48773,1
28591,0
44543,0
32461,1
40069,0
59205,1
30307,0
40365,0
58091,0
8516,1
63219,1
65165,0
4151,1
44329,0
14839,1
21582,0
5811,1
9001,0
47698,1
91276,0
55548,0
61831,1
83696,0
12433,1
5457,1
38332,1
6911,0
72736,1
66875,1
11349,0
17524,0
4596,1
21031,1
11630,0
19823,1
46217,0
307,1
95914,0
86043,1
103794,1
94862,0
36081,1
6844,1
30435,0
86656,0
6143,1
88052,0
78362,1
51607,0
16367,1
72881,0
45172,1
16086,1
45399,0
29759,1
8112,0
17571,1
94844,1
4058,0
60574,1
61526,1
14778,1
47670,1
23646,1
103443,1
100585,1
48725,0
54741,1
33316,1
14467,1
91652,1
56801,0
71020,0
42207,0
95858,1
23480,1
49643,1
98065,1
29346,1
62564,1
39986,0
36069,1
85316,0
72410,1
2305,1
658,0
19895,1
96080,1
54326,0
30735,1
670,0
101410,1
47627,0
32960,0
40060,1
23590,0
46983,0
61134,1
99215,0
9437,0
98363,1
66785,1
69855,0
52832,0
60527,1
76667,1
39208,1
44773,0
18288,0
88074,1
10352,0
32055,1
43102,0
19089,0
33231,0
73072,1
101678,1
97246,0
80352,1
30604,0
70207,0
18085,0
85128,0
87759,0
49278,1
88869,1
28291,0
37907,1
53981,1
48985,1
12260,1
22368,0
90226,0
36222,1
47673,1
77549,0
29124,0
20151,0
48954,0
41723,0
7046,0
86318,0
84653,0
78584,0
78879,1
100708,1
86694,0
54409,1
48923,0
62795,0
91813,0
94462,0
65331,1
14678,1
12119,0
33989,0
3300,1
57994,1
35431,0
51729,1
21263,1
39709,0
27773,0
92298,1
80847,1
86608,0
91367,0
33631,1
90340,1
59603,1
50797,0
64126,1
9895,0
68492,0
98292,1
11297,0
46934,0
24821,1
74655,0
99416,1
67615,0
16678,0
39593,0
47974,1
26383,1
84806,0
41909,0
15821,0
73875,1
56983,1
94239,1
3463,0
24791,1
91022,1
102964,0
16757,1
86045,1
60069,1
74142,0
12772,1
77851,1
23624,1
52797,1
49443,0
55909,0
83178,1
16763,1
99533,1
75824,1
56579,1
54774,0
6202,1
45637,1
102190,1
73282,0
10022,0
22506,0
30086,0
66247,1
39999,1
83471,0
47400,0
94307,1
63100,0
18495,1
59695,0
12506,1
66769,0
71207,1
54671,0
72339,0
46982,1
28212,0
50914,1
65763,0
99931,1
54195,0
10638,0
21193,0
19195,1
33941,0
58855,1
83266,1
17588,1
17033,0
29585,0
6538,1
9155,1
79012,0
23832,1
61438,1
44378,0
32541,0
85185,0
13434,0
89945,1
99626,0
92215,0
104462,1
52860,1
67032,1
50037,1
99016,1
78808,1
17321,1
33248,0
68368,1
12756,1
32346,1
89741,0
68911,1
51588,1
59353,1
99233,0
1052,1
1526,1
44174,0
82429,0
9212,1
44600,0
16719,1
40676,0
72251,0
46871,0
44186,0
31278,0
9356,0
49156,1
47685,1
64923,0
51824,0
30563,0
3224,1
11893,0
87298,0
42610,1
77041,0
84176,0
38266,1
83151,0
76329,1
38800,1
42133,1
71226,0
91721,1
6305,0
22630,0
67779,0
57645,0
46647,1
31986,1
91583,1
77321,1
25992,1
77580,0
19293,1
35572,0
54396,0
90491,1
14949,1
81191,1
47821,0
56253,1
29850,1
51518,1
6867,0
80665,0
27727,1
55284,1
54610,0
104865,0
36013,0
85406,0
64930,1
100685,1
82413,1
74350,1
47621,0
27796,1
67451,0
31947,1
74659,0
62793,0
37518,1
86228,0
77867,1
76940,0
74157,1
73580,1
35225,1
14982,0
13724,1
81246,1
54870,1
1036,0
66515,1
49580,0
5102,0
84329,1
12043,0
55992,0
75823,0
98535,0
27550,1
71296,0
96445,0
16618,0
51475,1
101533,0
4806,0
57356,1
54892,1
54085,0
40052,1
5476,0
66452,0
291,1
23505,1
63734,1
75040,0
97869,0
46691,1
49911,0
67986,1
77013,1
16580,1
33280,1
67823,1
622,0
89180,1
56068,1
56007,0
5373,1
9946,0
34686,1
18692,0
29957,1
54312,1
9240,1
92146,1
45692,0
67526,0
23587,0
97229,1
3688,0
19659,1
89363,0
91154,0
68994,0
74746,1
74252,0
100860,0
60300,1
32266,0
86904,1
94055,1
103205,0
6720,1
87478,0
97275,1
86203,1
19516,1
96382,1
95509,0
39618,1
60309,1
11118,0
39531,1
20968,1
72556,0
58470,0
91997,0
47425,0
29771,1
83591,1
88339,1
74726,1
20039,1
3897,0
77375,1
91611,1
99195,0
31531,0
103617,1
40567,0
50003,1
88196,0
18084,0
18709,1
41817,1
25973,0
84926,1
64051,1
65528,1
9815,0
1257,1
89854,0
35501,1
87962,0
78904,1
100388,0
55621,1
23127,0
67320,0
87916,1
79533,1
52134,1
1196,1
45830,0
82966,0
78642,1
47154,1
9082,0
70245,1
18207,1
15378,1
44478,0
43556,0
85252,0
72458,0
22806,1
65339,1
49219,1
1041,0
23778,1
18989,1
37589,0
23988,0
6133,0
22113,0
25818,0
48786,1
56664,0
74834,1
84408,0
79019,0
21941,1
91104,0
45714,1
69238,1
66386,1
72772,0
51833,1
103286,0
23239,0
98371,0
61318,1
61549,0
11922,1
34832,1
60555,0
63074,1
6366,1
745,1
89803,1
30560,1
39712,1
8961,1
41231,0
55857,0
41482,1
98637,0
90382,0
4425,0
293,1
94386,0
75666,1
84097,0
100228,1
39534,1
56501,0
69624,1
2172,1
78849,0
51717,1
96503,0
20969,0
89041,0
39146,0
11629,0
57201,1
53852,1
36558,0
86466,0
28441,1
30293,0
65445,0
47290,0
6752,1
51768,0
50619,1
48637,0
103586,0
22897,1
53828,0
23298,1
31595,1
40500,0
28403,1
103458,1
8336,1
36066,1
20942,0
29001,1
73497,1
41323,0
81198,1
27313,0
48181,1
8608,0
44643,0
45247,0
6865,0
47449,0
101553,0
52187,1
24719,1
3811,0
46669,1
29565,1
92652,0
18901,1
93246,1
48919,1
59119,1
35896,1
100387,1
94311,0
8332,0
88412,1
60094,0
61375,1
53678,0
45393,0
71180,1
59598,1
38777,1
24299,1
94759,0
81042,0
23270,1
77030,0
82576,1
101058,0
37055,1
5562,1
29894,0
14083,0
42978,1
75450,1
88717,1
103279,0
97851,1
59127,0
3227,0
50796,1
69511,0
15014,1
51703,1
69159,0
88821,1
60505,0
25644,1
39804,1
36494,0
72574,1
51503,0
88806,1
12210,1
18542,1
87158,1
40188,1
18548,1
97640,1
68535,0
662,1
75854,1
25952,0
64446,0
68148,1
54133,0
95181,0
10982,0
103992,0
89138,0
11839,0
81679,1
19850,1
68160,1
51809,0
59061,1
88588,0
76711,0
83815,0
67633,0
51455,1
104157,1
101555,1
71383,0
66509,1
74622,0
47776,0
9063,1
18235,1
45578,1
86786,1
72335,1
52583,1
13540,0
47834,0
2157,0
93712,0
65332,0
68207,0
13122,1
65852,1
90433,1
15,1
60292,1
35881,0
103729,1
98424,1
6961,0
11604,1
53061,1
78567,1
50392,1
6536,0
7906,1
79375,0
53210,1
73799,1
76027,1
83401,0
90545,1
17620,1
24237,0
101110,1
99031,0
14816,1
34793,1
87524,1
20701,1
52706,1
100350,0
7225,0
77509,0
83273,0
48482,1
86692,0
50927,0
92196,0
58005,0
58251,0
76662,1
90799,0
80036,0
89320,1
132,0
421,0
67584,1
81598,0
25273,1
23121,1
35411,0
77408,1
72455,0
15411,1
52948,0
10249,0
70902,1
8136,1
33437,1
74244,1
62348,0
95343,1
102740,0
51509,0
87137,0
47652,1
56327,1
27354,1
15542,1
34802,0
16102,0
50198,0
65340,0
36424,0
35632,0
42225,0
35425,1
104285,0
36297,0
27842,1
87665,0
59880,0
69879,1
27708,0
65854,0
33007,1
66280,0
34160,0
95361,1
89975,1
55943,1
62379,0
34087,1
21353,1
47175,0
75745,0
84287,0
61982,1
7365,0
95352,0
12148,0
26226,1
47029,0
15276,1
101703,0
93999,0
99514,0
89923,1
49126,0
3749,1
30530,1
68993,0
34697,0
47028,1
70064,0
39434,1
53960,0
4396,0
52431,0
35552,0
23269,1
32240,0
65362,0
99103,1
59632,0
89479,0
46852,0
87060,0
86829,1
37308,1
67149,1
10105,1
68164,1
74181,0
95362,0
28334,0
13454,1
83887,1
19118,0
24143,0
50424,1
626,0
2427,1
2802,1
101392,0
27020,0
32227,1
20977,0
30104,0
71170,0
21783,0
28764,1
770,0
44820,1
88065,1
95745,0
70827,1
38456,0
64572,1
62464,0
54909,1
82858,0
49050,0
100647,0
27738,0
11920,1
8780,0
18453,1
10386,0
2842,0
57385,0
66619,0
18981,1
19720,0
76559,1
102761,0
29206,0
37741,1
81657,0
86599,0
32347,1
52761,1
65423,1
82657,1
28850,1
53007,1
19448,0
66972,1
43133,1
64946,1
70509,0
19568,1
8260,1
49021,0
101414,1
75986,0
37715,0
10476,0
86231,1
67294,0
74934,0
92060,1
55511,0
9368,0
36159,1
41122,0
16681,1
27395,1
84376,0
66413,1
32916,1
5401,0
47216,1
93231,0
29482,0
13767,1
32508,0
21104,1
38364,1
29508,1
89993,1
100056,1
86734,0
34949,1
103006,0
80833,0
96939,1
64042,0
38665,0
80237,0
82863,1
45547,1
74776,1
41805,1
53606,0
66060,1
37870,1
104843,1
18880,0
62398,0
91613,0
41837,0
84485,1
47899,1
30089,1
74972,0
23612,1
87175,0
77311,1
49877,1
52388,1
60543,1
37085,1
72529,0
33124,0
60191,0
56466,1
55322,1
22792,0
71593,1
29322,1
66450,0
80139,0
96686,0
96407,0
5658,1
52451,1
104607,0
98221,1
34461,0
30635,1
72596,0
71424,1
72626,0
27894,1
28644,0
59970,0
75542,1
52387,1
98634,0
3243,0
77206,0
6858,1
69747,1
36754,1
95651,1
77277,1
46215,0
18510,0
61800,1
82099,0
35279,1
42145,0
98235,1
23835,1
87090,1
104681,0
81012,0
103420,0
73975,0
82340,1
104687,0
57418,0
58378,0
72365,1
92182,0
100068,0
43248,1
72223,0
39453,1
90175,1
8728,0
42605,1
75817,0
6325,0
38299,1
487,0
7324,1
31491,1
45376,0
84561,0
104627,0
67613,1
31933,0
87123,1
101560,0
71287,1
75755,0
100943,1
60103,1
36827,1
26815,0
52135,1
88281,1
37238,1
4400,0
81264,0
99968,1
81029,1
69592,0
49719,0
35826,0
58699,1
81892,1
55041,1
94053,1
93372,1
40113,0
91675,0
11695,0
91446,0
95299,0
72974,1
42919,0
98057,0
102512,1
38272,1
72307,1
4181,1
76828,0
86779,0
51938,0
80307,0
90825,1
103138,1
714,1
81727,1
23687,1
95641,1
26733,0
16682,0
69501,1
54938,0
33755,0
38413,0
49011,1
48569,1
12768,0
81525,0
92904,1
18663,0
74838,0
87796,0
46755,1
88742,0
33672,1
92898,1
39949,1
16735,1
46593,1
31651,0
46719,1
50655,0
61015,1
11585,0
53114,1
73712,0
29765,0
30946,0
23054,1
3695,1
10448,1
22445,1
45026,0
94393,1
83343,0
52396,0
15231,1
59278,1
3952,0
1684,1
20692,1
43247,0
79253,0
87173,1
3102,1
21047,0
73514,1
41075,0
70540,1
33091,0
10474,0
67863,1
100995,0
3182,0
58248,0
34046,1
15303,0
66030,1
34496,1
26521,1
92446,1
72226,0
18285,1
21410,0
23423,1
104744,0
43965,0
23655,0
57693,1
93015,1
18340,0
76584,0
53657,1
24460,1
53571,1
55993,0
33619,0
84425,0
80965,0
69260,1
32923,0
94090,0
18488,0
66161,1
66153,0
21650,0
93190,1
49767,0
17090,1
10845,1
34485,1
80435,1
19138,1
35166,0
58986,1
99561,1
97744,1
53275,1
74282,0
17589,0
94642,0
32877,1
36572,1
27404,1
44430,0
30066,1
37271,1
65588,1
41977,1
6096,1
56199,1
24696,1
52992,1
51003,1
82740,0
11925,1
12854,0
88769,0
38938,0
23992,1
92636,1
43337,1
280,0
101907,1
78768,0
73219,0
73152,0
98697,1
33486,0
100547,0
43023,1
103225,1
98866,0
29434,1
68034,0
34275,0
14416,0
70814,0
23451,1
26715,1
103101,1
30049,1
71517,0
91588,0
67437,1
70115,0
33923,0
71998,0
26741,1
20076,0
57581,1
37928,0
44595,0
44437,0
33695,1
78875,0
84648,0
63308,0
38459,1
22446,0
72469,1
45404,1
89860,0
30610,1
26568,1
89986,1
50187,0
37440,0
34129,1
30132,0
53628,1
5528,1
28344,1
50500,1
19910,1
91208,1
70955,1
96072,0
88664,0
71708,0
50068,0
48193,0
82993,0
47705,0
21518,0
38509,1
37494,0
55165,1
74119,0
47162,1
73146,1
58138,0
101736,0
1341,1
59725,1
4687,0
47748,0
88338,0
27683,0
88948,1
60719,1
83374,0
65146,0
37138,1
49348,1
9851,0
38502,1
62528,0
39778,1
59626,0
33180,0
16636,0
40266,0
72927,0
54969,1
39758,0
50131,0
18367,1
87940,0
11324,0
74311,1
14313,0
40617,1
5615,1
97456,0
55489,1
39463,0
95756,1
95493,0
26820,0
5295,1
13137,0
60695,1
68125,0
3175,1
100334,1
61099,1
11734,0
93054,0
47934,0
95298,1
73954,0
9111,1
5124,1
27396,0
36439,1
34347,0
37313,0
85829,1
60852,1
64272,1
51036,0
73999,0
61401,0
42420,0
80339,1
67268,1
93524,0
30891,0
28728,0
65788,0
49758,0
84718,1
24252,0
28708,0
29534,1
81009,0
39176,0
51211,1
34781,1
810,1
13043,0
39810,0
26009,1
1014,0
72798,0
45939,0
6195,1
25120,0
41183,0
65425,0
63335,0
6527,0
66666,1
22300,0
63549,1
6719,1
89388,1
71828,0
82698,1
36326,0
54760,1
92954,0
62254,0
89290,0
98160,1
5890,1
36737,0
28111,1
89316,1
35908,0
16080,1
10783,1
12393,1
48262,1
77781,1
103819,1
48238,1
94796,0
28205,0
5631,0
1362,1
96448,0
38143,0
79406,1
20211,0
80803,0
30949,0
31472,1
33781,1
99655,0
99437,0
31949,0
70752,1
76154,0
40463,1
88906,0
73127,1
22772,0
90684,1
43838,1
46324,1
43135,0
71451,0
33773,0
82725,0
21979,1
21535,1
55500,1
1001,0
36086,1
77190,1
95302,0
58973,0
104466,1
71731,1
18045,0
92618,0
20410,0
79027,1
67839,1
55239,0
42007,0
53607,0
46246,1
69013,0
41596,0
79593,1
637,1
81152,0
41917,1
44119,0
99729,1
6573,1
93946,0
96285,1
15061,1
69836,0
89062,0
42165,1
91187,1
29120,0
89321,0
101200,1
18817,0
89984,0
37959,0
55631,0
102877,1
54271,1
55754,0
39282,1
65442,0
44699,0
95630,1
54009,1
13947,0
10179,1
22814,0
62400,1
4444,1
48878,1
47387,1
48029,0
84499,0
76884,0
66184,1
104543,1
87073,0
79963,1
78578,0
3656,1
34525,1
64851,1
38861,1
56329,1
8099,1
96878,0
59250,0
103771,1
61706,1
40301,1
94892,1
85659,0
45379,0
54848,1
51539,1
100070,1
85952,0
104373,0
10846,0
30775,1
62319,1
97054,0
91513,0
58454,0
19080,1
36855,0
68837,1
28302,0
5269,1
58971,0
100281,0
30683,1
49064,1
57899,0
9050,0
39572,0
56384,0
102562,1
100123,0
27251,1
13442,0
10433,1
29222,1
25782,0
33303,0
17627,0
37764,1
44074,1
70457,0
67562,0
85861,0
23284,1
26281,1
78780,0
39469,1
84401,1
43501,0
61342,1
71862,0
91815,0
90559,1
58255,0
104568,1
78294,1
53809,0
68320,1
69068,0
69767,0
71234,0
40398,1
9756,1
22823,0
65738,1
81980,0
78083,0
33267,1
79829,0
94525,1
24956,1
101697,1
77979,1
56322,0
10073,1
93664,1
73874,0
44765,1
32622,1
70463,1
85274,0
85975,1
61143,0
83462,0
99916,0
10958,1
64214,0
75698,1
27821,1
43775,1
77342,1
48227,0
101471,1
75859,1
99455,0
43171,0
40807,1
73810,0
53742,0
24575,1
25500,1
85239,1
68178,1
53642,1
23122,0
58487,1
44665,0
94108,0
23139,0
38168,1
51462,1
38669,0
93447,1
56176,0
98434,0
57735,0
51620,1
4952,1
63694,1
97244,0
10762,1
40862,0
44244,1
22645,0
84487,1
17043,1
70320,0
98154,0
74049,0
23156,1
37759,1
71870,1
80632,0
92349,1
39831,0
50530,0
83300,0
1707,0
51664,1
77817,1
102469,1
39906,1
103872,1
60730,0
608,0
100344,0
23050,1
96773,1
77247,0
87817,0
91479,0
19887,0
39739,1
89512,0
22022,1
53914,1
34590,1
7349,0
3687,0
13331,1
51580,1
17880,1
51482,0
10295,1
80085,1
93440,0
12147,1
32769,0
41147,0
104644,1
63989,0
25598,1
9900,0
62603,1
38857,1
104051,0
54013,0
45041,1
75603,0
75280,0
75876,1
94077,1
89203,1
78364,1
41581,1
66372,0
21720,1
48570,0
73693,1
46392,1
30127,1
87571,0
3478,0
66871,1
51215,0
78309,0
32801,1
37288,1
76021,1
55676,0
68720,1
72253,0
68606,0
56535,1
95759,1
44604,1
13522,1
2421,0
19030,1
104338,0
30499,1
63299,0
51411,1
1202,1
44079,1
84185,0
48,1
74538,1
69263,0
89418,0
58911,1
70378,1
85965,0
19563,0
57819,0
62216,1
78767,0
14256,0
92549,0
43037,1
101383,0
31026,0
69725,0
49582,0
74084,1
33851,0
7770,1
28005,0
2275,0
73325,0
17827,0
55452,1
100110,0
71376,0
24282,1
37633,1
77302,1
32399,1
73247,1
14779,1
57570,1
70695,0
10575,0
84268,1
58619,1
82143,0
56246,0
31460,1
90742,0
15642,1
88379,1
49741,1
64221,0
1642,1
34784,0
62974,0
27859,1
11444,0
2589,1
4345,1
34789,0
11753,0
99805,0
21827,0
24969,1
64081,0
6809,0
96680,0
9570,0
11107,0
41081,1
46947,0
102380,1
34547,0
25821,0
39380,0
3878,0
69183,1
7749,1
294,1
73104,1
65871,1
104849,0
50900,1
14403,1
62359,1
38195,0
76102,0
102461,1
57256,0
41943,1
53720,1
69730,1
31839,1
34527,0
42036,1
8624,0
100536,1
42118,1
20926,1
71881,1
82940,0
79559,0
68602,1
25201,1
55871,0
60194,1
11655,0
43056,0
47807,1
29285,0
56709,1
20593,0
83415,1
48789,1
646,1
80043,0
51827,0
99046,1
51785,1
25994,0
12040,1
69871,1
25026,0
6333,0
47096,1
7870,1
77378,0
45744,1
38284,1
98099,1
98412,0
24128,0
85942,1
93362,1
102812,0
78206,1
31146,1
72754,0
26526,1
103684,0
99889,1
20216,0
21952,0
4792,1
42231,0
46701,0
39555,1
68139,0
5420,1
100989,0
1647,1
76746,1
53798,1
53491,1
92004,0
80925,0
83290,1
52132,1
61727,0
3598,1
104017,1
15615,1
51560,1
31025,0
48581,0
3640,0
33433,1
11392,1
7273,1
94558,0
7752,0
78820,0
37417,0
33056,1
103192,1
92747,1
26527,1
66210,1
104576,0
65205,1
86697,0
15563,0
79919,1
25494,1
49280,1
97008,1
73415,0
29970,1
45073,1
44623,0
62640,0
12669,0
8401,0
35839,0
10779,0
64118,1
26783,1
97449,1
89429,0
84579,1
41239,1
83503,1
74713,1
15949,1
9518,1
42752,0
18594,1
11335,0
98122,0
76602,0
102698,1
57653,0
37261,1
50862,0
38508,1
100578,1
4871,1
46173,0
55038,1
91958,0
64463,1
3833,1
94028,0
42829,1
16837,0
88453,0
47706,0
46491,1
6079,0
48034,1
76835,1
8123,1
25304,1
56263,0
100243,1
98983,0
22344,1
78261,0
66323,1
63226,0
85032,0
66028,1
95460,0
754,0
94916,1
66804,1
100682,1
87439,0
93459,1
12966,0
64592,1
20864,1
5921,1
10041,0
65823,1
12439,0
47369,0
59109,0
88217,0
61787,1
40449,1
30908,1
84179,0
55804,0
55009,1
79665,0
95682,1
57969,0
16362,0
88382,1
32932,1
88946,1
93369,0
77917,0
28219,1
56987,1
35208,1
44366,1
1996,0
68016,0
65760,0
64972,1
64215,0
29176,0
87329,1
3965,0
65444,0
91686,1
14287,1
61349,1
20732,1
29126,0
27243,0
53431,1
73610,0
88581,0
4981,1
102102,0
70150,0
14676,1
27013,1
30704,1
89084,0
20985,1
38056,1
1241,1
104129,1
41006,1
97059,1
25035,0
7017,0
87662,0
56053,1
71441,0
98410,1
36197,1
2724,0
27368,1
101821,1
62649,0
78681,1
32569,0
13785,1
72892,1
54064,1
96657,1
31020,0
81216,0
94620,1
76016,1
68265,1
4415,1
61761,1
4773,1
70767,0
32499,1
89421,0
61638,1
45558,0
75252,0
35330,1
57081,1
182,0
67975,1
16010,0
6049,0
92180,0
86267,1
67130,1
77670,0
97336,0
39603,0
94020,0
92409,0
29492,1
18612,1
1248,0
16526,1
88094,0
50387,1
71562,1
7183,0
39703,0
24364,1
82581,0
12709,1
92829,0
46216,0
14734,1
16968,1
87718,1
18985,1
17431,1
81869,0
91720,0
70635,0
30599,0
80897,1
18370,1
45364,1
26608,1
3690,1
6251,1
7950,1
52325,1
103295,0
86012,1
8656,0
66285,0
16945,0
45577,1
63904,1
102569,1
81953,1
46565,0
46542,1
16322,1
75931,1
9396,0
66680,0
24610,0
25993,0
63142,1
60227,1
101020,0
36949,1
54022,0
33795,1
8649,0
103231,1
74227,1
22007,1
21251,1
88376,0
61960,1
22488,1
51137,1
33708,1
652,0
51126,1
39887,0
9799,0
60717,1
87970,1
91475,1
84236,1
96766,1
66435,1
26492,1
38028,0
70787,0
74129,1
24660,1
77563,1
86169,1
93828,1
44838,1
95563,0
69090,0
1240,0
43270,1
12207,1
1766,1
54416,0
77229,0
63902,1
97805,1
31913,1
92908,1
63967,0
2559,1
84969,0
20672,0
22539,0
63881,0
13172,0
33704,1
11881,0
56489,0
68013,1
102183,0
61073,0
39985,0
59497,0
59368,1
66935,1
103846,0
5923,1
3638,1
9947,1
37095,0
38139,0
72025,0
27005,1
19447,0
71839,0
38343,1
21347,0
31569,1
36604,1
98125,1
1560,0
85911,1
44510,0
37427,0
39145,1
77360,0
98584,1
97785,0
65552,0
44645,0
20796,0
90628,0
31130,0
50377,1
40628,1
54090,1
9601,1
5120,1
36791,0
75350,0
79298,1
99516,0
91385,1
71733,0
104746,0
28577,1
6700,1
28209,1
61873,1
58674,1
7055,0
3476,1
22444,0
29873,0
16313,0
90813,0
11842,1
101767,0
60799,1
43689,1
91767,1
21025,1
23771,0
53718,1
6491,1
63923,0
80081,1
35405,0
10766,0
86435,1
84911,0
64947,1
29974,1
73633,1
20688,0
20771,0
102976,0
95660,1
86235,1
31693,0
16750,1
2972,1
19672,1
91361,0
101875,0
30138,1
19510,1
18077,0
40485,0
10244,1
64015,0
10310,1
61864,1
9703,1
96706,1
64537,0
63863,1
13168,1
90422,0
99515,0
34528,1
49979,0
102744,0
58451,1
3973,0
52746,1
57564,1
33517,0
60513,0
9251,1
76723,1
34985,1
85371,0
9164,1
56332,0
26043,1
93407,1
21314,1
4542,1
10145,0
102497,0
52027,0
27668,1
79294,0
83919,1
1540,1
30204,1
59393,1
83860,0
8519,1
93413,1
40631,0
28271,1
25221,1
74948,0
63124,0
40776,1
44241,0
83974,0
100256,0
52676,1
54036,0
6682,0
93911,1
102399,0
11006,1
95321,1
63573,0
94128,0
70177,0
22101,1
40063,1
35004,1
79117,0
56929,0
45288,1
25813,0
62067,0
28362,1
81683,1
60596,1
33318,0
34288,0
95030,0
56757,1
71178,0
59170,1
102228,0
89004,0
58745,0
50844,0
104355,0
15412,0
104775,0
79139,0
10215,1
59597,1
49704,1
25210,0
10690,1
95132,0
102421,1
42783,0
94500,1
61585,1
51515,1
100103,1
40570,1
93567,0
52096,0
12218,1
63076,0
22750,0
7020,0
15737,1
8554,1
21053,0
89974,0
22679,1
6861,1
78396,0
69698,0
32794,0
81723,1
69004,0
97154,0
94886,1
47871,1
53661,0
58526,1
60336,0
79416,1
73829,0
74000,0
27896,0
17883,0
56692,0
64483,1
12166,0
42141,0
84387,1
15327,1
47646,0
1805,0
91418,0
93813,1
30239,0
8626,0
46570,0
50247,1
81298,0
27824,1
53741,1
65782,0
46094,0
89383,1
7416,0
7014,1
104811,1
10740,1
85547,1
38177,1
48830,0
93347,1
44142,0
67207,1
25870,1
94459,0
66270,0
54617,0
72100,0
42806,0
35341,1
46302,1
62627,1
60449,1
55054,1
61065,0
26579,1
28269,0
41978,1
40501,1
99078,0
18698,1
17527,1
61689,1
99591,1
91809,1
89284,1
30392,1
51173,0
54379,1
14917,0
37850,0
66599,0
1747,1
38138,1
35146,1
60691,0
44274,0
99356,0
76058,1
2373,0
82184,0
53716,0
50373,1
22471,1
43795,1
80493,0
20192,1
21804,1
70742,0
22370,0
96659,1
76973,0
71478,1
103413,1
15925,1
10491,1
97608,0
3875,0
18361,1
48143,1
99742,1
73452,1
63684,0
99457,0
3978,1
41283,1
34065,1
85899,1
5104,1
69814,1
91777,1
99823,0
95418,0
33333,1
65558,0
63414,1
49554,1
6036,1
24312,0
68057,0
33492,0
8084,1
11562,0
22803,1
77911,1
99651,1
86671,0
94583,1
64028,1
2678,1
52932,0
90239,1
57179,1
90740,0
18,1
11002,1
25193,1
76060,0
91323,0
80227,0
4047,0
37336,1
82191,0
36750,1
99976,0
40895,1
22108,1
93241,0
83880,1
19506,0
57586,0
34889,1
38614,1
102747,1
42084,1
69820,0
81877,0
11945,1
74479,0
68284,0
50997,0
63784,1
96681,1
97012,0
57415,1
94177,1
50102,1
51670,0
38854,0
70962,1
79059,0
68722,1
57663,1
47195,0
24026,1
56110,0
38246,1
66977,1
72431,1
31583,1
69128,0
54338,1
52102,1
88689,1
13216,0
96933,0
72990,1
36832,1
21430,1
45530,1
43176,1
12509,0
28979,0
21393,0
27100,1
67356,1
96631,0
62991,1
73677,0
67279,1
75700,1
4552,1
36787,1
92919,1
52121,0
102650,1
41180,0
68066,1
37953,1
80910,0
57040,0
102105,0
59147,1
47430,0
6387,1
89764,0
12118,1
48350,1
101753,1
72543,0
85184,0
12861,1
22905,1
17367,0
71499,0
66486,1
56306,0
46017,1
58269,1
35342,0
39142,1
19093,0
104475,1
57719,0
92517,1
21425,1
23295,0
96192,0
58168,0
83973,1
64238,1
57355,0
9039,1
9193,0
89017,0
56910,1
17748,1
26046,1
26377,1
3072,0
87305,1
102908,0
79238,0
67004,1
34771,0
20260,0
7587,1
17613,1
25599,0
17512,1
85363,0
18553,1
32390,0
42107,0
71890,0
93024,0
93335,0
2573,0
44017,1
43089,0
1563,0
52237,1
47277,0
1927,1
14151,0
40540,0
60190,0
97138,1
41491,0
60201,1
37208,1
60918,1
51298,0
83536,0
70853,1
26504,1
16567,0
103492,1
2103,0
42593,0
103971,1
46485,1
42785,1
85755,1
95997,1
59799,1
66138,0
14306,0
54605,1
91019,0
63281,0
8493,0
80538,1
68749,0
660,1
43084,1
56210,0
91274,0
21558,1
42939,1
74314,0
69538,0
60073,1
600,0
46016,0
84377,0
47797,0
67110,1
22440,1
84572,0
68978,1
34740,1
87753,0
95588,1
54112,1
78285,1
88436,0
94715,1
49863,1
32010,0
53547,0
31558,1
35327,0
51685,0
7919,1
90970,1
78501,0
101605,0
28942,1
37154,0
25116,0
67220,1
81426,1
14402,1
20058,1
87781,1
44549,0
100173,0
34878,0
80095,0
102266,0
85494,0
98430,0
61187,1
27966,0
85078,0
27742,1
85145,1
35830,0
29320,1
60216,0
82630,0
54058,0
92742,0
12406,1
68327,1
74517,1
33136,0
28358,0
57975,1
35226,0
31832,1
4998,1
20413,1
98885,1
16639,1
25178,0
34791,0
40558,1
51384,0
7900,0
30871,1
5968,1
36239,1
78932,1
37878,0
75100,0
66532,1
38901,0
41494,1
70889,1
27350,0
34843,0
94203,1
62975,0
9232,1
15365,1
50485,1
17195,1
19367,0
6542,1
101422,0
66904,0
84496,1
24112,1
9687,0
70474,1
5282,1
1612,0
60499,0
98319,0
15356,1
81547,0
36772,1
13627,0
103518,1
27080,1
61425,0
84128,0
92703,1
19729,0
52339,0
14319,1
37120,1
52335,0
10694,0
66901,1
74002,0
81704,0
43077,0
46249,1
9376,1
47753,0
60770,1
31177,1
18640,1
42955,1
69228,1
67895,1
83057,1
65976,1
25840,0
41710,0
21707,1
27473,0
29705,1
75041,1
39637,0
26362,0
70838,0
89640,0
18894,0
89112,1
41428,1
92347,0
80217,0
55224,1
3858,1
8512,1
93470,1
11890,0
10906,1
76156,0
9192,0
77272,1
85784,1
97758,0
67889,0
60909,1
98326,0
86188,1
58105,1
104531,1
14912,1
97949,0
62190,0
76025,1
104071,0
2092,1
5573,1
54366,1
42565,1
26915,0
51866,0
82881,1
93370,0
70223,1
83038,1
6694,0
48070,1
75623,0
55249,1
8156,1
12843,0
47681,0
76204,1
24170,1
93824,0
61989,0
13692,1
81045,0
31885,0
70940,1
43314,1
36802,1
77185,1
79427,0
12606,1
70596,1
56906,1
21255,1
15401,0
42318,1
19455,0
63678,0
95272,0
80410,0
82083,0
26786,1
100391,1
49567,0
92250,0
25943,1
68252,1
54194,1
77459,0
21928,1
34780,0
64962,1
54162,1
50240,1
68646,0
17020,0
13965,0
10857,0
61453,1
55122,1
58592,1
83837,1
23398,1
51929,1
59557,1
78229,1
80422,0
87382,1
90092,0
77392,0
37008,1
74840,0
26975,0
65592,1
54156,0
46007,1
78066,0
60741,0
5350,1
100236,0
98173,1
102999,0
11467,1
28618,1
1797,1
89851,1
82901,0
15052,0
17510,0
34654,0
40711,0
11940,1
9342,1
26702,0
30634,0
64555,1
38467,1
86657,1
69362,1
81375,0
69074,0
96097,1
30995,1
58843,1
14796,0
67052,0
55267,0
56438,1
46960,1
1590,0
14753,0
26922,0
38016,1
25947,0
86388,0
68659,0
74506,0
4569,0
71384,0
43156,0
92251,1
89890,1
1127,1
23696,0
70256,0
85481,0
100412,0
64895,0
72792,0
55409,1
22422,1
34014,0
32078,0
94302,0
46967,0
72159,0
87693,0
84553,1
60158,1
81870,0
13050,1
75072,0
6262,1
22195,0
12301,1
95312,0
3246,0
101630,0
89541,1
14157,0
77264,0
24798,1
3755,0
58486,0
43809,1
11164,1
83756,1
27259,0
71213,1
103974,0
50440,1
69746,0
94988,0
70826,1
23580,1
67503,0
9367,0
69718,0
93280,0
85123,1
80326,0
70434,1
25546,1
85106,1
87671,0
15145,0
37985,0
100687,1
32199,1
58093,1
55953,1
90509,0
56565,0
22240,1
40391,1
78393,0
24500,1
46146,1
85173,1
6383,0
7805,0
23370,0
48366,1
24838,1
88107,1
95886,1
52946,1
49312,0
89915,1
80491,0
91080,0
44461,1
96108,0
4912,1
8511,1
31046,0
22417,0
61520,0
59866,0
68420,0
94878,1
74800,0
70680,0
27094,0
51691,1
13389,0
51839,1
98247,1
30642,1
18120,1
10561,0
99793,1
13106,0
71186,1
58747,0
62658,0
33707,1
48911,1
51038,1
32096,0
92150,0
46116,1
38663,1
665,1
61419,0
97823,1
104853,0
19640,1
1731,0
41883,0
62455,1
80105,0
57551,0
86729,0
102014,1
57293,0
91811,1
77428,0
79491,1
25531,1
79251,1
44828,1
70010,0
42838,1
16457,0
66170,1
73078,1
61704,0
69644,0
35503,0
74018,1
32235,1
48176,0
97471,0
70285,1
83265,1
1029,1
5109,0
18650,0
26276,1
16906,0
3241,1
81935,1
7219,1
103199,1
57778,1
46695,0
6258,1
43399,1
46120,0
94515,0
10327,1
31464,0
45561,1
49532,0
74559,1
56137,1
96731,0
4618,0
48427,1
50478,0
62428,1
69811,0
39270,0
99314,0
15237,1
26287,0
16923,0
21087,1
21041,0
74985,1
104384,0
15436,0
51946,0
2242,0
21220,0
83380,1
99456,0
30432,0
90618,0
63057,0
24483,1
12023,1
72743,0
85602,1
22597,0
44545,0
94986,1
85499,1
31219,0
62040,1
37866,1
66779,0
44966,0
69507,1
83393,0
82197,0
26500,1
80482,0
87433,1
16468,1
54166,1
8722,1
18868,1
57461,1
54643,0
58519,1
101164,1
100556,0
63751,0
47849,1
18679,1
50066,0
18229,0
64242,0
99206,1
15071,1
61951,1
13251,1
64205,1
100698,0
32750,0
15543,1
93,0
38365,1
17850,0
64749,1
42432,0
87068,1
24151,1
79245,0
1293,1
71032,1
45417,0
57300,0
24932,1
55040,1
37251,1
10370,1
909,0
46842,1
70873,1
42603,1
30632,0
66796,0
65317,0
51419,0
20382,1
99312,1
94018,1
94413,1
13431,0
43286,1
102256,0
49240,1
53104,0
48055,0
44727,1
58399,0
89805,1
89490,0
82010,1
64165,1
17837,0
45983,0
11104,0
76849,1
41930,1
68921,1
71560,0
10640,0
9013,0
89566,1
73363,1
102142,1
103405,1
40152,1
92617,0
17592,0
65239,0
13179,0
62344,0
23798,0
84243,1
12687,1
50548,0
89244,1
33082,1
81766,1
40974,1
26321,1
73024,1
76751,0
27363,1
97643,0
103761,1
49175,0
6753,0
100787,1
17910,0
173,0
44827,0
6767,1
22642,1
75074,0
7964,0
87986,0
45848,1
91601,1
82320,0
101244,1
81520,0
92399,1
99699,0
13072,1
75618,1
99260,1
10243,1
21929,0
24693,0
83115,0
101729,1
83494,1
104078,1
83584,1
58214,1
11656,1
26930,0
91853,0
15392,1
83671,1
82487,1
44556,1
91429,1
1654,1
32655,1
11628,0
60506,1
23918,1
57793,1
29374,1
80651,1
95832,1
85506,0
19613,1
6227,0
89144,1
71445,1
12034,1
52743,0
100109,0
78705,0
47017,1
24748,1
12553,1
38117,0
29701,1
32648,0
63136,0
83441,1
103,0
101718,0
64977,0
6731,1
42831,1
82685,1
1803,0
21232,1
87984,1
47540,1
41973,0
56186,1
96022,1
19993,0
904,1
28350,1
48760,0
88696,0
40800,0
97782,0
64203,1
531,1
4945,1
90645,0
43480,0
36466,1
29000,1
11244,0
15532,1
48551,0
45863,1
14768,1
94752,0
30124,0
31186,1
59913,0
63461,1
21269,1
65035,0
22178,0
72654,0
88466,0
59194,1
78150,0
21838,1
6770,1
96210,1
83577,0
16491,0
75715,0
21499,0
37510,0
43486,1
104410,0
50216,1
51294,1
12850,0
75030,1
99785,1
48326,1
53481,0
56298,0
71564,1
5531,1
86945,1
74704,0
42874,0
8730,0
34899,1
42802,0
91148,0
15559,1
79006,1
18397,1
45633,1
31470,1
22766,1
59088,0
5080,1
54638,0
39497,1
71464,0
7211,1
37432,0
16368,0
75443,0
10289,0
94035,0
87816,0
76943,0
101412,0
81993,1
19592,0
41834,1
43610,0
30890,1
64044,1
94030,1
88679,1
12186,0
76591,0
93356,1
9751,1
17761,0
28721,1
79799,0
68038,1
62408,1
4870,0
34616,0
1830,0
72976,0
34151,1
46245,1
68387,0
71343,0
36372,1
77038,0
97772,0
15477,0
21383,1
81636,1
99128,0
9723,1
9187,0
22973,1
15660,1
55427,1
87385,0
48271,1
58317,0
27532,1
26530,1
66167,1
59129,1
14340,0
22053,1
101893,1
17418,0
48822,1
1930,1
5161,1
68173,1
27193,0
37421,1
25183,0
6164,1
98034,0
89030,0
13822,1
58278,0
72880,1
2957,0
80860,1
45341,0
70470,0
18610,0
97129,1
97732,1
19922,0
69240,1
86444,0
3850,0
19921,0
3319,0
43630,1
20181,0
82336,1
78532,1
58146,0
8472,1
82891,1
93161,0
21950,1
85799,1
78479,0
78627,0
11414,0
91478,1
43200,1
39671,1
55623,0
78176,1
93818,1
25398,0
14801,0
72415,1
35964,0
64530,1
71653,1
26924,1
55919,1
84756,1
93276,0
46787,0
16062,0
500,1
29747,1
32539,1
61576,0
55060,1
11966,0
83751,1
82797,0
94154,0
12815,1
16748,1
78687,1
100194,0
94287,1
79898,0
23631,0
9334,1
11861,0
15554,0
15020,1
29643,1
71388,0
76405,0
41840,0
50010,1
51102,0
24915,1
45187,0
915,1
17397,0
97700,0
47222,1
25174,1
98662,1
85809,1
70298,1
3323,1
42429,1
45381,1
51902,0
39364,1
23177,1
22476,1
68617,0
90576,1
33396,1
66199,0
75051,0
897,1
4133,0
37224,1
949,0
89739,0
99492,0
34515,0
65934,1
37129,0
21296,0
94007,0
20904,0
15130,0
44263,1
71239,0
70212,1
6920,0
95287,1
26370,0
39003,0
88979,1
43169,0
64927,1
75809,1
15989,0
11838,1
60026,0
51427,1
28613,1
104643,0
85860,1
85152,0
40963,0
99026,1
15523,0
78289,0
92485,1
73289,0
82533,0
21157,1
97676,1
95286,0
30376,0
8521,0
21418,0
29022,1
3791,1
58652,0
101785,1
34228,0
101986,1
67425,1
59763,1
51088,0
34785,1
83116,1
91668,0
66231,0
102521,1
24572,1
82038,1
27186,1
81015,0
51367,0
74956,0
57281,0
4375,0
10854,0
3308,1
58877,1
65135,0
32992,0
2459,0
62098,0
93868,0
27022,0
38701,1
29807,1
25346,1
37,0
42382,0
58539,0
53477,0
57116,0
53958,0
12590,0
75000,0
81477,0
32993,0
20772,0
73286,1
78647,0
17350,0
32942,0
84182,0
46029,0
72640,1
41495,1
80421,0
81693,1
54979,1
68545,1
78267,1
62521,1
48826,1
70925,1
20735,1
15839,1
88630,1
5263,1
30692,1
62823,0
54998,1
102296,1
102325,1
49837,0
38961,0
80061,0
88427,1
47417,0
45761,1
33515,1
92379,1
62432,1
22868,1
16483,1
45137,0
65576,0
104440,1
65438,1
90101,0
54631,1
75608,0
69356,0
97762,1
73841,1
37970,1
40813,1
31638,1
52929,0
95567,1
12536,0
13165,1
56853,1
42833,1
6051,0
92050,0
22117,1
95636,0
2344,1
29369,0
22770,1
71331,0
38926,1
54332,0
6593,0
103732,0
55842,1
83353,1
63332,0
73226,0
11521,0
102440,1
72508,1
15454,0
15588,0
51406,1
40900,0
17669,1
69817,0
58047,0
78427,1
90480,0
81248,0
593,0
11705,1
100156,0
18938,1
46761,0
27861,0
11132,0
26711,1
28198,1
12312,0
1819,1
98389,1
53674,1
58386,1
17404,1
58558,1
95207,0
96627,1
53997,0
33867,0
64490,1
58014,1
26679,1
23586,0
25472,0
82220,1
6907,1
12643,1
51629,0
20534,1
19532,1
90901,0
91840,1
79715,0
12550,0
70703,1
52999,1
102313,0
44236,0
9352,0
59838,1
9976,0
98782,0
40206,1
98622,0
31663,1
96349,1
9202,1
61876,0
23754,1
84105,0
42265,1
19452,1
92727,1
75908,1
44440,0
92429,0
58437,1
18204,1
85528,0
28216,1
23667,1
79574,1
40522,1
2261,1
18659,0
84753,0
31283,0
30633,1
49122,1
66174,1
79197,0
14244,0
7601,1
62958,1
20310,0
63757,0
79691,0
42011,0
7567,1
30510,1
52524,0
27941,0
17541,0
9126,1
100882,1
28583,0
85322,1
61844,0
39714,0
37822,1
51376,0
45031,1
93389,0
26790,1
37462,1
47878,0
1007,1
32688,1
49548,0
65921,0
37758,0
51470,1
91447,1
6420,0
93916,0
75740,0
88856,1
10773,1
946,1
75769,1
56972,0
16295,0
98044,1
74190,0
72871,0
4728,1
32130,1
83983,0
1954,0
104564,0
82236,0
52546,1
56091,0
98021,1
91157,1
40229,0
88645,1
56049,1
92238,0
90853,0
30919,1
54318,0
33670,1
28028,1
36660,1
48462,1
25572,0
8315,0
26684,1
91828,0
37743,1
86868,0
48872,0
49766,0
74373,0
98257,0
86935,1
16718,0
57986,1
81911,0
21686,1
81981,0
23537,0
5013,1
53103,0
66369,1
50739,1
46700,0
54947,0
90046,0
90809,0
97043,0
28978,1
18302,1
97392,1
32278,1
57567,1
25687,0
104442,1
99175,0
75633,1
6467,0
63935,1
56377,0
5004,0
93728,0
90660,1
91275,1
71963,1
63971,0
63131,0
1314,1
79764,1
85657,1
54526,1
92154,0
49716,1
1145,1
24767,0
27809,0
4462,0
96722,0
38898,0
76358,0
20758,1
50438,0
103122,0
7803,0
10877,1
85428,1
4492,1
64976,0
26203,0
28435,1
64284,1
73682,0
87545,1
48533,0
36804,1
39148,0
30153,1
83184,0
13312,1
19657,0
19631,1
76110,1
57105,0
19641,0
62743,1
10135,1
26063,1
44743,1
27685,1
34022,0
9520,1
82739,1
7658,1
103880,1
20529,1
65242,0
71740,0
93801,0
96299,1
87954,0
65546,0
52861,0
85509,0
40939,0
80776,0
53597,0
41227,1
37567,1
87093,0
67778,0
32392,0
40477,1
39183,1
78858,1
2218,0
10934,1
78,0
70993,1
65203,0
25280,1
34921,0
87850,0
69991,1
4474,0
78958,1
48894,0
4129,1
80751,1
2727,1
85340,1
73513,1
5650,1
61174,1
43137,1
34917,0
67657,0
1139,1
9778,0
21563,1
11663,1
32149,1
66309,0
4586,1
24983,1
11659,1
92794,0
28037,0
56211,0
69193,1
62511,1
101659,0
58403,0
24001,0
71650,0
62044,1
28993,1
27031,1
71285,0
19066,1
537,1
51600,0
33591,0
103642,1
71257,0
80782,0
59076,1
21621,1
78724,0
83809,0
86647,0
15950,0
84801,0
49564,0
42872,0
41604,0
37226,0
42131,1
63787,1
13128,0
44356,0
48087,0
39658,1
86997,1
78777,0
24153,0
89828,0
50298,0
21333,0
5393,0
69331,0
62830,1
89217,1
75835,0
46774,1
26666,0
87067,1
65902,1
26176,1
60960,1
21062,1
26952,0
102760,0
37490,1
99169,0
34997,1
86645,0
47299,0
3649,1
64465,1
65284,1
63392,0
86541,0
43891,1
97289,1
79477,1
74815,0
94959,1
82406,0
60270,0
3031,1
20128,1
3132,1
1620,0
38578,1
60690,0
3004,0
54214,1
82192,1
103829,0
27978,1
97184,1
85621,0
33991,1
6600,1
63091,1
82031,0
91020,1
26454,0
65796,0
57946,0
42016,1
74715,1
9597,1
65402,0
7729,1
49193,1
103172,1
44726,0
72832,1
93223,0
63326,0
71721,0
1213,1
89629,0
12227,0
71392,1
45829,0
97256,0
27528,1
69891,0
11340,0
65590,0
68324,0
43504,1
36491,0
93850,1
54882,0
31461,0
11495,0
38103,0
96799,1
17179,1
62411,0
44106,0
97981,1
95095,0
37837,1
85341,1
100268,0
46496,1
63813,1
98146,1
5728,1
79888,1
75711,1
73529,1
22900,1
56713,1
93917,0
60343,0
86807,0
36934,0
80628,0
104600,1
8478,1
59234,0
77948,0
67566,0
90791,0
78306,1
43933,1
5468,1
70701,0
99111,1
43698,1
77645,1
85234,0
78678,0
61417,0
65721,1
46777,0
85392,1
76140,0
954,0
4010,1
19274,1
65159,0
55344,0
4015,1
88614,0
23292,1
41299,1
84154,0
45826,1
36842,0
29872,0
26308,0
43651,1
21795,0
37744,1
10822,1
60908,1
84312,1
58447,1
54811,0
3455,1
79351,1
31118,1
60121,0
43181,0
61006,0
29724,0
31979,1
14685,1
6176,0
97739,1
82893,0
9260,1
35176,0
89260,0
67610,0
27557,1
71235,0
84308,1
3429,1
32033,0
24551,0
25586,1
38309,1
39827,0
104713,0
8171,0
67431,1
81454,1
71215,1
83350,1
58489,1
95254,0
15332,0
76318,0
90380,0
85137,0
104552,1
16941,0
100316,0
19902,0
35468,1
20585,1
91984,1
36421,1
91051,0
55935,0
71978,1
75211,1
5044,1
86588,0
102206,0
16588,0
62781,1
54034,0
78569,1
52579,0
29138,1
72794,0
62631,0
90695,1
82354,1
78262,0
60680,1
73711,0
77967,1
57089,0
14053,0
15992,1
94818,0
92707,1
7364,0
98536,0
14334,1
77574,1
70053,0
25997,0
89793,1
51680,1
61110,1
70386,1
69508,0
88098,1
73927,1
102384,1
22261,0
82697,1
43207,0
15700,1
60414,1
75758,0
83979,0
26626,0
68087,0
48174,1
92580,0
12792,1
43671,1
50179,1
18451,0
93636,1
21818,1
61527,1
78044,1
91963,1
39080,0
34365,1
69395,1
100099,1
38811,0
90571,0
48542,0
64541,0
97307,0
73740,0
78171,0
19841,0
67448,0
33645,1
55657,1
76077,0
2456,0
65081,1
32996,0
45212,0
74690,1
9409,0
70997,0
80807,0
17407,1
9784,0
84010,0
91078,0
63176,1
54014,1
2025,0
59629,1
41658,1
80968,1
68338,1
72670,1
54126,1
94318,0
30666,0
39701,1
62390,0
94822,0
68184,1
58267,0
8247,1
8540,1
29991,1
67855,0
9987,1
28463,0
36878,1
24009,1
75921,0
93733,0
39504,0
42206,0
87556,1
87002,1
51822,1
4707,0
20283,0
53442,1
76488,0
41995,1
67844,1
104393,1
10620,1
70268,1
25823,0
67218,0
79518,0
42252,1
18142,0
24221,1
55075,0
70625,0
104345,0
51233,1
23082,0
12329,1
76078,1
100287,0
104266,0
13248,0
103871,0
80981,0
8386,1
55939,1
10158,0
43370,1
76673,1
10626,1
57427,1
56265,0
82885,1
83810,1
100370,1
51274,1
54887,1
72746,1
52594,1
66950,0
80667,0
72773,0
2361,0
95596,1
23126,0
63237,1
17389,1
5722,0
10737,1
43381,0
38136,1
4724,0
81593,1
85038,0
88361,1
79307,0
25817,1
99029,1
75341,1
36044,1
102931,1
50860,0
97647,1
52835,0
47379,1
24591,1
86492,1
87437,0
78468,1
5278,1
88745,0
24024,0
86793,1
28908,0
57472,0
99338,1
48889,1
99221,0
63093,0
29509,1
74528,0
82019,1
2043,0
66723,0
27732,1
93042,0
29223,1
94679,1
17981,0
88533,0
88661,1
103795,0
17315,0
46222,0
23206,0
91272,0
78848,1
91570,0
16123,0
57498,1
9265,0
62012,1
63065,1
80322,1
59654,0
93049,0
17574,1
74964,0
4246,0
67407,0
22610,1
12084,0
29651,0
36742,1
78363,0
3888,0
26709,0
60105,0
37935,1
81562,1
78589,0
47752,1
62715,0
97563,1
79293,1
14662,0
46427,1
11388,0
17330,1
22213,0
70368,1
47897,0
62608,1
64532,1
88142,1
78719,1
71402,0
58013,1
74620,1
46765,1
72897,0
67384,1
29024,1
102323,1
53256,1
14743,0
57706,1
1814,0
87952,1
79276,0
26090,1
96113,0
39004,0
48812,0
65114,0
76993,0
72576,1
6805,1
48049,1
38148,1
99366,1
33330,0
78413,0
43256,0
91017,1
23037,1
29543,0
50624,1
20167,0
80386,1
80464,0
98323,1
72258,0
32422,1
53651,0
3683,1
74612,1
11751,0
91717,0
1318,1
82212,0
57546,0
49468,1
74108,1
26441,1
78053,1
101372,1
90097,1
59505,0
86262,1
30543,1
71751,1
103937,1
52147,1
49826,1
100709,1
23632,1
88899,1
82898,0
94038,0
100187,1
9239,1
27364,1
36965,0
13633,0
81417,0
87407,1
63266,1
75796,0
45571,1
8308,1
88807,0
2333,1
46855,0
46355,0
3156,1
21999,1
62847,1
95265,0
47918,1
44946,1
12483,0
77151,0
87801,1
78954,0
61802,0
15142,1
28491,1
3280,0
31819,1
81801,0
87760,1
29573,1
83914,0
72883,1
560,1
75193,0
76272,0
87291,0
5062,0
565,1
90361,1
92503,0
12087,1
33344,0
33934,1
13121,0
99361,1
32918,1
88326,0
29428,1
42001,0
81430,1
56289,0
623,0
68768,1
40286,1
7495,0
102220,1
76725,1
3870,1
64643,1
68719,0
44457,1
15345,1
29357,1
54602,0
59390,1
70382,1
71174,1
56196,0
43815,0
79439,0
19203,1
56385,1
50985,0
87678,0
17851,1
91590,1
65366,1
59711,0
101955,1
8428,0
57238,1
33452,1
99584,0
36498,1
69958,1
4055,0
28115,1
51360,1
94980,1
92416,0
73177,1
49489,0
7355,0
19514,1
93117,0
64853,1
55655,0
100757,0
45368,0
52587,1
95607,1
14054,1
34239,1
65535,1
98513,0
85960,0
2433,0
53565,1
54542,0
102327,1
12094,1
39257,1
25727,1
80272,1
102339,1
104050,1
13405,0
8203,0
40882,1
80755,1
11472,1
10343,0
12763,0
73585,1
51649,1
52185,1
17892,1
38421,1
9705,0
87081,1
21311,1
82908,0
51857,0
25497,0
104318,1
65052,0
94471,1
96254,0
4331,0
18805,1
5152,1
98812,0
91931,0
41902,1
62768,0
56718,1
19865,1
64410,1
54172,1
79055,1
20356,1
101179,0
36811,1
2947,0
61116,0
61138,0
53304,1
94430,1
66797,0
8505,1
45605,1
69281,0
28953,0
71322,0
93321,0
77345,1
79346,1
84574,0
79879,1
84029,0
77609,1
6597,1
84049,1
17871,1
21006,1
59113,1
78026,0
75818,0
8421,0
80082,1
60231,1
99170,1
74278,1
87660,1
99077,1
83557,1
901,1
52664,1
87534,0
96867,1
53161,1
86598,0
7316,1
9557,0
82666,1
60182,1
42972,0
100613,1
97359,1
104710,0
96145,1
21224,1
49083,0
80813,0
48298,0
82890,1
5589,1
47714,0
91470,1
53746,0
49313,0
9802,1
72077,0
25065,0
23775,0
72276,1
30415,0
86959,1
95613,0
60046,0
36236,0
55443,0
79741,1
59125,0
58569,1
10622,0
96311,1
31515,1
91757,1
104596,0
56506,1
33463,0
20881,1
87316,0
1078,1
40103,1
90741,1
46166,0
63576,1
54737,0
91311,0
46220,1
1366,1
25465,0
39249,0
102179,1
89434,0
6020,1
5711,0
61509,0
94688,1
10953,1
31307,0
85933,1
94251,0
64759,0
61724,1
80963,1
1664,0
62765,1
68530,0
37414,0
33884,0
48046,0
26905,0
2552,1
41137,1
24160,0
86965,0
95565,1
48728,0
27104,0
43243,0
7423,1
83568,0
48256,0
21618,1
26249,1
74065,0
61414,0
89997,0
30069,1
18401,1
81137,1
21030,1
85768,1
60583,0
23140,0
74141,1
83801,0
44718,0
30141,0
48142,0
97919,0
99513,0
66202,1
52012,0
16265,0
26869,1
13632,1
34342,1
88566,1
85530,0
37912,0
52569,0
62356,1
80344,1
77898,0
26773,0
8865,0
25385,1
61101,1
17940,1
21657,1
79975,0
23449,0
85129,0
74821,1
18636,1
70535,1
31412,0
6969,0
40793,1
76420,0
46670,1
20799,1
64131,1
28043,1
97723,1
76024,0
24350,1
39197,0
7662,1
87793,1
84039,0
28545,0
99595,1
94016,0
64389,0
12930,1
16495,1
87544,0
91883,0
4354,1
30091,0
99343,1
28497,0
2584,1
67020,1
7685,1
48495,1
82620,1
16534,1
101848,0
36960,0
59770,1
20542,1
66951,1
95988,1
57800,1
62164,0
66536,1
20306,0
6959,1
69940,1
32447,0
104018,1
72357,0
26942,1
80162,0
63624,1
103124,1
92006,1
92769,1
60477,1
4054,1
103028,1
2729,1
33959,0
18857,0
78659,0
24669,0
4165,1
29354,1
57338,0
54674,0
59570,1
37639,0
84838,1
58204,1
47243,1
84083,1
82405,0
78653,0
22005,1
50707,1
37479,1
25646,0
40061,0
100409,0
11876,1
5930,0
30095,0
28519,1
40034,0
62178,1
3037,1
52280,1
38709,1
79618,0
140,1
34972,1
8622,1
27750,0
51250,0
68665,0
97578,0
41416,1
88970,1
68172,0
49339,0
67238,0
11755,1
69982,0
94039,0
8041,1
73686,1
6947,0
65660,1
64075,1
49733,0
41475,1
68336,1
80593,1
20433,0
63634,0
49174,0
22825,0
56128,0
21854,1
41790,0
16689,1
36223,1
9426,1
63336,1
96548,0
77335,0
102370,1
65404,0
26550,0
64805,0
19715,0
3999,0
74237,0
101423,1
45915,0
54802,1
41707,0
56991,0
65025,1
88547,1
91363,0
24997,0
101535,0
28675,1
3922,0
85558,0
42886,0
8627,1
48244,1
104530,0
338,0
72041,1
23340,0
51704,0
10886,0
71989,0
14303,0
53283,1
39443,0
5736,0
88080,1
31938,0
10187,0
68598,1
59773,1
42946,0
66839,1
102730,0
51661,0
10654,0
92411,0
102291,1
61128,1
91884,1
4341,1
19497,0
42329,0
46620,0
45088,1
2051,0
24788,0
14305,0
1992,1
62386,0
19787,0
39996,0
97018,0
54147,1
16411,0
87241,1
27914,1
15995,0
45167,0
36740,0
76954,0
84517,1
26509,0
60399,1
10764,1
58240,1
101808,0
97832,1
15458,0
86152,0
67605,1
80365,1
42627,1
60288,1
14273,1
81130,1
4033,0
6489,1
74420,1
61242,1
54363,0
95426,0
57120,0
12352,1
83398,1
25705,0
6801,0
84212,0
44881,0
20975,1
101906,1
66075,0
51957,0
32761,1
72042,0
93122,0
48418,1
38988,1
75622,1
2640,0
90941,1
20155,0
39800,1
44794,1
72552,0
77704,1
25337,1
14638,1
25043,1
55205,0
73094,1
1114,0
40138,0
81633,0
31743,1
6201,0
41843,1
18514,1
82695,0
91870,0
75683,1
55777,0
15833,1
38287,1
12333,0
63606,1
39335,1
59164,1
84510,1
91735,1
98742,1
47472,1
52534,0
53443,1
8172,1
52315,0
24868,1
58113,0
48382,1
48148,1
3101,1
93307,0
85298,1
30959,1
96987,0
30731,1
57657,1
52996,0
98085,1
23223,1
44758,0
2002,0
104246,0
81483,0
41796,1
101426,1
22937,0
47998,0
10053,1
86315,0
8109,0
62865,1
21653,0
24977,0
34581,1
27660,0
100884,1
25098,1
3186,1
65479,0
19344,1
74901,1
81317,1
16915,1
89480,1
17283,1
41662,0
16113,1
94477,1
3265,1
57175,0
72836,0
73033,0
70005,1
16336,1
73571,1
73807,0
25671,0
75582,1
8094,0
34804,0
21815,0
103686,1
12252,0
53936,0
26279,1
74802,1
60655,0
67058,0
101188,1
97102,0
15521,0
15045,0
32689,0
72509,0
20490,1
32604,1
36987,1
100879,1
73804,1
56339,1
89745,0
59092,1
72827,1
79398,1
92708,0
9708,1
63577,0
5216,0
29308,1
5170,1
69247,0
92527,0
17482,1
3936,1
20649,0
104677,0
32174,0
46851,1
93505,0
18373,1
70399,0
27408,0
7905,0
20576,0
2082,1
26179,1
97508,1
87550,1
98751,1
25393,1
33720,1
38008,1
40077,1
39632,0
103012,0
46591,1
97087,0
4205,1
83985,1
75653,0
91374,1
102699,0
50185,1
80725,1
24638,0
4522,0
39654,1
75873,1
33438,0
41245,1
74797,0
89185,1
66340,1
53888,0
2131,0
52589,1
55884,1
97243,1
32744,1
80585,0
86433,1
42275,1
32876,0
88017,0
23860,1
51467,1
37724,0
94526,0
83390,0
2958,0
96616,0
36221,0
80716,1
33289,1
24929,0
43237,0
89005,1
66569,1
34966,0
43217,1
72366,0
33943,1
85778,0
53907,1
103553,0
8858,0
42837,1
14806,0
33435,0
103660,0
68,0
71123,0
5561,1
31774,0
20614,1
103535,1
54756,1
70900,0
50838,1
98127,1
56111,1
59984,0
79226,0
16462,1
13204,1
50641,1
4796,1
86679,0
16249,0
42832,1
5829,1
93309,0
20172,1
62982,0
54954,1
68759,0
5638,0
12853,0
13784,1
101917,0
92605,1
63597,0
48710,1
78537,1
13197,0
78122,0
81613,0
91844,0
2453,1
92944,1
337,0
26750,1
24447,1
9697,0
20851,0
97027,1
67241,0
78228,0
53854,1
32452,1
34367,1
76118,1
76132,0
42166,0
95335,1
39640,0
35434,1
14214,1
81151,1
34640,1
2587,1
58438,1
85401,0
12912,1
70856,0
48746,0
61231,1
71286,0
29931,1
62023,0
95150,1
62292,1
44207,1
43833,0
75526,1
6427,0
18199,0
98593,0
102996,1
96801,0
51625,0
74356,0
5604,0
80479,0
28357,1
2409,1
36054,1
90349,1
41,1
100609,0
22555,1
22001,1
97630,0
906,1
36018,1
92701,0
23260,1
16146,0
71888,1
85571,1
46490,0
90250,1
36140,0
43235,0
38793,0
3667,1
88439,0
49762,1
73057,1
93692,1
79967,0
66239,1
42445,0
26833,0
92584,1
13260,0
42856,0
60490,1
29040,1
75722,0
88546,0
66123,1
104686,1
9478,0
36666,1
50590,0
99853,1
67506,0
89432,0
47001,0
57820,1
60193,0
73227,0
80849,0
26425,0
13606,0
48900,0
46972,1
53632,0
22672,1
13994,1
37469,1
15270,1
32063,1
81532,0
2399,1
98803,1
104556,0
17966,1
61811,0
644,0
16306,1
101797,0
69386,0
3659,0
7483,0
26305,1
57052,1
79933,0
77163,1
71841,0
68450,0
46475,0
81379,0
28295,0
77595,0
96755,1
30793,0
39498,1
25963,0
79331,1
11764,0
59243,1
19479,0
39636,0
63601,1
87975,1
13311,0
103104,1
85824,1
56238,0
32855,1
66103,1
39322,1
80060,0
26920,1
83101,0
74905,0
49666,0
14369,1
83848,0
24795,1
26838,0
99520,0
47996,1
83658,0
8092,0
99767,1
77123,0
95236,0
91280,0
81825,1
30060,1
2694,0
9504,1
64138,1
37503,1
70942,0
44902,1
69481,0
36843,1
6636,1
56685,1
45051,0
92637,0
24682,1
57569,0
71779,0
62941,1
30235,0
21348,1
81996,1
36490,1
68399,0
43913,1
63119,1
31959,0
43577,0
71497,1
56805,1
6472,0
29289,1
86401,0
42177,0
88924,0
15836,1
53586,1
79048,0
100607,1
68378,0
26196,0
25690,0
65229,1
40529,1
28006,0
90434,1
62885,1
45704,1
102501,0
44918,0
93175,1
55449,1
86623,1
102122,0
69960,1
103789,1
67852,1
86942,1
45948,1
64053,0
29193,1
56486,1
53799,1
81906,0
3577,0
83682,1
36471,0
16496,0
40480,1
54627,0
19217,1
38431,1
50397,1
3460,1
34739,1
76856,1
29545,1
56201,0
60590,1
17127,1
78365,0
2132,0
43189,1
75534,1
6053,1
87887,0
26994,1
28010,1
4859,0
5033,1
6501,0
7943,1
72599,1
9125,0
94392,1
84361,1
27385,1
50714,1
81702,0
21325,1
320,0
37705,0
84458,0
48680,1
74219,0
8173,0
62679,0
48481,1
94292,1
88634,1
10692,1
89131,0
86419,0
21264,1
27292,1
104458,1
72277,0
101671,1
10008,0
33910,1
48632,0
42520,1
84612,1
59274,1
76772,1
45602,0
16802,1
17985,0
49495,0
72901,0
84936,0
52644,0
84349,0
25192,1
72080,1
99200,0
86484,0
11223,0
98265,0
20252,0
30160,1
90543,0
93638,0
87339,0
25050,1
101190,0
6691,1
81297,1
60155,0
96121,0
1980,1
48626,0
99100,0
31100,1
51992,1
61606,0
77957,1
61162,0
27288,1
44777,0
52264,0
47858,1
29008,0
21282,0
64419,1
83920,0
33940,0
81580,1
9498,1
48583,1
83683,0
20430,1
14928,0
11275,0
43371,0
101178,0
39926,1
48290,1
5864,1
94141,1
97678,0
32826,1
70948,0
36065,1
90444,1
73496,0
101339,1
70466,1
20949,1
32882,1
44418,0
90709,0
19102,1
18213,1
6651,0
59328,1
95737,1
97193,1
123,0
79067,1
56915,1
48959,1
52060,0
59187,0
68028,0
61694,1
76383,1
8658,0
78135,1
102408,0
63501,0
77904,0
70806,1
9831,0
50945,0
38297,1
98496,1
100354,1
30021,0
85902,0
5482,0
43423,1
49252,1
44058,0
59480,1
55021,1
57852,1
16577,0
67370,1
55990,1
80820,1
62442,0
74332,0
48048,0
99585,0
23072,1
77756,0
98161,0
103110,0
47044,0
50119,0
58955,0
23958,1
20624,1
86212,1
90330,0
92010,1
32307,1
10094,1
58628,1
22974,1
29861,1
47159,0
82476,0
15012,0
25844,1
15749,0
37017,1
64961,1
12892,0
7162,0
68949,0
39020,1
19702,1
100231,0
31438,0
613,1
59281,1
51813,0
64873,1
1938,0
16516,0
34081,0
51382,0
42389,0
41981,1
63538,0
33850,1
51985,0
101464,1
30691,0
94696,1
101287,1
90968,0
32821,0
58601,1
101565,1
34211,1
87370,1
14986,1
74920,1
6901,1
35192,1
96740,0
92626,0
5803,0
12626,1
100970,0
76876,1
50509,0
46828,0
71680,1
103002,1
66347,1
51546,0
40901,1
36966,0
84540,1
58797,1
63050,0
55416,0
8239,0
50143,1
13067,1
99608,0
65545,0
63415,0
93802,0
8856,0
35249,1
52389,0
55266,1
1936,1
35665,0
55770,0
98201,0
81032,0
69854,1
43212,0
23944,0
99504,0
57723,0
45188,0
15295,0
100731,0
28922,1
81349,0
27442,0
42154,0
4064,0
80259,0
101096,0
91964,0
100521,1
21569,1
25865,0
87070,1
69314,0
77498,0
8010,0
57019,0
90275,0
50372,0
43443,1
85317,0
56333,1
42388,1
94061,1
38511,0
12144,0
27791,1
30482,0
96391,0
80342,0
99749,0
93092,0
54129,0
65706,1
73913,1
63462,1
57539,1
28298,1
71666,1
17231,0
91508,1
101719,1
70401,1
25600,1
10120,0
6209,0
93564,0
44481,1
12133,1
70605,0
41306,0
35551,1
30791,0
22704,1
5900,0
48566,1
73642,0
95680,0
100812,0
103972,0
59132,0
27345,1
84024,0
29761,1
99433,0
23814,0
85191,0
19502,1
87414,1
42021,0
27881,0
100691,1
3852,1
14857,1
94910,0
6916,1
99540,1
79336,1
13790,1
58620,1
82385,0
95740,1
99920,1
60928,1
76168,0
71176,1
54662,1
104665,0
10314,1
59360,0
41842,0
50449,1
79628,1
93489,1
36529,0
57378,0
2478,1
29224,1
101369,1
51219,1
70765,1
9204,0
49718,1
19046,0
104836,0
55157,1
42544,1
93872,0
63692,1
9631,1
78952,1
452,1
81823,1
23693,1
102916,0
21882,0
6167,0
96166,1
13249,1
73766,1
5586,1
5683,1
93596,1
103402,0
59673,0
93371,1
99547,1
45524,0
88429,1
15614,0
47937,1
68763,0
67719,0
23224,0
47571,1
86068,1
98006,0
81682,1
68551,1
17188,1
67200,1
16817,0
76990,0
35660,0
87514,0
48898,1
16657,0
63165,1
54255,1
5156,1
30429,0
52074,0
78136,1
103196,0
103331,1
63155,1
81909,1
25651,1
90724,1
17705,1
83257,1
45160,1
3837,0
89087,0
51733,1
49121,1
1455,0
25155,0
70890,1
39200,1
83027,1
87679,0
69687,1
79198,0
74446,1
48273,1
37924,1
14600,0
4084,1
25429,1
60267,0
11403,1
53756,1
50263,0
15481,0
43525,1
84490,0
78539,1
103204,0
5427,1
96896,0
23025,0
51293,0
23257,0
28454,1
61668,1
7112,0
19575,0
81253,0
78772,0
86824,1
31802,1
13820,0
53364,1
73105,1
66615,0
55998,1
41102,1
14786,1
76406,0
28065,0
18035,0
43856,1
42474,0
7628,1
4494,1
8909,1
74803,1
15704,0
12460,0
38050,1
11497,0
25897,1
20020,1
43274,1
2845,1
21473,1
32668,0
35606,0
94418,0
5765,1
58216,1
26153,1
15984,0
101155,1
86316,1
47976,0
42776,0
12647,1
3620,0
29090,0
5167,1
70836,0
84555,0
72873,1
18291,0
100570,1
38319,1
96983,0
37335,1
17605,0
61494,0
71548,0
82588,1
30489,0
77310,0
84884,1
24875,1
69182,1
30913,0
22490,0
28237,0
8973,0
35188,1
27801,1
64323,1
72633,0
97587,1
39363,1
54644,1
69476,1
103614,1
1259,0
20405,1
68693,1
26408,0
100715,0
1976,1
32414,0
75628,0
19021,0
69137,0
16478,1
90112,1
9133,0
37386,1
24383,0
49785,1
68234,1
83150,1
7072,1
78884,0
86494,1
43551,0
62751,1
97474,1
88923,0
82438,1
44560,1
29512,1
21162,1
28990,0
53909,1
95528,1
97857,1
10406,0
68143,1
24049,1
94481,1
86658,0
439,1
86532,1
27640,1
34407,0
31536,1
43255,1
96656,0
10599,0
103339,1
78851,1
39845,1
19916,1
61120,1
26804,1
20900,1
48629,1
61865,0
96836,1
69822,0
41955,1
54762,0
41711,1
53872,1
10216,1
50188,0
95073,0
80908,0
71139,1
73645,0
66596,1
32866,0
43579,1
78528,0
13715,1
44331,0
38723,1
53,1
9982,1
68948,1
59080,1
48401,1
98727,0
62718,0
89536,1
8946,1
17329,0
97918,0
53345,1
62242,0
40809,1
32691,0
5551,0
22669,0
66248,0
91346,1
43640,1
35779,0
78755,0
4405,1
96327,1
33784,1
19439,1
40957,1
62253,0
49496,0
55647,1
740,1
85553,0
12608,1
91561,1
20709,0
64716,1
5093,0
54732,0
39737,0
102376,0
30970,1
27678,0
89196,1
93045,1
32938,1
34127,1
56375,0
34767,0
3278,0
72994,1
25970,0
47847,1
36247,0
4995,1
89051,1
51605,0
50595,0
80841,1
31231,1
66378,0
94300,1
77579,1
7814,0
62817,0
1581,1
81271,0
104546,0
60638,0
66744,1
66150,1
54084,1
43151,1
49920,0
34608,0
54005,0
79807,0
6496,1
82544,0
26414,0
2539,1
76481,1
62441,0
6963,0
45724,0
73116,1
14769,0
52130,1
4682,1
17651,0
17008,1
44792,1
101439,0
63722,1
73968,0
738,1
69363,0
3496,0
90819,0
3542,0
31882,1
39726,0
24119,0
534,1
84056,0
19919,0
2417,0
75447,0
530,0
82608,0
66191,1
50501,1
36194,1
42906,1
17221,0
85001,0
86834,1
10502,0
84719,0
91273,0
57632,1
85915,0
89019,0
82063,1
46961,0
96786,1
57099,1
88801,1
61686,1
19683,0
80072,1
92044,1
76281,0
94363,0
19767,1
7570,1
89183,1
55541,0
18327,1
91562,1
9551,0
97803,0
21092,1
27423,1
4942,0
94669,0
24228,1
52682,0
61735,1
4387,1
91806,0
69862,1
18939,0
63741,0
65663,1
71422,0
25389,1
97013,1
13907,1
91013,1
27527,0
77806,0
52308,1
61617,1
69908,1
83256,0
681,0
99639,0
43985,1
45394,1
52314,1
7501,1
71302,0
10005,1
53183,1
7040,1
10778,0
27552,0
94842,1
4899,1
79805,0
28130,1
23062,0
74600,0
103589,1
9319,1
89962,0
82002,1
55042,0
4290,1
93170,0
93207,0
81652,1
32111,0
10410,1
57482,0
41389,1
76152,1
4098,1
2352,1
94102,1
19645,1
70484,1
56743,0
31372,1
16095,0
99892,0
79847,1
81674,0
51324,0
37389,0
40351,1
58603,1
85850,1
61136,0
17235,1
27950,0
103743,0
46735,1
60033,1
97235,1
31673,1
30665,0
80854,0
45117,1
61102,1
81092,1
5944,1
42333,1
18525,1
39611,1
67560,1
61660,0
31903,1
51856,0
54884,0
49444,1
36000,0
50065,0
67902,0
97445,1
2782,1
80542,1
57080,1
70176,0
42884,1
95930,0
81681,1
50642,0
37825,1
41310,0
73232,0
653,1
519,1
7084,1
60344,1
102378,1
20053,0
16021,0
78591,1
56858,0
41704,0
61066,0
94599,0
21450,0
22039,1
104160,1
65730,0
75156,1
20476,1
84328,0
76499,0
23648,0
87113,0
98329,0
32780,1
1020,1
7821,1
68688,0
100958,1
34149,0
66444,1
98860,1
20123,1
56044,0
64023,0
65010,0
39741,1
78620,1
64594,1
45246,0
56989,1
86379,0
46101,1
3474,0
16562,1
11742,1
86420,0
72559,0
92594,0
99965,0
47667,1
50637,0
566,0
95205,0
78856,1
67725,1
77890,0
53952,0
47594,0
68171,1
26222,0
71645,0
99256,0
75967,1
79183,1
48417,0
89029,0
85370,0
59721,0
40940,1
64283,1
19958,0
5431,0
7362,1
2264,1
98182,0
56040,1
877,0
41588,1
34685,1
73145,1
27566,0
49435,0
16389,0
14709,0
58948,1
100900,0
84272,0
6239,1
36073,0
84817,0
34115,1
9706,0
29287,0
46034,0
95137,0
69382,0
70099,0
53608,0
84258,0
87126,1
28610,0
3167,1
40554,0
66313,1
89668,1
73748,0
51947,1
5326,0
76239,0
43228,0
91349,1
6353,1
19784,1
16253,1
63740,0
67952,0
9208,0
53110,0
26956,0
5757,1
89079,0
65269,0
62160,0
56494,1
36298,0
76958,1
72589,0
72886,1
99754,0
88820,0
32638,0
31222,1
7041,1
22718,1
62913,0
75355,0
18233,0
38273,1
52231,0
19327,0
37092,1
56500,1
94269,0
42868,0
83136,1
55450,1
57704,1
20009,1
99299,0
49533,0
86409,1
27686,0
91192,0
22913,1
65193,1
24161,0
2915,0
36796,0
90563,1
21792,0
11064,0
83094,1
101502,1
37054,1
89595,0
3658,0
36573,1
62180,1
8596,1
98332,0
55295,0
92200,1
69807,1
39840,1
104026,0
19286,0
28260,1
102519,1
41994,1
49404,1
25390,0
22760,0
48751,0
29169,0
6988,1
52818,1
27944,1
14011,0
58591,0
102647,1
88594,1
72838,0
88852,1
73765,1
44383,0
90406,0
85318,1
1107,0
102807,0
25257,0
44447,1
49545,0
42692,1
103111,1
24963,0
89089,0
75611,1
83580,1
68631,0
74039,0
33122,0
6207,0
94705,1
97856,1
17993,1
46930,0
11682,1
104699,0
74567,0
2509,1
58760,0
22124,1
58198,1
51420,1
59967,1
97973,0
31545,0
96917,0
91278,1
74849,1
16890,1
6931,1
12846,1
71842,0
66799,0
50901,0
78383,1
43638,0
92014,0
71405,0
38127,1
67182,0
27573,1
77374,1
37468,0
9205,0
43828,1
21386,0
37366,1
104842,1
9220,1
81278,0
71981,1
11694,1
37174,0
103134,0
43026,1
44956,1
48888,0
98416,0
41115,1
9525,1
75529,1
64189,0
7291,0
82474,1
38700,1
20288,1
25017,1
16224,1
5518,0
96519,0
27626,1
69153,1
61415,0
21789,0
56992,1
55954,1
45854,1
77714,1
45852,0
30764,1
96685,1
82628,0
20346,0
96837,0
9255,0
17190,0
100049,1
24979,1
44015,0
78444,1
3199,1
27963,0
67008,0
82217,0
68264,0
96068,0
23950,0
63214,0
17608,1
74074,0
9595,0
92980,1
56225,0
12326,1
24144,0
64686,1
47713,0
46531,1
23085,0
17810,1
54937,1
40576,0
58846,1
2706,1
19986,0
33757,1
101728,1
87770,0
48331,0
99896,0
51414,0
82101,1
70721,1
72862,1
34534,1
15832,1
6846,0
82652,1
30447,0
3270,1
74019,0
2435,1
5689,1
49090,0
56032,1
15085,1
37498,1
101642,0
85978,1
15619,0
34050,0
6685,0
73279,1
30810,0
80950,1
78386,0
5847,1
82302,1
20470,0
48848,1
101394,0
44091,1
57999,1
60701,0
29087,1
84750,1
4984,1
85533,0
3908,0
23069,0
78638,0
51523,0
58844,1
37611,1
99336,0
43695,1
76898,1
97917,1
83438,0
76679,1
80719,1
96152,1
69840,1
6638,0
50280,1
58641,0
42641,1
67666,1
12671,1
30431,1
101109,0
77544,0
32637,0
5380,1
30528,1
62054,0
18472,0
41360,0
26569,1
78804,1
73512,1
38784,0
98946,1
49259,0
72399,0
25595,0
18813,0
31928,0
102491,1
86380,0
50357,1
53676,0
56352,1
16795,0
52477,1
93196,1
33443,0
73412,0
3528,0
12249,0
27304,0
39150,1
48107,0
13185,1
25707,1
11142,1
95008,1
36548,0
68080,1
46184,0
1795,1
36327,0
18007,0
5198,0
34614,1
16641,1
22433,0
44761,0
5533,1
12926,1
93203,0
95950,0
55533,0
10842,1
49513,0
28364,0
57240,0
60303,0
24683,0
92097,1
64610,1
46639,0
80468,1
59719,1
53187,1
90329,0
85628,1
27457,1
59064,0
59705,1
37399,0
84114,1
16046,0
33678,1
22307,0
78269,0
74742,0
17139,0
67794,1
63527,0
57816,0
78845,1
31005,0
5592,1
85903,0
11471,1
29384,1
92071,0
103514,1
2986,1
40121,0
69401,0
71349,0
19396,1
30018,1
90680,0
38314,0
67754,0
96603,1
42486,1
43916,1
38897,1
22562,0
23893,0
93604,1
11481,0
57813,0
58401,1
36617,0
45150,1
41200,1
2867,0
30458,1
101474,0
24367,0
51437,1
91350,0
67033,0
46481,1
46998,1
43469,1
28036,0
49945,1
43688,0
23768,0
76916,1
58686,1
26154,1
69452,1
10049,0
70927,1
62291,1
19236,1
10956,0
2922,0
2190,1
53357,0
17062,0
40473,0
55713,0
59550,0
91126,1
91653,0
82379,0
73318,0
88004,1
15702,1
40980,0
4110,0
17965,0
45482,1
82882,0
100137,1
72109,1
7507,1
22460,0
36728,1
37350,1
81812,0
99832,0
29160,1
63366,0
100806,0
25828,0
92765,0
60662,1
46069,1
87572,1
77298,0
46076,1
17758,0
101248,1
71923,0
26394,1
42738,1
15775,0
7458,1
78929,0
100351,0
56042,1
25074,0
16895,0
74220,0
69467,0
56208,1
74943,1
99923,0
33119,1
32797,0
56261,1
84661,0
34867,0
44656,1
40831,1
101914,0
88380,1
36038,0
74639,1
77960,0
23460,0
75663,0
18879,1
80648,0
26667,0
40088,0
29499,1
73836,1
104097,0
89488,1
42519,1
97541,1
81668,0
65301,1
36289,0
13977,1
58979,1
92123,1
13477,0
70091,0
56920,1
48688,1
95713,1
104433,1
28961,1
22744,0
71958,1
32963,1
30076,0
4269,1
61173,0
3337,1
51103,1
51444,1
12567,1
29622,0
11088,1
98042,0
29294,1
70252,0
65400,0
79899,0
60023,1
8264,0
85821,1
95717,1
21099,1
3209,1
35732,1
21644,1
61488,0
89057,1
99439,1
16734,0
29155,0
85916,1
9941,1
2413,1
104524,1
75205,0
10393,1
37297,0
13499,0
34297,0
66771,0
23904,0
27263,0
62561,1
45954,1
88810,1
39859,0
12978,1
73367,1
39238,0
42929,1
35931,1
18570,0
73604,1
19115,1
56541,0
89086,1
36253,1
27615,1
90848,0
70055,0
103055,1
55440,1
61219,0
23996,1
45361,0
83219,0
35490,0
80437,1
81206,1
27279,1
93327,1
83599,0
58422,1
63887,0
30668,0
79024,1
20641,0
101664,0
4089,0
62211,0
81837,1
93376,0
101208,1
25179,1
80423,1
76737,0
34467,0
35717,1
92064,0
96041,0
25898,1
95633,1
8719,0
77325,0
57676,1
78515,0
79806,0
49183,0
970,0
22336,0
76177,0
101329,0
2828,0
75464,0
24898,0
39186,0
71297,1
81758,0
20363,0
59692,1
70338,1
8083,1
50304,0
102247,0
30875,1
63445,1
80485,0
90055,1
38733,0
77227,0
24684,1
71974,0
68578,0
5924,0
32827,1
53048,0
90107,0
63557,1
19435,1
90870,1
79909,0
89768,0
93697,1
27331,1
49311,0
47661,1
95622,1
86820,0
59191,0
90561,0
61803,1
17489,0
21231,0
69394,0
20874,1
84446,1
2954,0
5075,1
81537,1
98030,0
52083,0
12025,0
58796,0
55776,1
61312,0
16996,0
37572,0
24449,1
93859,0
54386,1
65356,0
78695,0
63815,1
70206,1
43855,1
81650,1
55212,0
46263,1
32812,0
14583,1
994,1
1306,0
38967,0
55496,0
27049,1
71714,1
88523,1
50445,0
30003,0
45422,1
52467,1
93889,0
56369,1
99555,1
51176,1
83,1
13356,1
47859,1
2094,1
46723,1
26436,1
7326,0
32665,0
36263,1
66406,0
5469,0
70082,1
19347,0
32321,0
5270,0
26824,0
20448,0
2734,1
66368,1
38126,1
8744,1
32947,1
29203,1
90308,1
91750,0
75353,1
99616,0
102583,1
28061,0
89436,1
87587,1
61501,0
104307,0
91788,1
98968,0
31724,0
58374,1
10812,1
11360,1
77582,0
63891,0
11153,0
82289,1
72389,1
20187,0
17545,1
35104,1
97434,0
39234,0
53550,1
59462,0
974,1
94695,0
66806,0
37186,0
73998,1
99511,1
97863,0
77429,0
20633,0
97139,0
33929,1
82688,1
56840,1
96843,1
102917,1
2142,1
16243,1
7530,0
841,1
84347,1
50718,0
58398,1
64325,0
86250,1
69300,1
80070,1
98643,1
60375,1
6991,0
29111,0
93065,0
48753,0
79412,1
66269,0
104077,1
50932,1
46015,1
71109,0
89753,0
93216,1
41232,0
85495,1
52804,1
18004,0
58714,1
20453,0
9667,1
85781,1
201,0
13326,1
76588,1
15758,0
6405,1
19229,0
83171,1
46460,1
10223,0
13997,1
95116,0
83570,0
3874,0
74274,0
102804,0
4815,1
102413,0
27126,1
50899,0
14748,1
26284,0
88024,0
90056,0
36050,0
1249,0
96268,1
102168,1
90668,1
71944,1
5082,0
14712,1
78674,0
22426,0
101504,1
62962,1
53255,1
329,1
85181,0
56004,1
32829,1
79046,0
59622,1
76172,1
98554,1
92345,1
75767,1
11117,1
10856,0
19871,0
45903,1
95649,1
90803,1
15257,0
32465,0
15117,0
54091,1
57788,0
71638,0
8179,1
88007,1
86056,1
45408,1
24307,1
59940,1
37631,1
32060,1
22742,0
100718,1
28923,0
43420,0
44339,1
25162,0
23400,1
63304,1
36753,1
59564,1
47450,1
57606,1
18726,1
21003,1
52152,1
60425,1
104225,0
42331,0
83127,1
29241,1
14281,0
102444,1
48362,1
68242,0
1681,1
82061,1
76247,1
27316,1
18847,1
73908,0
16528,1
66396,1
20301,0
95411,1
21630,1
28940,1
45653,1
61000,1
37729,0
70258,1
96168,1
11718,0
92588,0
77589,0
77306,1
99473,0
38719,0
44593,0
89190,1
41637,1
64191,1
97374,1
86957,0
94014,1
23294,0
6332,0
69780,0
94172,0
75910,1
85956,1
80230,1
16346,0
18021,1
32167,0
58656,0
42794,0
19852,0
64162,0
62867,1
58568,1
32911,0
4353,0
43545,1
60021,1
73285,1
4863,1
47004,0
82655,1
63994,0
63659,0
79187,0
47272,1
97653,1
93315,1
57017,0
91196,1
3441,1
10527,0
65846,1
58775,1
82807,0
22257,1
82956,0
99251,1
63541,1
91342,1
65222,0
74645,0
27934,0
71570,1
32874,1
8416,0
92539,0
45419,1
15281,1
14205,0
6434,1
37048,1
30374,0
52427,1
5732,0
92030,1
75505,0
93100,1
27242,1
67631,0
68910,1
56294,1
59379,1
89289,0
96800,0
41151,1
83477,1
51359,0
102462,1
36131,0
14339,0
63817,1
29803,0
54689,1
93265,0
90779,1
30213,1
53482,0
78275,0
34369,1
103760,0
73299,0
98051,1
66786,0
103528,1
21498,1
35283,0
19805,1
63664,1
76501,0
81202,0
11125,0
31128,1
44364,0
31362,1
92798,0
79510,0
14822,1
87034,0
23065,1
48196,1
61746,1
36850,0
99816,1
102494,0
47273,0
18293,1
95037,1
98773,0
51901,0
73165,0
77297,1
79132,1
84810,1
52334,1
92247,0
81250,0
87676,1
57180,1
88341,1
21305,1
52457,1
79389,0
98873,0
48135,0
79038,0
63622,0
95125,1
95448,1
24036,0
96387,0
30036,0
16055,1
37203,1
65216,1
4000,1
59401,1
50200,0
57707,1
86906,1
90510,0
3390,0
45946,1
29938,0
10999,1
38507,0
8579,1
93431,0
1198,0
87510,0
94467,1
88463,0
62000,0
64868,1
60161,1
73644,0
18656,1
532,1
73724,0
9787,0
49072,1
64049,0
28840,1
100630,0
57433,1
88381,1
5200,0
48299,1
3397,1
25040,1
89782,1
24034,1
51643,0
11649,1
54560,1
60751,0
56553,1
70389,1
2424,0
97914,0
25967,1
51101,1
41865,1
29458,1
103071,1
78944,0
70929,0
89898,1
79840,0
98188,1
45420,0
65933,0
70869,1
63293,1
42183,1
37473,1
79180,1
82025,0
39058,1
14321,1
79897,1
1675,0
59443,0
36814,0
9447,0
98264,1
76558,1
71814,0
99420,1
22077,1
19905,0
91922,1
7506,1
15034,0
30199,0
28842,0
102253,0
673,0
54736,0
83430,0
58926,1
18467,1
40976,1
83530,1
92388,0
28805,0
41722,0
28929,0
78155,0
31229,0
34613,1
2747,0
43263,0
88090,1
92932,1
89505,1
38388,0
74589,0
71417,1
81676,0
79635,1
7366,1
53292,0
98755,0
10896,0
50467,1
33181,1
80494,1
49226,0
52092,1
12384,0
77920,0
93194,1
29773,1
58153,1
18025,0
85568,1
95355,0
39549,0
53163,1
31963,0
65607,0
103503,1
90247,1
98625,1
64632,1
19501,1
59246,1
8738,1
58977,0
103385,0
4755,1
66126,0
95992,1
87496,0
98940,1
12704,1
68356,1
43778,0
96289,1
21141,1
76049,1
33237,1
19854,0
3207,0
63408,1
38918,1
31676,1
41949,0
100,1
73853,0
22324,0
55712,0
17102,1
100406,0
13832,1
43201,1
58045,0
16537,0
25149,0
11433,1
38623,1
65631,1
95666,1
7521,1
94559,1
75785,0
41975,0
26896,0
94761,0
47665,1
3900,0
65832,1
24351,0
55230,1
864,1
30196,1
13156,1
76931,1
95490,1
14240,0
102272,1
47045,1
98015,0
35868,1
83674,0
22050,0
27622,1
74214,0
47617,1
31671,0
33827,0
42056,1
69265,0
89469,0
67366,0
45428,0
10207,1
29928,0
92373,0
94904,0
73231,1
58767,0
96756,1
41534,1
22452,0
45196,0
94209,0
104599,0
61016,1
94246,0
48151,1
102147,1
103524,0
47980,1
80197,1
88530,0
13687,1
33251,1
53359,0
6359,1
284,0
57278,1
72540,1
97254,0
91421,1
7257,1
10707,1
35662,0
19035,1
13460,0
26935,1
39594,1
67918,0
348,0
50947,0
20631,1
25163,1
68586,0
6590,0
63138,0
103108,0
101142,1
80969,0
47268,0
101016,0
75658,1
22181,0
36347,0
92431,0
59885,1
62856,0
59619,1
78893,0
62004,0
36820,1
49917,1
54442,1
80059,0
1048,1
19399,1
24428,1
64784,1
45543,0
74443,0
52178,0
45087,0
14792,0
12314,1
100595,0
10178,0
55362,0
80548,1
20628,1
73045,1
42649,0
43103,0
25464,1
65924,1
60236,1
36734,0
64733,0
62256,0
92421,1
83969,0
68071,0
102499,0
21516,0
85346,1
92851,0
2271,1
101581,0
101381,0
5448,1
50585,0
47405,0
99628,1
27150,0
21308,1
92709,1
54790,1
82346,1
301,0
39659,0
74131,1
23875,1
66428,1
104587,0
31652,0
47638,0
72877,0
36976,0
90400,0
31291,0
76063,1
100916,0
88576,1
104735,1
70987,0
78211,0
37652,1
43602,0
55348,1
38984,0
72627,0
18231,1
24543,0
51778,0
27503,0
74692,0
49672,1
17391,0
84374,1
66866,0
35403,1
40667,0
84306,1
10908,0
15750,1
38471,0
2266,1
71362,0
26224,1
46424,1
68042,0
88232,1
102431,1
3619,0
33736,1
91190,0
17198,1
70067,0
47054,0
44548,0
31114,1
25317,0
87445,0
57669,1
52372,1
75567,0
101612,1
875,1
52993,0
90682,1
28793,1
8639,0
63963,0
60624,1
16634,1
23526,0
42266,1
61293,1
13004,1
72717,0
87768,0
11148,1
59998,0
98899,1
68875,0
60675,1
43997,0
46986,1
90135,0
71744,0
15635,0
71970,1
41946,0
33919,1
99849,1
17813,0
57490,0
51983,1
65827,0
77835,0
45866,1
49784,1
19947,0
89871,0
41646,0
54259,0
70400,1
50088,0
95611,0
75311,0
49451,0
79682,0
50769,0
717,1
59945,1
70311,0
49997,1
49657,0
10335,1
28256,0
99998,0
93242,1
69641,1
11166,0
91151,0
23756,1
42117,0
33725,0
46644,0
64354,1
90035,1
73990,1
10524,1
16011,1
5616,0
4915,0
54048,1
73479,0
43935,0
95825,1
45722,1
90551,0
8820,1
4519,0
78779,1
64225,0
11999,0
1013,0
42664,1
74336,1
46587,0
82887,1
100977,0
90749,0
92054,0
51402,1
13213,0
67757,1
45740,1
39333,1
2676,1
95368,0
62496,0
103127,1
43970,0
75966,0
34723,0
6576,1
61542,0
77118,1
50285,1
87344,1
50972,0
5076,1
66830,1
68476,1
93090,1
32234,0
68365,1
42423,1
20898,0
46394,0
33343,0
44968,0
45579,1
50993,0
60054,0
90997,0
36744,1
15671,1
88420,0
61090,0
49500,1
102361,1
63795,1
16093,1
86531,1
12619,0
93881,0
36300,1
61554,0
54659,1
30322,0
54529,0
44506,0
52616,0
90696,0
14112,0
16653,1
22890,1
25277,0
48537,0
74187,1
38761,1
4913,1
6710,1
42428,1
81449,1
7395,1
96342,0
43094,1
83402,0
43123,1
65886,1
54265,0
87533,0
83681,0
12473,0
95076,0
97985,0
56052,0
19796,1
74851,1
83320,1
21906,0
1016,1
101243,1
16597,0
73260,1
52140,1
66449,0
87699,1
103497,1
104187,1
43975,1
82103,0
71866,1
87803,0
88672,0
96911,0
5560,1
85774,1
28829,1
37887,0
60782,1
9330,1
57503,1
73726,1
57631,1
40448,1
69256,1
6906,1
96183,0
27864,1
997,1
44496,0
76897,0
81511,0
1434,1
206,0
60391,0
37813,1
75676,1
68619,0
43862,1
19083,0
102442,1
1253,1
77286,0
10153,0
101554,0
2486,0
1164,0
57883,0
104591,1
72492,1
96030,0
20612,0
27184,1
74614,1
74759,0
77606,1
49568,0
3538,0
49098,1
89713,1
66211,0
102793,0
27579,0
23831,1
94632,0
30324,0
41399,0
60178,1
59222,1
84405,0
10901,0
73628,1
64807,1
46359,1
63964,0
78734,0
64010,1
71479,1
84582,0
22757,1
23379,0
76625,0
17270,0
71085,0
86430,1
56545,0
29950,1
36348,0
104279,1
3769,1
41806,0
78210,1
44354,1
8885,0
46819,1
76594,0
80053,0
53562,0
80003,1
43402,1
57211,1
8597,0
571,1
38292,1
51494,0
21143,0
31004,0
16804,1
26254,0
67795,1
29239,1
2089,0
34436,0
85456,1
41209,0
27024,0
74059,0
38296,1
96807,1
34594,0
91863,0
4351,0
70018,1
6918,0
22636,1
44722,0
28227,0
54281,1
16305,1
78991,1
70459,0
43831,1
72946,0
43598,0
81421,1
102459,1
31429,1
59365,1
23028,0
74728,1
94596,0
60145,1
17414,1
65009,0
103552,1
84384,1
92184,0
54852,1
34338,0
58085,0
101135,1
79172,1
40234,0
29515,0
81235,0
3617,0
6626,0
72779,1
65557,0
56021,1
63728,1
39683,0
75087,1
14714,1
73813,0
39607,1
3914,1
1315,0
31858,0
18119,0
2997,0
16108,0
13950,0
45470,1
79974,1
81737,1
85585,0
45627,0
63248,0
83627,1
102980,0
7295,0
46171,1
53485,1
76925,1
4716,1
76146,0
6998,0
19110,1
90081,0
3304,0
62011,1
11184,0
54739,1
19528,0
18408,0
66867,0
89081,0
59046,0
27353,0
85065,0
48633,1
102363,1
61363,0
97514,0
48614,0
17429,0
60689,1
10676,0
43330,1
101881,0
51131,0
14954,0
95319,1
58772,1
19856,1
98216,0
52831,0
103546,1
103547,1
20027,0
22008,0
97165,0
78139,1
83368,1
82575,0
62358,0
30979,0
100441,1
54588,0
85067,0
32904,0
84397,1
72308,1
8607,0
87059,1
63790,1
78519,0
25590,1
101438,1
52262,1
83899,0
15077,0
104423,0
41719,1
48352,1
32630,1
18913,0
49457,1
2194,1
60525,1
33793,0
22176,1
43109,1
81942,0
48762,1
21372,1
103868,0
93773,0
1589,1
31299,1
67570,0
84028,1
96912,1
54584,1
30496,1
46103,1
89995,1
13949,1
23797,0
49467,0
100952,0
40560,0
76316,1
39768,1
50473,1
91571,0
61667,0
19726,0
28025,1
26461,1
21019,1
70038,1
33079,1
72193,0
67153,0
16879,0
74132,1
70879,0
2951,1
21875,1
46532,1
8925,0
100960,1
27204,0
9513,1
60880,0
13229,0
82278,0
41369,1
83726,1
34505,0
67955,0
13864,0
29844,1
76092,0
43068,0
29479,1
90379,0
36813,0
55995,0
73378,0
92682,0
33581,0
61817,1
10230,1
81924,0
27875,0
65343,0
22197,1
85852,1
82144,1
46198,0
46876,1
72,0
12287,0
55661,1
33296,0
39413,1
25095,1
27854,1
44950,1
81312,1
65183,1
102552,0
81967,1
88900,0
49169,0
86891,1
27437,1
97112,1
39190,0
41162,1
88560,1
36258,1
22583,1
95519,1
31540,0
32540,1
95288,0
84471,1
65966,0
32822,1
85429,1
27806,0
65957,0
88753,0
99363,0
45867,1
81118,1
85519,0
96872,1
85823,1
15959,1
37007,0
101404,0
79023,0
23664,1
36501,0
80333,0
89789,0
77526,1
25610,0
20916,0
71745,1
96926,1
74047,1
62587,1
22511,1
84428,0
37090,0
60277,0
17912,1
63180,1
28201,1
86009,1
75423,0
74305,0
65440,1
61481,0
97995,1
23380,0
64802,0
37994,0
17419,1
48384,0
9528,1
22032,1
100339,0
3274,0
28654,1
233,1
81653,1
58485,0
2838,1
63350,0
36817,0
217,0
77972,1
170,0
27872,0
40383,1
46342,1
35385,0
40311,0
43613,1
38561,0
81643,0
3969,0
89584,0
42769,1
78067,1
36271,1
82171,1
27180,1
15856,0
16100,0
59380,0
70523,1
76213,1
46806,1
44235,0
20412,0
93311,0
75323,0
91752,1
77774,1
48668,1
27320,0
2332,1
38393,1
76476,1
61388,1
104745,0
84032,1
34134,0
76430,1
39306,1
46276,1
36659,0
5918,1
26888,1
57516,0
65399,1
68504,1
25885,1
29567,0
6072,0
98282,1
80042,1
90541,1
75122,1
83078,1
35992,1
26929,1
101338,1
53314,1
16326,1
102925,1
79241,1
23971,0
60144,1
77987,0
13362,0
45937,1
87309,0
21028,1
6226,0
94092,0
77753,1
44801,0
6221,0
46052,0
1973,0
9138,0
26795,1
90435,1
42410,0
7258,1
72067,1
72192,1
40429,0
54449,1
56216,0
86517,0
82831,1
23187,0
71752,1
98847,0
34420,1
13603,1
27633,1
48729,1
86208,1
49754,0
93800,0
80058,0
101199,1
87379,1
269,1
49223,1
764,1
87185,0
66646,1
43742,1
72338,1
44824,1
17394,1
104814,1
5886,0
77447,1
103180,1
44251,1
28846,1
20321,1
94340,0
34775,1
28946,1
3754,1
14436,1
52501,0
67645,0
95387,0
65984,1
88484,0
93679,1
85102,0
55323,1
8970,0
893,0
7076,1
91529,0
20034,0
48658,0
66770,0
84407,1
83605,0
80766,1
29774,1
51814,1
28624,0
96524,1
27028,1
64026,1
90326,0
79804,1
66496,0
52877,1
58006,1
39584,0
82914,0
99466,1
48853,0
9074,0
59356,1
78504,0
8721,1
27651,0
66063,1
44166,1
78498,1
27927,1
62896,1
36336,0
97674,0
26169,1
37836,0
75777,0
18015,1
69863,0
32219,1
56674,1
89102,0
66137,1
29218,1
80332,0
1896,1
22960,0
59279,0
53817,0
1615,0
2395,1
90450,0
33722,1
69903,1
48405,0
34661,1
40304,1
71134,1
40629,1
80174,0
45978,1
57128,1
20617,0
99401,0
20574,0
9876,1
22628,0
3970,1
75360,1
2106,0
49147,0
27720,0
86869,0
94866,1
87182,0
90526,0
26908,0
77070,0
101297,0
99780,1
92021,0
6732,0
104763,1
98300,0
11744,0
101449,0
10401,0
90969,1
28524,1
63680,1
68732,1
49781,0
26522,0
64644,0
59667,0
37647,0
79497,1
8233,1
42047,1
89140,0
29130,1
63477,1
45002,1
93406,1
85304,1
4754,1
56793,0
61296,0
23328,1
5750,0
26870,1
16811,1
23727,1
74396,0
33639,1
93849,1
43356,1
52471,1
8550,1
43130,1
12610,0
88404,0
59724,1
33069,0
90146,1
70191,1
33030,1
15752,1
60668,0
19677,1
84072,1
89628,1
23943,1
11757,0
32431,1
63328,0
39649,1
22449,0
74643,0
65912,1
65350,0
55996,0
24970,1
89911,1
75005,0
14038,0
14571,0
82230,1
14511,1
90369,0
94372,0
13566,0
78198,1
66466,0
83827,1
96694,0
13214,1
47827,1
61600,0
65232,0
38642,0
44521,0
57841,1
17069,1
67295,1
59174,0
47545,1
7643,1
67634,1
18426,0
86329,1
24556,0
97814,0
63038,1
41619,0
14067,1
36037,1
71838,0
82741,1
31496,1
39253,1
84659,1
4630,1
89931,0
6426,0
32913,0
28081,1
44032,1
11337,1
16257,1
62824,0
52230,1
61992,0
91303,1
82622,1
47014,1
13559,1
7809,0
60024,0
55375,1
96805,1
40216,1
2441,1
15551,0
21914,1
13149,0
41423,0
85028,0
22402,1
2703,1
15059,1
15803,1
98386,1
46817,0
32639,0
31007,1
83110,0
48815,1
11212,1
97204,0
56288,1
15531,1
43242,0
2643,1
103190,0
50573,1
56653,1
77698,1
4197,1
71233,1
57327,1
26261,1
78640,1
68796,0
7452,1
61872,0
76609,1
71108,0
23180,1
10038,0
53066,0
15773,1
33521,1
20070,1
81875,0
63581,0
96384,0
4475,0
2669,1
76238,1
91709,1
25430,0
67051,0
65980,1
95024,1
67373,0
237,1
64536,1
44778,1
48596,0
97594,1
10104,1
23289,0
73590,1
3758,0
13184,0
48403,1
5199,0
7415,0
27972,1
24446,0
80639,0
2443,1
77496,1
19523,1
72592,1
20239,0
84026,1
29966,1
43110,1
1255,0
31571,0
6843,1
14605,1
31711,0
37901,1
16316,1
83512,1
26420,1
96661,1
16595,1
102468,0
39886,0
15848,1
60761,1
60393,1
101194,1
37658,1
87531,0
9924,1
56459,1
52713,1
5648,1
23588,0
59574,0
62543,1
23592,1
27137,1
34706,0
44003,0
76734,0
3539,0
71332,0
33074,1
96109,1
16015,0
86740,1
11905,0
55800,1
90202,1
58474,1
61871,1
22975,1
17819,1
34148,1
39,1
53882,1
36815,1
41194,1
96029,1
84709,0
73825,1
16027,0
20333,1
96845,1
86354,0
55658,1
54350,0
60896,1
27981,1
36414,0
7050,1
39760,1
99001,0
433,1
78422,1
4645,1
95447,1
13273,1
102527,0
37532,0
76079,0
24227,1
46740,0
56418,0
56950,1
104501,0
19801,0
27910,0
16226,0
80086,1
64546,1
16423,0
95471,1
79171,0
22004,0
74001,0
31645,0
2535,0
47198,1
13136,1
36896,1
43546,0
68474,1
4365,0
45973,0
102187,1
88897,1
33230,0
35854,1
3804,0
76333,1
34204,1
15689,1
79562,1
46138,1
21369,1
15329,0
86573,0
12404,1
25,0
17280,1
80455,0
18322,1
62260,0
41593,0
361,1
69449,1
4702,0
23230,1
84972,0
72140,0
35914,0
11141,0
42948,1
74104,0
6902,1
7701,1
91025,0
3987,0
102305,0
26658,1
12948,0
22498,1
90274,0
65645,0
68869,0
68772,0
38570,0
60387,0
13498,1
75892,1
97238,0
14028,0
59543,1
88849,1
94278,0
96529,0
63998,0
42077,1
803,1
93482,0
13256,1
15735,0
10630,1
67899,0
50129,1
75486,1
4584,1
95715,0
89928,1
36776,0
11500,0
54867,0
85050,0
104493,1
88378,1
20093,1
2779,1
7378,1
38464,0
5877,1
38045,1
28163,1
25757,0
6135,1
56561,1
93919,1
14348,0
103847,1
48252,1
67704,1
22507,1
5397,1
21190,1
75210,1
49626,1
48801,1
9839,1
9432,0
8189,0
94240,0
49541,1
75881,0
84506,0
49611,0
75032,0
16328,0
80948,0
84047,0
84711,0
31845,1
95902,0
45448,1
83195,0
91761,1
31514,0
96787,1
51832,0
39522,0
6058,1
51604,1
12338,0
103561,0
94995,0
76599,1
9062,1
63666,1
76598,1
14897,1
1182,0
68376,1
91240,0
64914,1
29031,0
85927,1
27754,0
74264,1
78987,1
12644,0
2454,0
12462,0
9083,1
65593,0
52825,1
54865,1
9580,0
77888,1
57032,1
31972,0
39153,1
53930,1
51752,0
15339,1
63014,0
82994,0
67014,1
104768,1
91838,1
95570,0
238,1
70541,0
99721,0
13397,1
36180,0
39902,0
20390,0
3275,0
2091,0
11941,1
23657,1
64777,1
71210,0
92455,1
9291,0
60848,1
49749,1
73802,1
57536,0
16960,1
49712,0
66206,0
93466,1
77133,1
103827,0
103523,1
121,0
89802,0
26387,0
98453,0
101398,1
39722,0
30424,1
44096,0
30230,0
12963,1
29191,0
89801,0
55126,0
73781,1
94551,0
21696,1
66558,0
58509,1
19920,1
1349,0
41091,1
23669,0
2005,1
3338,1
31829,0
82701,1
95887,1
64670,0
64696,0
19212,1
596,1
47579,1
11513,0
42078,1
103993,0
59641,1
97654,0
38121,0
61523,0
74193,0
4278,1
18255,1
56894,1
15291,1
2009,0
12566,1
34147,1
40074,1
94826,0
26178,0
80738,1
79035,1
22199,0
70707,1
35112,1
89585,0
28700,0
5329,0
63002,1
42757,1
66659,0
90832,0
63491,0
8054,1
78557,0
35577,0
59261,1
70584,1
70121,0
68412,1
67266,0
2542,0
6825,0
11416,1
12041,0
8496,1
61750,1
85257,1
28981,1
46703,0
36175,0
53279,0
96002,1
95276,0
56520,0
98095,0
43175,0
84410,0
55058,0
23182,0
89625,1
23227,0
35296,0
56164,0
55147,1
7115,0
58125,0
27034,0
49191,0
26245,1
8007,1
93975,0
23366,0
1705,0
66037,0
85280,1
35733,0
26088,1
91175,0
7345,1
8012,1
56260,0
57782,1
11624,0
67944,1
66122,0
21710,1
49445,1
59734,0
41133,0
74637,0
79188,0
94367,0
70839,0
5580,1
24013,1
29293,1
100166,0
55247,1
34080,0
82605,1
79733,1
94148,1
42452,0
16598,1
77607,1
79461,1
19998,1
17552,1
100274,1
86075,0
36053,0
67689,0
89776,0
85640,1
101709,0
20311,1
39885,1
27545,1
26881,0
56939,0
8013,1
47221,0
6587,0
70205,0
38188,1
44721,0
4781,1
99888,0
63636,1
101403,0
84590,1
34172,1
70301,1
37620,0
73341,1
89106,1
74217,1
78594,1
28068,1
62252,0
85893,0
4274,1
19969,0
34925,1
72374,0
54821,0
74228,1
6884,1
96124,1
91904,0
76119,0
32706,0
91514,0
15799,0
24894,0
36243,1
66109,1
34370,0
43289,0
68580,1
82486,0
14299,1
25488,0
82737,0
63156,0
26940,1
55684,0
72225,0
25540,1
14841,1
1065,0
10340,1
41039,1
77935,0
104821,0
53300,0
92321,0
5522,0
104255,1
13520,1
21332,0
3906,0
47923,1
37217,0
72287,1
95681,1
14935,1
87717,0
37938,0
2304,0
27701,0
40868,0
91643,1
84813,1
36068,0
33719,1
99506,0
55554,0
97759,0
90052,0
82072,1
1961,0
86718,0
76552,1
96691,0
42687,1
51326,0
62565,0
56628,0
21682,0
61262,0
86407,1
92830,1
76807,0
65472,1
5358,1
63431,1
82852,1
39700,1
90223,1
5450,1
74494,0
91612,0
17142,1
79523,0
11849,1
63918,0
54797,0
96976,1
4304,1
103246,0
84461,0
24806,1
82566,0
63203,0
59500,0
68299,0
88068,0
87303,0
30486,1
2080,1
65589,0
60687,1
76182,0
52576,0
31457,1
36158,0
30244,0
32990,1
38099,0
96542,0
45220,1
35270,1
922,0
101793,0
33539,0
93968,0
41614,1
41472,1
25682,1
29390,1
103476,0
9099,0
42214,1
18528,1
101540,0
35743,0
36539,0
22579,0
104205,0
12742,0
44646,0
6225,0
18386,0
7488,1
63509,0
95323,1
47973,0
85326,0
70996,1
21614,1
104133,0
58727,1
86160,0
68012,0
58211,1
73668,0
99098,0
58679,0
76768,1
61995,0
23427,0
46554,0
26450,1
41412,1
49150,1
10226,1
92301,0
26165,1
43772,1
45233,1
85091,0
52397,0
95237,1
94139,0
60037,0
15520,1
47767,0
24410,0
50019,0
98185,1
48394,1
45068,0
3646,1
87417,1
96628,0
22569,1
15026,0
49565,1
87516,1
79367,1
95684,0
23468,1
1056,0
26092,0
5114,1
40156,0
71674,0
26565,1
13591,1
69589,1
43601,0
36509,1
54273,0
27067,0
50829,0
32138,0
73049,1
33383,0
83572,1
63660,1
2163,1
43324,0
101603,1
86794,1
54535,1
30075,1
103051,0
30197,1
19694,1
11970,1
95224,0
100356,0
15305,0
64724,0
52803,1
72133,1
24406,0
12345,0
59078,0
3106,1
64357,0
65848,1
53811,1
69306,1
103634,1
25128,1
86507,1
78382,0
13018,0
98638,1
8056,1
9605,0
2153,0
64750,0
70556,0
86495,1
6486,1
94118,0
91448,1
42040,1
46602,0
29493,1
80513,0
7424,0
96298,1
7865,1
21944,0
20554,1
97607,0
13222,0
47839,0
103823,0
77995,0
100857,1
699,0
73583,1
82895,1
33213,0
74215,0
8603,1
22123,1
79619,1
88602,0
93523,1
43161,1
13902,0
101035,0
39473,1
14783,0
30819,0
75662,1
19247,1
9927,0
65461,1
94127,0
44535,0
22543,0
104167,0
33240,1
16159,0
89100,0
102802,1
46557,1
73397,0
15152,0
20406,0
77535,0
2641,0
93017,0
48646,0
42104,0
6350,0
42278,1
48156,1
27816,1
99304,1
103479,0
58184,0
18809,1
22779,1
19759,0
66212,0
49308,1
9999,0
19541,0
8115,1
29233,1
26340,0
81865,0
72169,0
48607,0
16631,1
52578,1
32258,0
64400,1
56878,1
7419,0
76721,0
76836,0
102330,0
103574,0
75236,0
56426,1
101128,1
22909,0
35515,0
7982,0
66484,0
3693,0
29488,1
9301,0
64685,0
24353,0
19857,1
11847,1
12686,1
80785,0
88127,0
15414,1
24074,0
38738,0
13044,1
85634,1
11635,1
75625,0
85493,0
94735,0
62247,0
96919,0
78746,1
28305,0
6490,1
3536,0
96887,0
90776,0
68195,1
82693,0
25684,0
65508,1
872,0
53724,1
24832,1
15631,0
41810,0
98557,1
99507,0
20911,0
21658,1
66259,1
74149,0
31408,1
22252,0
46265,1
64351,0
28951,1
83346,0
43012,0
1525,0
1693,1
59981,0
77150,0
17723,0
10735,1
92254,1
20832,1
27314,0
4109,1
36608,1
31196,0
79652,1
90772,0
55847,1
32222,1
34474,1
13580,0
40721,1
64547,1
67869,0
9821,0
73965,0
104672,0
695,1
11808,1
61055,0
48472,0
60581,1
14808,1
82160,0
21185,0
9718,0
86198,0
81524,1
18230,0
16072,1
49448,1
63518,0
47284,0
26541,0
76211,1
38482,0
65325,1
95867,0
67307,1
4416,1
67928,0
24529,1
19210,0
60494,0
60517,0
64725,0
60950,0
61111,0
10549,0
100301,0
5053,0
28660,0
42377,0
55049,0
93893,0
16050,0
61230,0
56790,1
87198,0
21115,1
89953,1
772,1
9406,1
75548,0
69608,0
98681,0
1115,1
101838,1
20026,0
70165,0
59151,1
17247,1
76744,1
67607,0
28266,1
39042,0
58376,0
50538,1
54108,0
38386,1
70102,0
49245,1
90257,1
6734,1
81329,0
35834,0
58741,0
6117,1
98703,0
76135,0
80438,1
32733,0
39770,0
5442,1
4816,0
50823,0
93834,1
99615,0
15009,1
90801,1
27837,0
26693,1
3913,0
7824,1
99292,0
25613,0
9170,0
61435,1
9215,1
101327,1
18511,1
69604,0
91189,1
3195,0
36865,1
65786,0
91637,1
96110,0
65355,0
24325,0
2074,0
5365,0
74444,1
73904,1
7440,1
37066,1
6620,0
17432,0
49613,1
102004,0
22943,1
23594,1
40026,0
100619,1
84662,1
5165,0
58180,0
25637,1
88066,0
76426,1
44590,0
1384,0
9627,1
76753,0
35952,0
7400,1
83288,1
100083,0
74623,0
1159,0
19706,0
22517,1
30390,0
84674,1
32226,1
53625,0
210,1
44692,0
87635,1
7669,1
95428,0
92213,0
89213,1
42097,1
8978,0
37919,0
52163,0
4647,1
70643,0
75863,1
1450,0
74241,0
16920,0
1374,1
92442,1
15623,0
9832,0
77673,0
28790,1
89560,0
48105,0
84986,0
47342,1
9288,0
6395,1
81303,1
59252,0
94083,0
83165,1
104084,0
33138,0
42531,0
8515,1
46358,1
10818,0
81793,0
8045,0
65968,1
70339,1
89661,0
35696,0
91010,0
22341,0
97247,0
78116,1
73362,0
63695,1
78181,1
29190,1
46335,1
7958,1
58723,1
72004,1
63526,1
30454,1
43388,1
20025,1
103935,0
67269,0
93875,1
43582,0
80304,0
102233,0
51818,0
70024,0
21301,0
31010,0
24647,0
80640,0
69963,0
56551,1
65906,1
40938,1
69424,1
101356,0
96332,0
2556,1
78209,0
71967,0
91655,0
15063,1
72446,1
73773,1
33449,0
54354,0
32818,0
70628,0
63242,0
7267,1
19296,0
31359,1
36988,0
68786,0
102417,0
16649,1
72564,0
70156,0
78027,1
36500,1
19484,1
9819,1
3495,0
101699,0
52488,1
8355,0
26195,1
47286,0
36583,1
4963,1
3916,1
42710,1
102387,1
101306,0
3229,1
33400,1
43419,0
102589,1
9277,1
92313,1
97209,1
35216,1
27041,1
95267,1
88985,1
23846,0
68626,0
91195,1
74201,0
44655,1
20127,0
53689,1
24207,0
50618,1
77493,1
16152,0
73091,1
29893,1
61723,1
45485,1
87959,0
14802,0
71099,0
95408,0
102076,0
56668,1
18662,1
91172,1
23276,0
14577,0
35246,1
43144,0
45595,0
51035,1
69252,0
59964,1
100259,0
44409,1
77525,1
51918,1
69731,1
1040,0
48685,0
32411,1
57924,0
80497,1
16983,0
7512,0
83495,0
39633,0
13933,1
87012,1
52566,1
92487,0
52219,1
23534,1
71550,0
72586,0
92130,1
94379,0
23245,1
64396,1
25211,1
97242,1
60433,1
52822,0
30198,1
38426,1
80838,1
12502,0
82464,1
74165,1
64219,0
32825,1
57207,1
90979,1
59823,0
41042,1
79582,0
99159,1
3206,0
93279,1
81920,0
93910,0
37859,1
49192,1
67720,0
78606,1
15804,0
52763,0
32930,1
103007,0
66497,1
3262,1
74961,0
2769,1
35765,1
66622,1
20515,1
9068,1
10726,1
74284,1
5402,1
30792,0
60186,0
28425,0
9049,0
88883,0
56460,1
40172,1
92169,1
88972,0
69459,1
9539,1
46057,1
53217,0
41532,1
23202,1
16535,0
101170,0
26505,1
13510,1
1174,0
87110,1
31897,1
97017,1
22018,1
77629,0
100280,0
8776,1
93096,0
90273,0
36701,1
55138,0
34078,0
57859,0
32428,1
20626,0
94063,0
9506,0
67305,1
48664,1
101389,0
64618,0
21037,1
84135,0
58358,1
96604,0
17495,0
31648,1
71878,1
71586,0
95805,0
60777,0
98391,0
20721,1
103427,0
97078,0
73058,0
68881,0
45784,1
37716,1
16360,0
55304,0
81772,1
52194,1
12224,0
54900,1
3689,1
15931,1
87378,1
87176,1
4800,0
73767,1
59681,0
25783,1
76829,1
71631,1
59512,1
25271,0
55951,1
6989,1
24910,0
76175,0
9553,0
29043,1
93454,0
100135,0
27603,0
62634,0
94296,0
27078,1
84274,0
30295,1
90884,0
20003,0
26285,1
93003,1
65505,0
104625,0
42235,0
64539,0
8006,1
22076,1
93299,0
80151,1
1184,1
16650,0
28620,1
79854,1
45812,0
24950,0
46330,1
38131,0
22325,0
100665,0
39843,0
94748,1
28165,1
13090,1
64448,1
56470,1
2108,0
43930,1
5352,1
49987,1
35417,1
34289,0
46652,1
74963,1
34990,0
19056,0
102255,1
28549,1
104517,1
1717,1
62557,1
14518,1
6818,0
71097,0
17766,1
81014,0
50011,1
32611,1
68615,0
98791,0
10333,1
32816,0
7771,0
12135,1
84044,0
56141,0
47406,1
49176,1
51506,0
13396,0
2647,0
73419,0
82743,0
73639,0
99088,0
86254,1
54381,1
19311,1
70542,0
43723,0
66874,0
2455,0
6066,1
41244,1
76615,1
63372,1
102566,0
21283,1
30366,1
98275,0
13569,1
41642,1
90821,1
4232,1
19692,1
28647,1
17824,0
58425,0
22677,0
30497,1
39905,1
13657,0
25841,0
19333,0
6205,1
76364,1
39018,0
20095,1
102337,0
71916,0
13516,0
59678,0
36257,1
21744,1
17582,1
66147,1
58785,1
100875,0
34765,1
67600,0
80888,0
18722,1
41811,1
16744,1
75237,0
41833,0
30867,1
97858,0
11054,1
58680,1
69668,1
50966,0
29740,0
79937,0
100044,1
76664,0
38427,0
80811,0
81919,0
101312,0
18867,0
39154,0
35115,1
75703,1
11589,1
70134,1
45138,0
87518,0
87691,0
67107,0
3223,1
35836,0
104418,1
22778,0
80653,1
49256,1
76081,1
101073,1
7460,0
39891,0
82789,1
92861,0
54926,0
42933,0
11407,1
7602,0
13995,0
75215,0
68275,1
2118,1
101984,1
9599,1
30608,0
28422,1
82374,1
96483,0
718,0
30202,0
45454,0
80702,0
4602,1
91244,1
32802,0
64094,0
19638,1
51185,1
89767,1
25490,1
73793,0
31586,0
98915,1
93153,1
25034,1
17570,0
80886,0
16270,1
93707,0
78411,0
93793,0
5625,1
78184,0
41502,1
20444,1
82074,1
22237,1
83071,0
70111,1
90426,0
46932,1
95627,0
48665,1
20565,1
101896,0
10522,1
47856,0
92513,0
34489,1
96204,1
42550,1
26557,1
74807,1
69649,1
73209,0
60902,1
35321,0
60943,1
4513,1
62875,1
41601,1
17808,1
71774,1
70696,1
30649,0
76121,1
6334,0
26119,1
102367,1
24457,0
3967,1
17903,0
12714,0
44076,1
52744,1
87455,1
37574,1
57435,0
364,1
34516,1
34037,0
85889,0
65817,0
83722,0
58578,0
100522,0
100762,0
103645,0
35578,1
32686,0
94921,1
49005,1
100426,0
73233,1
3230,1
70041,0
84200,0
86134,1
92915,1
104547,0
10288,0
20564,0
94974,1
44404,0
36799,1
13176,0
87651,1
93985,0
59816,0
97272,1
1236,1
19891,1
89787,1
64258,1
47909,1
102644,0
67906,0
91747,1
32891,0
21315,1
14385,0
64591,1
54262,1
44970,0
76640,1
82601,0
72618,1
75599,0
94199,1
28018,1
50206,1
104219,1
102029,0
62133,1
55890,1
45461,1
11745,1
51350,1
26217,0
467,1
43527,0
13283,1
6530,1
50196,0
62682,1
95005,1
36555,1
60932,1
76334,1
58774,0
69946,0
70998,0
60394,1
26489,1
55439,1
10795,1
78493,0
40707,0
34082,0
103572,1
44901,0
57555,1
73431,1
100768,0
19553,0
12032,0
76787,0
38098,0
97484,1
27475,1
80385,1
28368,1
36824,1
1505,1
103256,0
75314,0
70186,1
80564,0
47013,0
10074,0
42068,1
91913,1
82169,0
47895,1
23642,1
55466,1
16833,0
98772,0
17200,0
52734,1
78465,1
100207,1
65349,0
1881,0
69435,0
71832,1
88561,0
72412,0
13884,0
5436,1
76824,0
92593,1
37136,0
49680,0
23365,1
9848,0
38209,0
15135,1
11548,1
84199,0
21360,1
63063,0
49471,1
24386,1
74535,1
29314,0
60075,0
94884,0
64329,0
18598,1
2257,1
76107,0
72920,1
45367,0
24181,0
3480,0
26818,1
53776,1
19027,1
90096,1
10376,0
104807,1
30861,0
96371,0
95410,0
65280,1
17575,1
77252,0
43637,0
7222,1
13547,1
49405,0
66736,0
21580,1
85998,1
90614,0
47552,1
54711,0
12042,0
38602,0
39396,0
92666,0
25565,1
77715,1
58027,1
87442,0
3238,0
35059,0
21890,0
12158,1
17229,0
66125,0
89104,0
91056,0
44674,1
77557,1
50984,0
85195,0
85465,0
96075,1
13055,1
62189,1
33975,1
63912,1
54744,1
87616,0
72629,1
71483,0
50189,0
74631,1
9671,0
55579,1
2996,1
103773,1
74595,0
96429,1
13763,0
8669,1
30111,0
36694,0
21039,1
72254,0
30626,0
45733,0
96090,0
31393,1
98804,0
55739,1
38484,0
59189,0
1983,1
104571,0
65191,1
66560,1
8003,1
56864,0
2963,1
100310,1
48494,1
21402,0
103939,0
84679,0
46338,0
9753,1
12019,0
71934,1
19691,0
6677,1
93847,1
5205,0
31455,0
94022,0
38691,0
55258,0
49521,1
36368,1
16822,1
60854,1
70516,1
81002,0
64290,1
42970,1
10588,0
2545,0
84325,1
830,1
90842,0
56064,1
52510,0
75455,1
58162,1
51816,0
45113,1
35951,0
53531,1
41363,0
45886,1
89800,1
35314,0
23570,1
98450,0
31905,1
104089,1
64275,1
60881,0
10443,1
14834,1
13339,1
16690,1
31614,1
102568,1
20847,0
53062,0
5956,1
54528,0
75679,1
101307,1
102033,1
37863,0
77990,0
79212,1
59276,1
101701,0
93486,1
39435,1
13016,0
81363,1
48606,0
27760,1
6762,0
18125,1
23869,1
104297,1
33292,0
82879,1
46315,0
86059,0
96980,0
6929,1
21767,0
38094,0
22308,0
61581,1
36434,1
6748,0
9103,0
57918,0
46595,0
70066,0
90176,1
39626,0
53334,1
36215,1
46648,1
55604,0
47597,0
33806,1
4378,0
94232,1
82477,1
58127,1
28489,0
678,1
53448,1
70910,0
85211,0
28503,1
78238,0
50894,1
21503,1
57613,0
51975,1
19500,1
88771,0
75845,1
73634,1
85749,1
38220,0
78502,1
302,1
47850,0
9446,1
21107,1
3744,1
13590,1
94873,1
80994,1
29635,0
27476,0
87024,0
102574,1
27173,0
99645,0
70579,0
16422,1
43604,0
43787,1
86606,1
31404,1
85630,1
58640,1
53295,0
90519,0
16806,0
68058,0
60466,1
13916,0
21309,1
77232,0
101395,1
95991,0
13092,0
47708,1
20232,1
71187,0
78307,0
52967,1
81404,1
19867,1
55063,0
78049,0
93305,1
42173,0
95430,0
48699,1
28975,0
17817,0
105,1
62168,0
24972,0
89681,1
100125,1
87451,0
46041,0
27780,1
61205,1
31240,1
53003,0
66475,1
44673,0
53032,0
80416,1
282,0
59231,1
53835,0
103411,0
71194,1
55861,1
79569,0
71848,1
18523,1
28943,1
88425,1
29098,1
14759,0
41067,1
30073,1
62632,1
42146,0
98902,1
102686,0
83796,0
35229,1
87108,0
7116,0
6033,1
34364,1
75797,1
2880,1
14558,0
22454,1
52774,0
31426,1
50275,0
64959,0
677,0
29876,0
101076,0
11186,1
34373,1
83417,0
30483,0
1264,1
99528,1
72931,1
7999,0
48734,1
59183,1
83369,0
12998,1
34625,1
52612,1
8412,0
21573,1
13169,0
74357,1
98060,1
45305,1
6631,1
51762,0
95557,1
91743,0
62257,1
1552,1
86272,0
31604,0
45953,0
93510,0
101820,0
41322,1
89695,0
15169,0
28203,1
46351,0
50695,1
68456,0
60830,1
89553,1
26309,0
76521,0
47875,1
96146,1
36418,0
36181,0
52170,0
17148,0
56702,0
57456,1
11108,0
81469,0
101451,0
69444,0
14194,0
30337,0
35107,1
61564,0
66522,1
91393,1
54718,0
26927,1
89919,0
60345,1
51746,1
54451,1
19317,0
5521,0
76745,0
70187,0
46140,1
31014,1
15359,0
33816,0
8623,1
33504,0
67205,0
61492,1
88099,1
74626,1
46142,0
21957,1
91656,0
44026,0
42611,0
101755,0
3423,0
99124,1
44360,1
81389,1
92643,1
10161,1
80203,0
63220,1
61628,1
66758,1
38944,1
61241,0
33183,1
93894,1
89494,0
18331,1
100967,1
20966,0
66018,0
22098,1
79579,1
102242,1
2931,1
90903,0
34708,1
13518,0
7897,1
78243,0
81172,1
28249,0
97357,1
52188,0
58690,1
20225,0
13322,1
65412,1
15722,1
47468,1
1840,1
231,1
88879,1
34348,1
10193,1
49033,1
95438,1
86899,1
23053,1
63799,0
45717,1
1478,0
30859,0
12645,1
84692,1
57843,1
68453,0
56307,0
97528,0
16251,1
82567,0
76660,1
91286,0
28090,1
65243,1
67078,0
81189,0
80008,1
34549,1
30897,1
18708,1
50837,0
60228,0
39094,0
23872,1
39771,0
97363,0
71360,1
46373,0
57033,1
33295,0
27729,0
23630,1
85409,0
49196,0
23093,1
58124,1
99488,1
15364,0
96441,0
7717,0
21673,0
51524,0
5466,1
75010,0
81215,1
46042,0
38991,1
32211,0
60350,0
21942,1
16886,1
22893,1
40322,1
57143,0
11182,0
52011,1
103354,0
68101,1
27166,0
58265,0
39484,0
32519,1
29115,1
64388,1
31070,1
27619,0
45282,0
14047,1
69017,1
104006,0
48983,1
70095,0
61582,1
54383,1
8899,0
12913,1
83630,0
21717,0
24628,0
68844,1
86164,0
92230,1
2506,1
33406,1
62690,1
33667,1
21935,0
102657,0
44871,0
55585,0
101492,0
46978,1
47145,0
84740,1
42940,1
36689,1
12847,0
45480,1
79165,1
28866,0
93005,0
19005,0
66341,0
97280,1
64256,1
86978,0
103767,0
29632,1
20019,1
37269,0
18347,0
29735,1
8425,1
85041,1
7748,1
83327,1
67994,0
104615,1
60995,0
5047,1
31250,0
17306,0
84398,0
22887,1
48180,1
103360,0
99589,0
96932,1
5447,1
82897,1
24848,1
79622,1
69676,1
25456,0
32849,1
77401,1
59921,1
46196,1
38363,0
90371,0
85603,1
69342,1
89159,0
55818,0
90726,0
102876,1
46785,0
102420,0
44097,0
52843,0
81121,0
82570,1
85020,0
101252,0
29228,1
77761,0
3801,1
66553,0
18581,1
12501,1
21984,1
56362,0
18555,0
90769,1
58100,0
48461,0
89798,0
91534,0
54492,1
81684,0
48320,1
97833,0
100290,1
25309,1
73106,0
700,0
81425,1
53366,1
24624,0
75244,1
58189,1
2323,0
80697,0
66154,0
100525,1
54502,0
86547,1
33453,1
28546,1
31194,1
76832,0
63940,1
5928,1
75712,1
12237,1
80120,0
35456,1
81117,1
92629,0
61934,0
1613,1
41518,1
22339,1
57642,0
75368,1
6739,1
98660,1
58136,0
83060,1
43432,1
86848,1
52038,1
4491,0
51513,1
50575,1
74412,1
83539,0
89153,0
88096,0
5281,1
28856,1
43622,0
39750,0
92847,1
29304,0
8585,0
90323,0
46068,1
46186,0
76429,0
10716,1
44984,0
61141,0
49906,0
38880,1
74772,0
84866,0
20619,1
90468,1
67954,0
2209,1
51956,1
5383,1
103118,1
35266,1
938,0
22373,0
43645,0
84973,0
23438,0
74376,0
61510,1
21972,1
86105,0
61949,0
95146,0
11239,0
152,0
9287,0
14230,1
45836,0
42932,1
15038,1
24019,1
92695,0
1947,0
101242,1
65694,1
23739,0
57812,0
97526,1
35858,1
29491,1
26163,1
921,0
13386,0
23856,0
85574,1
92585,0
60763,0
12286,1
87830,0
31822,1
65088,0
24059,0
57368,1
35117,1
4960,0
17720,0
52685,0
574,0
22529,0
89519,1
83641,1
62327,0
91467,1
55022,0
89234,1
18897,1
1228,1
73510,0
95910,0
9081,1
28453,1
14304,0
59925,1
24930,0
27138,0
8534,1
99918,0
102587,0
62497,1
84429,0
26937,1
97574,1
43706,0
50274,0
70868,1
45827,0
55828,1
88919,0
95173,0
56791,0
75129,1
100008,1
63079,0
27971,1
6768,1
95977,1
72085,0
51820,1
27052,1
95754,0
49179,1
65606,1
68024,0
97208,1
54531,0
70294,1
2546,0
93002,1
17607,1
84707,1
83700,1
50435,0
2665,1
102025,1
24495,1
36671,0
16211,0
4739,1
71647,0
21421,1
23807,1
23283,0
50093,1
54174,0
71054,0
9195,0
56716,0
488,0
28627,1
26200,1
80084,1
38269,0
3976,1
37259,0
82029,0
19778,0
104854,1
84660,1
6595,1
55213,0
25247,1
53779,1
88144,0
48891,1
79208,0
76509,0
102615,0
3454,1
36047,1
11090,1
33150,0
97323,1
32845,1
81962,1
32671,1
94673,0
65381,0
42313,0
40521,0
41618,1
5772,1
89486,0
61137,0
73317,1
71910,1
45918,1
56738,1
102166,0
28548,0
4407,1
96868,1
20825,0
4987,1
94557,0
62915,1
62090,1
40389,0
726,0
90978,1
101563,1
73211,0
74825,1
96955,0
96034,1
85215,0
59326,0
79526,1
57232,0
71255,1
48960,0
9770,0
21299,0
95151,1
11289,0
89794,1
102360,1
30653,1
59038,1
34960,0
42712,0
94109,0
68923,0
30717,0
51483,0
97409,1
58561,1
57111,1
102759,1
75885,1
3254,0
47271,0
87766,1
73861,0
79235,0
47212,1
48866,0
71381,1
99188,0
104859,0
99802,1
13284,0
23763,0
24700,1
91075,1
26513,1
71359,1
72634,0
77550,0
19240,0
30014,1
12481,1
84365,0
76301,1
10451,1
2274,0
25606,0
63939,0
42376,1
62154,0
79034,0
8670,1
52319,0
54389,0
9441,1
19221,1
61699,1
15748,0
5496,1
33096,0
11930,1
86907,1
78039,0
64417,1
100305,1
60074,0
66637,0
19682,0
31303,0
33635,1
84897,0
60256,1
4722,0
95020,1
69168,1
43658,1
43812,1
10824,0
43717,0
15269,0
100395,0
66336,1
70759,1
35143,1
3632,1
29580,1
102112,0
64107,1
26167,1
69077,0
95602,0
1476,0
36356,1
29616,0
7785,1
53892,1
27060,1
80034,0
90795,0
4650,1
48547,1
12568,0
67960,1
53659,1
45162,0
87505,0
95121,0
45323,1
7446,1
15437,0
70785,0
6789,0
81003,0
63324,1
40023,1
80156,0
84918,0
41229,0
71450,1
35378,0
72714,0
62700,0
41867,0
19839,1
27250,0
90057,1
85023,0
5855,1
19319,1
100588,0
60353,0
93247,1
38255,0
79780,0
9604,0
47720,1
9093,1
62244,0
17615,1
51615,0
12720,1
16012,0
9913,0
18604,0
80260,1
98311,0
13281,0
99108,1
95973,1
87023,1
74161,1
58272,0
44436,1
38750,0
9181,1
58626,0
75681,0
52104,0
79303,1
22809,0
93605,0
103946,1
72740,1
41142,0
82959,1
8700,1
43319,1
44594,0
76741,0
64560,0
36927,0
36351,0
25068,0
34042,1
77159,0
94192,0
50532,0
77394,0
1152,1
57183,1
72822,1
71490,1
12140,1
55343,0
75994,1
26280,0
73747,0
43097,1
33798,0
81518,0
34847,1
71736,0
47219,1
23484,0
50588,0
1909,1
71830,1
47160,1
51179,0
80183,0
65718,0
15845,1
16674,0
96765,1
24667,1
87396,1
4902,0
4066,1
23884,0
39012,0
61725,0
65179,0
48387,1
63579,1
71379,1
89987,0
65668,0
56967,1
24393,1
79263,0
26221,1
29423,1
90699,0
54098,0
6416,1
17936,1
49492,0
68572,1
61469,1
14470,1
36212,1
9586,0
57612,1
6322,0
1888,0
7058,1
89888,1
75783,1
69044,1
103494,0
35882,1
28116,1
15567,1
103156,1
58547,1
85510,1
68361,1
103425,0
22100,0
67461,0
82499,1
23300,0
24811,1
101022,1
295,0
51001,0
67011,0
26350,0
73611,1
52480,0
89642,0
81834,1
77127,0
2470,1
31185,1
51966,1
41904,0
104770,1
48040,0
85179,1
76258,1
96587,0
76256,1
20462,1
60043,1
47678,1
85279,1
89268,0
85082,1
100929,0
53871,0
94611,0
61086,0
7699,1
63691,1
25765,1
75167,0
8559,0
12938,1
50542,1
9393,1
58737,1
60307,1
71154,1
57403,1
23901,1
2814,0
67811,1
102534,1
78783,0
41098,1
54874,1
16683,0
3007,0
79858,1
229,0
29726,0
30648,0
65012,1
8138,0
78214,1
43409,1
2893,1
43267,1
64080,1
15983,1
80617,1
2252,0
61533,0
92737,1
96532,0
10445,0
18506,0
46515,0
63465,1
90481,0
62093,0
37632,0
40308,0
47975,0
80850,0
24794,0
20102,1
50849,1
50109,0
59162,1
59782,1
59848,0
30046,0
45745,1
19397,0
75833,1
83855,0
85027,1
89464,1
11083,1
56072,1
55099,1
52346,0
95004,0
11610,1
101469,0
17453,1
35571,0
81891,1
20443,0
10045,0
50034,1
59399,0
36365,1
83336,0
56531,1
28268,0
31884,1
97998,1
27144,1
55625,1
87084,1
3325,0
38676,0
97717,0
59707,0
32742,0
1313,1
41701,0
38858,0
12814,0
84259,1
960,0
49320,1
42540,0
25777,1
11025,1
20000,0
85736,0
61651,1
42347,1
46446,0
95246,0
2622,1
9663,0
4117,0
92612,1
39556,0
55652,1
78088,0
69341,1
27405,0
40110,0
30887,0
30211,0
8910,1
95781,1
9563,1
41845,1
4258,0
91059,1
45943,0
42319,0
73612,1
62582,1
93268,0
53171,0
35065,0
63393,0
100322,1
100781,1
99741,0
55937,1
28547,0
7044,1
44412,0
97424,0
96343,0
2772,0
33089,1
90662,0
99310,0
6967,1
51168,1
78005,1
34631,1
11622,1
69625,1
44751,0
95031,0
7592,0
37983,1
63211,1
21040,0
44232,1
98526,0
29834,0
48686,0
26775,0
69737,1
65238,0
48912,1
12162,0
69634,0
3747,0
76755,0
18437,1
74647,1
102410,1
88125,0
52602,1
65221,1
33676,0
98647,0
81482,0
31737,0
4255,0
94646,0
21317,0
73768,0
60861,1
43766,1
6055,1
97110,1
83687,0
84914,0
41850,0
67018,0
63197,0
68724,0
60207,1
23414,0
47894,1
83661,1
37727,1
17286,1
60079,1
80642,0
64796,0
26219,1
46307,1
80675,0
32700,0
100702,0
64814,1
66043,0
37599,0
35941,0
73434,1
89705,1
96079,0
46954,1
79365,1
46709,1
65173,1
1661,1
4972,1
57720,1
96470,0
782,1
65477,1
77055,0
21409,1
62849,1
70193,1
51399,1
76542,1
94504,1
39361,1
23920,0
93580,0
25117,0
96876,1
7756,0
99333,0
12488,0
53157,0
60008,0
80377,0
84305,1
99192,1
68827,1
103842,0
52005,0
9877,1
84181,0
74439,1
84953,1
40140,0
102806,1
44154,0
54298,0
29102,1
28098,1
66451,0
53176,0
78321,0
76351,1
89533,1
18134,0
104786,0
84971,0
94534,0
96595,0
75661,0
42283,1
81718,1
38,0
54233,0
63423,1
41948,1
51924,0
23510,1
78814,0
97329,1
78618,0
70486,1
38910,0
11147,1
13691,1
89904,1
75752,0
82508,0
69524,1
84940,0
99388,0
63804,0
4349,1
90715,0
76811,1
41553,1
14637,1
67873,0
102646,1
24921,1
3679,1
82573,0
42469,0
88608,1
36008,1
70076,1
21527,0
33185,0
10955,1
53177,1
12060,1
11370,0
1639,1
58044,1
76296,0
38486,1
28555,0
50383,0
64590,0
8718,0
24765,1
97324,1
26054,0
46843,1
33484,1
62427,1
104695,1
51979,0
43802,0
14875,1
66991,0
27081,0
9058,0
46148,0
61538,0
17944,0
90823,0
87484,0
69899,1
10895,1
94692,1
14939,1
52599,1
44926,1
18702,0
79134,1
41279,1
53128,1
97905,0
101721,1
99986,0
8549,1
55956,0
77063,0
73475,1
32163,0
94185,1
67324,1
102125,0
58782,1
55845,0
57829,1
56893,1
101021,1
84455,0
46089,0
77983,1
71133,1
36045,1
48198,0
28870,0
31579,1
85761,0
50427,0
56836,1
4768,1
32425,0
65807,1
66567,0
71867,1
39050,1
101233,1
41616,0
51493,1
41987,0
11648,0
9435,0
69808,0
67537,0
15453,0
73750,0
88722,1
5591,1
71892,0
21229,1
4731,1
25423,1
67462,1
96374,0
39775,1
78763,0
1641,1
37307,0
19378,1
27190,1
15202,0
79181,0
73911,1
92674,1
81066,0
101779,1
68721,0
20809,1
32518,0
98893,1
42213,1
58903,0
72961,0
68407,0
53865,0
84009,0
47723,0
87190,1
43374,1
49491,0
55944,0
56242,1
15842,0
34776,0
72187,0
13501,1
63920,1
57405,1
102489,0
26613,0
27706,0
70465,1
5655,0
14297,1
81979,1
43722,0
27949,0
73814,0
36503,0
20132,1
85529,0
54031,1
82270,1
1173,0
23886,1
16611,0
95064,1
92068,0
9055,1
81884,0
78503,1
63571,1
101824,1
26108,0
56949,0
95178,0
26038,1
71822,1
48587,1
3568,1
81885,1
86675,1
18620,0
57784,0
23547,0
25926,1
89761,1
19803,1
92892,1
77735,0
9717,0
30270,1
28892,1
9092,1
53983,0
11743,0
33223,0
53465,0
13961,0
5351,1
95100,0
26752,1
78936,1
1897,0
103327,0
103988,0
95066,0
66226,1
19804,1
46296,0
43273,0
100901,1
54837,1
104657,1
68746,0
80222,1
67972,1
679,1
92730,0
30228,0
15889,0
98013,1
98827,1
28031,1
61878,1
19955,1
23112,1
19215,1
8541,0
10632,0
4020,1
98208,1
98814,1
77200,0
85658,1
9383,1
56935,1
51554,1
58410,1
81114,0
92413,1
39936,0
51796,0
54161,1
94449,1
83615,1
61632,0
19855,1
13277,1
64130,1
42898,0
22272,1
47696,0
79342,0
63375,1
24799,0
8163,1
98943,0
82287,0
99527,0
25238,1
21462,1
36396,0
3245,0
1449,1
90049,1
17617,0
1652,1
17406,1
33613,1
26426,1
43172,0
22592,1
103243,0
76648,1
104065,0
23599,1
53289,0
103080,1
87838,1
2973,1
10817,1
23663,1
93668,0
35439,1
84324,0
95417,0
4388,1
68893,0
53912,0
54336,1
32129,1
33112,1
17335,0
23105,0
101266,1
10060,1
52218,1
48871,0
63195,0
25915,1
40657,1
41123,0
55365,0
67747,1
52307,0
3830,1
12116,1
103245,1
6126,1
71354,1
100512,1
85284,0
12090,1
40359,1
35395,1
100442,0
28108,1
42907,0
100168,1
52596,0
52049,0
50645,1
92091,0
6338,0
2248,1
28502,1
3555,1
33278,0
97494,0
14798,1
73705,0
103470,1
12107,0
103733,1
58242,0
82791,1
74253,1
78036,0
19687,0
101311,1
75604,0
20275,0
32120,0
100262,0
55730,0
55202,1
20101,1
54871,0
19196,1
52629,0
39367,0
40330,0
59580,0
91948,0
75114,0
27954,1
45911,0
92398,1
50236,1
12028,1
19050,1
88735,1
55191,1
46594,0
97812,0
19909,1
55018,0
86100,0
62353,1
100725,0
36252,1
10496,0
78355,0
88861,1
10413,0
89637,0
94712,1
59953,1
78405,0
53202,0
14884,1
11972,1
63894,0
51859,0
6839,0
53430,0
31702,1
76372,1
45298,1
59148,1
100445,0
61821,1
67571,1
89355,1
35485,0
14094,1
15499,1
48869,0
67984,0
88870,0
77486,1
76900,0
92219,0
97232,0
65345,1
85441,1
83149,0
101606,1
32567,1
75431,0
84879,1
62346,0
60211,0
66325,1
1824,1
37838,0
99228,1
3701,0
27568,1
97210,1
4503,0
4401,1
75440,1
15021,1
28629,1
68553,0
8767,0
76633,1
76812,1
38304,1
47639,0
44566,1
48715,0
76623,1
99624,1
15571,1
67440,0
30223,1
57505,1
80552,0
48487,1
13996,1
88665,0
102466,1
44554,1
54045,1
104544,0
91089,0
74147,1
58237,0
41659,0
13705,0
96206,0
39793,1
4254,0
40942,0
98083,1
36925,1
32259,0
31164,1
62322,0
82241,0
33762,1
54942,0
1344,1
45706,0
36962,0
44002,1
36979,1
70729,1
39384,0
63271,1
93201,0
51683,1
69195,0
15886,0
40379,0
92812,1
9938,0
77893,1
84248,0
58938,1
50384,1
14722,0
70029,1
66790,0
21939,0
6662,1
5985,1
6725,0
69108,0
22236,0
100710,0
77084,1
5054,0
16497,1
87748,1
40418,1
66808,0
34790,0
48767,0
40805,1
6850,1
43605,1
96211,1
38629,0
91455,0
101584,0
43927,0
61907,1
5694,0
76069,0
11581,1
78402,0
93418,0
254,1
101187,1
63937,0
85489,0
23815,1
55083,1
32160,1
17542,1
71805,1
63651,0
89721,0
90502,0
81594,0
90392,1
13381,1
10093,0
8058,0
60859,1
83123,1
75798,0
78491,0
31988,1
76550,1
38528,0
38608,1
7029,1
89779,0
8366,0
16635,0
1547,1
85427,0
74222,1
94689,1
64020,0
93275,0
17546,1
25410,1
86809,1
1423,0
79577,0
78930,0
8215,1
17234,0
30581,0
52252,0
78265,0
42845,1
12008,1
86344,0
36862,1
61,0
71640,0
66844,0
5725,1
89716,0
42490,0
11854,1
16242,1
83797,1
74551,0
72212,1
21483,1
17852,1
50167,0
81147,0
20657,0
50433,1
87681,1
54215,1
97889,1
54993,0
25158,1
92775,1
485,1
90208,0
36549,1
34463,1
44875,0
26700,0
52068,1
257,0
56172,0
61009,0
73647,1
13195,0
67483,0
9798,1
37388,1
96144,0
41774,1
45593,1
90238,1
76563,0
76838,0
5761,1
84632,1
92959,0
25051,0
7064,0
92962,1
18843,1
81698,0
61432,0
9575,1
4817,1
78448,1
58914,1
21484,1
83669,1
7765,1
71792,0
16783,0
31009,0
40486,1
797,0
26032,1
77165,0
23452,1
248,1
83345,1
76762,0
12660,1
49414,1
84121,1
10963,1
94527,1
87800,0
62541,1
75527,1
50569,0
18723,1
83520,1
102541,1
61978,0
7137,1
99761,0
49976,0
28899,1
5559,0
2362,1
88289,1
102616,0
39753,1
53876,0
73722,0
2858,0
21731,0
51118,0
46917,0
60264,1
84576,1
45050,0
27122,1
90739,1
94744,1
5927,1
26273,0
50858,0
41801,1
82233,0
31345,0
19681,1
30190,1
83506,0
32594,1
25212,0
35674,1
104101,1
68219,0
31603,1
74014,1
69722,0
16314,1
84716,1
100868,0
28459,0
97075,1
35390,0
39951,1
89700,0
86832,0
23984,1
50519,1
12073,0
78373,1
53622,0
49529,0
28224,1
64001,1
3814,0
46066,1
14742,1
8023,0
73423,0
84002,1
104427,0
64398,0
38605,1
30801,0
49992,0
9391,0
6740,1
37616,0
15527,1
6371,1
58078,0
35870,1
101163,1
8206,1
59912,1
4973,1
55210,1
26148,1
60536,0
49980,1
2600,1
98240,1
9248,1
3317,1
48698,1
93286,1
6172,1
74521,1
47415,0
55172,0
37931,0
88839,0
90385,1
81132,0
2863,1
6827,1
29360,0
36681,0
15910,0
84928,0
98284,1
72072,0
46676,0
75412,1
48010,0
100397,0
15496,1
53545,0
90008,0
96352,0
11058,1
73828,0
53184,1
9175,0
17116,1
25014,0
91625,1
14314,0
50553,1
81740,0
81549,0
36151,0
1103,0
11933,1
103167,1
102710,0
51181,0
38820,0
54185,0
50925,0
90855,1
60644,1
72612,0
29604,1
14424,0
36581,1
76216,1
102774,1
66312,0
62321,0
8930,0
62116,1
71628,1
36361,1
12128,0
77269,0
63455,0
34242,1
26932,1
27960,1
48120,1
72851,0
52944,1
81011,0
11666,0
54260,1
69391,1
66585,0
1878,0
102295,0
35290,0
50411,1
43138,0
48770,1
23784,0
35851,1
53928,0
92287,1
78006,0
76867,1
24567,0
29283,1
30340,0
100384,1
72306,0
60335,1
55999,0
101223,1
74527,1
70377,0
74965,1
36556,0
34807,1
44198,1
30498,0
46630,1
14687,0
76100,1
76747,0
22337,1
22112,1
51220,1
21995,0
7241,1
18112,1
20974,1
36205,0
96262,1
23086,1
58490,1
1421,1
74766,0
88938,1
83978,0
78723,1
87377,0
45970,1
49685,0
25426,0
18672,1
35553,1
47853,0
10573,1
54079,1
36176,1
51149,0
26858,1
64606,0
8377,0
97604,1
30517,0
61246,1
103238,0
26968,1
75438,0
75094,1
37312,1
53379,1
8896,0
12889,0
16026,1
65865,0
67190,0
74101,0
90677,1
103748,0
89415,0
18611,1
8666,1
10118,0
28574,1
94120,0
55039,1
71662,1
64273,1
5857,1
6453,1
44725,0
12492,0
76047,0
43153,1
30350,0
42935,0
30042,0
26410,0
69848,1
54125,1
102473,0
53178,1
43163,1
99302,0
90883,0
56436,0
88396,0
44770,0
65884,0
14272,1
15198,0
34173,0
78447,0
96535,0
88977,1
81475,0
84622,0
47676,1
17800,1
85037,0
79954,0
20124,1
42813,0
76549,1
6233,0
4158,1
31650,0
38802,0
97874,0
55240,1
53166,0
85948,0
45226,1
28199,1
87979,1
12353,1
25557,1
456,1
74028,0
40837,0
66631,1
18010,1
57957,1
47288,1
25114,0
57422,0
53796,1
23138,1
102203,1
27,0
104551,1
28011,0
62581,0
7690,1
1771,0
10493,0
57098,0
64690,0
86936,1
47525,0
4529,1
75437,1
57137,1
76143,0
5136,1
69421,1
22566,0
102225,0
4896,1
22031,0
69992,0
46823,1
39355,1
79704,0
42288,1
61657,1
48177,1
94167,0
10897,1
24678,0
19345,0
22830,1
18268,1
93862,0
72406,1
66114,0
26068,1
88784,0
32857,0
101999,0
55113,0
34356,0
31887,1
100372,0
21945,0
20018,0
90477,0
82825,0
64585,1
54952,1
45743,0
60416,0
59001,1
14152,0
24459,1
31738,0
67947,0
38453,1
17916,0
3416,1
49841,0
64884,1
67319,0
11866,0
78324,1
8861,0
63858,0
51807,1
50036,1
94834,1
53851,0
17454,1
53130,1
92641,1
71746,1
79843,1
18003,0
57770,1
22967,1
102571,1
25873,0
53308,0
7049,0
19913,0
28853,0
73237,1
82304,1
10369,1
102733,0
44897,1
31324,0
3856,0
24261,1
17695,1
96623,0
97529,1
30899,1
35559,0
40965,0
67237,0
98537,0
43703,1
43019,0
59002,1
97560,0
2060,1
58191,0
76137,0
41095,0
33737,0
35980,1
9862,0
17658,1
71289,0
57523,1
84777,0
37124,1
31149,1
60739,1
64332,0
63686,0
72047,1
77214,0
58377,1
92958,1
10430,1
17174,1
65254,0
76099,0
80885,1
63522,0
46526,0
55926,1
28641,0
103496,1
72172,1
62125,1
60847,0
2359,1
79250,0
9632,0
73876,0
21268,0
79703,1
15740,1
104569,1
32584,0
32139,1
97371,1
60028,0
59448,1
102942,0
7173,0
635,1
24338,0
21156,1
10064,1
72527,1
96333,0
53778,0
47236,0
93166,0
77727,0
53428,0
101529,1
98936,1
68152,1
98797,1
61311,1
11112,1
44433,0
100973,1
54785,0
10855,1
501,1
98558,1
61347,0
32944,1
49473,0
54254,0
11383,0
37152,0
45322,1
54240,0
6455,0
73932,1
56629,1
41419,0
29841,1
14216,0
30418,1
53236,1
77615,0
13779,1
79462,1
83743,0
7351,0
35754,1
87902,1
95585,1
84925,0
6344,1
21226,1
66520,0
16240,1
61254,1
45338,0
8146,0
28697,1
37800,1
67887,1
83082,0
64407,1
52145,1
87281,0
53677,1
57199,1
28808,0
88461,1
49805,1
87327,1
8884,1
21397,0
88582,1
9645,0
27590,1
31664,1
64682,0
60520,1
2489,0
8752,0
33986,0
69350,0
24636,1
46535,1
59951,1
79369,0
70623,0
103500,0
77141,1
80134,0
72989,0
5439,0
25532,0
94512,1
7480,1
73238,1
66987,1
78619,1
96259,1
27239,0
2748,1
19168,0
97521,1
70799,1
21495,1
48667,1
40848,1
11219,0
77690,0
69932,0
8323,0
104494,0
56215,0
86993,0
78994,1
87473,1
11597,1
19647,0
27095,1
6982,0
36024,1
5547,0
963,1
36270,1
6800,1
50702,1
38965,0
60997,1
5040,1
2533,1
101980,1
7447,1
26928,1
70353,0
87180,0
33366,1
103442,0
30321,1
32374,0
72766,0
6354,0
69446,0
20419,1
20126,1
89744,0
100832,0
570,1
32946,1
6977,1
48043,1
56937,1
46651,1
71611,1
55458,1
101281,0
8365,1
24665,0
16858,0
48251,0
63267,0
37784,0
48406,0
14844,1
3815,1
101300,1
78418,1
62192,1
27148,1
69023,1
54160,0
103549,1
35686,0
75045,0
18997,1
69928,0
4368,1
36276,1
57423,1
6255,1
57151,1
23447,1
68210,1
68883,1
30743,1
95199,1
35890,0
46378,1
104213,0
66035,1
80415,1
78475,1
41721,1
23579,0
16573,0
14646,0
20512,1
58160,0
11323,0
13132,0
67025,1
52048,0
89972,1
46569,1
42650,0
99778,1
95518,0
28189,1
102561,1
74269,0
6003,1
40055,0
67399,0
62990,0
6761,0
51974,1
22060,1
55761,1
27254,0
42573,1
30179,1
13056,0
11019,1
82443,0
42189,1
90017,1
10325,0
34912,1
17971,0
60007,0
78449,0
97053,0
93702,0
5907,1
86609,0
24652,0
68437,0
78691,1
96287,0
26688,1
96797,0
692,0
99565,1
88822,0
64558,1
81699,0
68441,1
35687,1
50139,0
56365,1
92957,0
46585,0
49559,0
16992,0
6981,0
100471,0
57173,1
71971,0
96307,1
5266,1
103136,0
62096,0
83010,0
97884,1
47964,1
12371,1
64031,1
42579,0
47042,0
37159,0
62368,0
48006,0
63385,0
14932,0
1679,1
73303,1
82229,0
66983,0
85281,0
99691,0
39437,0
66301,0
102544,1
4134,0
74574,1
101270,1
31205,1
40001,1
32082,0
21152,1
54050,1
62548,1
32582,1
81596,1
74399,1
93548,1
94803,0
95876,0
44876,1
24303,1
16236,0
67298,1
91091,1
63596,0
86651,0
2167,1
79927,0
21920,0
46821,1
26590,0
65967,1
68484,0
18485,0
77697,0
78406,0
25046,0
48015,0
103742,0
28817,1
33320,0
55431,0
30535,0
63888,0
36775,1
100530,1
53245,1
13418,0
90714,1
31197,1
37262,1
21270,0
66422,0
12454,1
34051,0
45435,0
104271,0
42002,1
69371,1
89171,0
65675,0
51027,0
99402,1
86273,1
98569,0
15766,0
60169,0
71761,1
102113,1
80303,0
72341,1
61237,0
53353,0
60156,1
59693,0
3505,1
70275,0
56607,1
58664,1
34799,0
87978,0
65175,1
53014,1
28738,0
3997,0
73600,0
66124,0
24340,0
76666,1
94219,1
75107,0
33895,1
41454,0
45879,1
77010,0
85054,0
53874,1
33860,0
99541,0
97915,0
23221,1
18048,0
19762,0
24648,1
56789,1
86892,1
71707,1
45788,0
19953,1
45010,1
44579,0
90212,1
92281,0
26100,1
37977,1
102000,1
48184,0
1332,0
76951,1
71448,0
94442,0
77397,0
93302,1
10753,1
12561,0
78911,0
99252,1
70202,1
56882,0
101147,0
81810,1
81951,1
30576,1
51766,1
95776,1
4978,1
42340,0
57155,1
6507,1
46790,1
37344,0
75083,0
70916,0
61603,1
43311,1
32915,1
97024,1
47999,0
99550,1
57313,0
92564,1
60214,1
12240,1
21825,0
80408,0
13233,0
101206,0
104430,0
47133,1
23516,0
54552,0
88850,0
24184,1
13567,1
96024,1
66442,1
17774,1
60778,1
13974,0
29736,1
5034,1
76414,0
30512,0
16432,0
70934,1
43885,1
31635,1
24430,1
57933,0
41391,1
42437,1
24387,0
1608,0
54461,0
36837,0
1511,1
11486,0
94491,0
64595,0
45177,0
96672,0
93526,0
31803,0
97575,0
35989,0
29692,0
68761,1
87459,0
74907,0
36892,0
44899,1
46197,1
27296,1
43573,0
86137,0
19679,0
101090,1
48383,0
21132,1
38040,0
78384,1
491,0
2934,0
51032,1
15243,0
33381,1
71334,1
4231,1
8751,0
54080,0
53158,0
39118,1
45513,0
65523,0
54140,1
96713,0
73684,1
90812,1
14919,1
66181,0
25925,0
95609,0
53650,1
7702,1
87004,1
92114,1
72444,1
77399,0
47464,1
52351,1
35706,1
4392,0
83931,1
78827,0
10472,1
57219,1
15866,0
94721,0
59690,0
67124,1
71024,1
58289,1
2846,0
78245,0
28284,1
4777,1
75426,0
65847,1
55135,0
30109,1
83355,0
11778,1
41337,0
27623,0
88205,1
22106,0
45950,0
2260,1
18136,1
77700,1
14153,1
31962,1
785,0
1441,0
39421,1
62129,1
63966,0
78717,0
9242,1
25710,0
16167,0
16508,0
5982,1
91892,1
6829,1
86179,1
8046,0
14647,0
57694,0
100627,1
85073,1
72064,1
2392,0
72808,1
5247,0
99627,1
22747,0
87740,1
2429,0
86240,1
98848,1
4570,0
29601,0
97681,1
22804,1
3234,0
23045,0
55071,1
47741,1
47193,0
95470,1
68616,1
101013,1
32038,0
51800,0
7288,0
99499,1
58841,1
93432,0
33239,0
27777,0
58735,0
56827,0
82426,1
37701,0
12576,1
36379,0
46317,0
39789,1
35016,0
70918,0
20507,0
88528,1
87290,1
39646,1
15123,0
49619,1
70606,0
2526,0
1363,0
12235,1
39718,0
56348,0
56863,0
44915,0
7027,1
13305,1
36458,1
61931,1
72636,0
4273,1
51937,1
72503,1
90947,1
54758,1
98784,1
54412,0
75286,1
92911,1
82910,0
32457,0
79882,1
59639,1
43397,0
5558,1
95102,0
62911,1
62689,0
101196,1
52363,1
55197,0
10279,0
24954,1
29393,0
17450,0
87202,0
88587,1
45457,0
35056,1
65993,0
58809,1
37974,0
63738,1
25913,1
68053,1
51830,0
57359,0
79549,1
67914,0
59332,0
37134,1
67245,1
64827,1
63066,0
17183,1
16951,0
84629,1
10076,0
42157,1
54127,1
59339,0
80041,0
70013,0
90219,0
93308,1
19929,1
8492,1
40504,1
43996,0
87908,0
8954,1
91623,0
96452,1
40585,0
20803,0
47630,1
7194,1
26313,1
88980,1
35990,0
14211,0
48160,1
37857,0
41420,1
43014,1
91978,0
87879,0
28871,1
6115,1
8661,1
79088,1
20603,1
79708,0
30936,0
32894,1
100294,0
60378,1
62105,1
3203,0
4460,0
48079,1
36954,0
68406,0
27153,0
75917,0
67084,0
69654,1
17150,1
83387,1
63187,0
27149,0
83109,0
68604,0
90673,0
30594,1
18505,1
94928,1
72914,0
49828,0
88117,0
104171,1
41782,0
74634,0
27583,1
99935,1
17668,0
48571,0
64520,1
20036,1
49349,0
74597,0
81427,0
99788,1
32251,0
53015,0
49551,1
101274,0
11885,1
13291,1
18962,0
32828,1
19685,1
57739,1
29605,1
63276,1
48642,0
51319,1
26247,0
91604,0
35207,1
21507,1
74740,0
95506,1
23205,0
31002,0
47107,0
86115,0
77235,1
39829,1
2162,0
86345,1
48095,0
96502,1
87563,0
62866,0
23341,0
52004,0
73531,0
87771,0
36339,0
81606,0
90770,1
20563,1
81098,0
16867,1
60189,1
48344,0
81082,0
60067,1
638,1
79284,1
54654,0
95808,0
99657,1
53785,0
20030,1
70766,0
45964,1
81101,1
104241,0
30977,0
87515,0
69655,0
56389,1
84340,0
58897,1
37354,0
58854,0
96549,0
6869,1
73892,0
16219,0
69927,0
77856,0
76695,0
39644,0
42928,1
96001,0
68521,1
70906,0
20983,0
89149,0
65457,1
89219,0
16418,1
46920,0
94375,1
54484,0
65908,1
83225,1
66714,0
12430,0
3704,1
28989,0
61094,0
77799,1
26580,0
47982,1
1012,0
3084,1
23159,0
7094,1
104305,1
53722,0
56877,1
35589,1
85273,1
11143,1
49557,0
12710,1
90189,1
79292,0
45518,0
3614,0
54765,1
70693,1
33031,0
33192,1
65470,0
49181,0
3958,0
53429,0
14596,1
26552,1
71385,1
98252,1
41384,1
11740,1
26605,0
91779,1
28283,1
60792,0
15789,0
98766,1
90216,1
26533,1
40932,0
84493,1
59203,1
39690,1
55319,0
39631,1
75213,1
44573,1
37668,1
602,1
51311,0
67119,0
62519,0
55545,0
33010,0
53864,1
26175,1
30624,0
70545,1
30671,0
59988,0
58580,0
28023,0
94359,1
33336,0
21575,0
91235,1
43569,1
47775,1
50561,0
79388,0
9475,1
60100,1
70762,1
83223,1
6591,0
33532,0
48937,0
27001,1
288,0
38457,1
8285,1
67606,1
92243,1
72152,1
19911,1
17563,0
4480,0
46800,0
76983,0
18755,0
47553,1
37373,1
46628,0
71067,1
4786,0
4967,1
61270,0
26104,0
37327,0
52771,1
51025,0
85471,0
26495,0
71283,0
20488,1
9395,1
81394,1
63826,0
11862,1
19766,0
869,1
41897,1
91133,1
31266,0
95481,0
24097,0
60790,1
64360,0
95935,0
1302,1
6116,1
68735,0
100146,0
61126,1
48759,0
22849,1
19945,1
56372,0
42095,1
23410,0
42458,1
95750,1
59577,1
92274,1
71762,1
52153,1
87795,1
102426,0
57310,1
32682,1
92816,1
29377,0
92360,0
25974,1
3424,1
57535,0
76214,0
13991,1
41726,1
64760,1
54539,0
1748,1
74081,0
47078,0
45844,1
37783,0
56902,1
13579,0
54443,0
27923,0
72588,1
96345,0
61507,1
73287,1
31716,1
51841,1
88508,0
16223,1
52165,1
37776,0
77847,0
14251,1
22531,1
24899,0
62713,1
35946,1
70524,1
75897,1
95290,0
153,1
25489,0
58301,0
63034,1
76009,1
13054,0
4814,1
103690,1
91905,1
56302,1
5578,1
99160,0
46977,0
29902,0
28413,0
80460,0
70104,0
69953,1
45705,1
15718,1
91251,0
86412,0
20042,0
64924,1
60671,1
91360,0
44116,1
90926,1
47750,1
28230,0
102063,1
87177,0
86791,0
95885,1
89586,0
29104,0
96997,0
14626,1
4950,1
19722,0
49679,1
58482,1
4021,1
24185,1
71610,0
97391,1
89752,1
102415,0
39331,0
66405,1
63042,1
65091,0
32007,1
53290,1
54664,1
38073,0
102077,1
39648,0
35289,0
91369,1
68090,0
43561,0
51954,0
722,0
17772,0
90037,1
53569,1
45412,1
92530,0
33224,0
28371,1
17131,0
86322,0
36825,0
102901,0
41698,1
44365,0
103386,1
50334,0
23952,0
16909,0
192,0
37038,1
81632,0
14472,1
49806,0
72445,0
76246,0
54563,1
64078,1
18624,1
33833,1
20640,1
88097,0
16188,1
75816,1
55079,0
74277,0
80056,1
56408,0
95695,0
30341,1
20778,0
69831,0
20377,1
91199,1
103683,0
47378,1
89551,0
49909,1
10611,0
38445,0
45091,1
83780,0
75303,0
27213,0
58292,1
86812,1
9457,1
34604,1
7036,1
58393,0
69531,1
60582,1
101374,0
2646,1
68290,0
37988,0
56876,1
9338,0
58683,1
9263,1
103973,1
22384,1
67286,1
28761,1
40907,1
29253,0
99364,1
26015,0
67035,1
73992,1
81133,1
104331,1
74845,0
59336,1
47275,0
82091,0
31678,1
77340,1
68863,0
25241,1
22790,1
102175,1
39537,0
33000,0
41869,1
60571,1
45273,0
34162,1
78034,1
72712,0
104322,1
47606,1
21797,1
7471,0
56975,1
22855,1
8314,0
83947,0
13624,0
80451,1
41899,0
45200,0
86365,1
90013,1
28560,1
17471,1
29917,0
60566,0
71831,0
65347,0
58000,1
50535,1
30968,1
59201,1
5895,0
20669,0
61189,0
33864,1
8580,1
19660,0
103399,0
10284,0
15816,0
103478,1
72302,0
69091,0
9440,1
81010,1
44264,1
30557,1
51903,0
101949,0
66511,1
97923,0
29764,1
6667,0
8445,0
48207,1
68917,1
84261,1
8321,1
18148,0
82000,0
86591,0
54003,0
80173,1
80069,1
58893,1
54308,0
65005,0
40982,0
88702,1
11566,1
76659,1
35924,1
11017,1
2016,1
67916,1
12149,1
6317,0
57003,0
101435,1
28776,0
8313,0
85870,1
85087,1
98088,1
3384,1
45209,0
20268,0
102660,0
82460,0
92729,1
46267,1
20122,0
24426,0
102664,0
22470,1
98743,1
92113,0
102890,1
83226,1
68892,0
91238,0
62572,1
37244,0
40989,0
39486,0
17220,0
64719,0
68850,0
46778,1
6477,0
5349,0
55208,0
11782,1
39206,1
47226,1
100730,0
56243,1
99944,1
23942,0
98261,0
97292,0
44930,0
98752,0
45604,1
52459,1
96377,0
100532,0
81283,1
7878,0
75069,1
39547,0
65061,0
25971,1
59103,0
19474,0
47584,0
3664,0
55933,0
100309,0
94676,1
69187,1
90488,1
20863,0
70995,0
89142,1
67170,1
74603,1
38429,1
47792,0
94776,0
70349,1
6674,0
6097,0
62263,0
70402,0
52472,0
84954,1
52434,1
11551,1
68924,1
66994,0
56679,0
47857,1
104522,0
2350,1
5747,0
104685,0
15701,0
34648,1
34386,1
45129,0
27764,0
42059,1
35921,0
75907,0
16234,1
19176,0
7554,0
78661,1
25704,1
53517,1
72439,1
29142,0
10011,1
14333,0
16393,1
41353,1
16764,1
46224,0
12905,1
65833,0
53027,1
39450,1
76627,1
20365,0
73243,1
18575,1
46125,0
10792,0
90756,1
16998,1
28804,1
47496,0
58337,0
5719,0
4363,0
32811,1
70460,1
9412,0
52561,0
21595,1
91184,1
64248,1
72967,1
88654,0
65376,0
42762,1
35950,1
41109,1
28270,0
8014,0
2223,1
82033,0
55380,1
25468,1
7881,1
33918,0
55225,1
34274,1
40222,1
86282,0
42239,0
4848,1
470,1
96999,0
100755,0
95578,1
16214,1
95197,1
31228,0
82838,0
71777,0
102719,1
52770,1
44798,1
23743,0
23726,1
99532,1
28434,1
13379,0
100276,0
15920,1
63604,1
77846,0
26979,0
40338,1
56602,1
93500,1
104030,0
51037,1
18574,1
84291,0
22180,1
87837,0
11044,1
141,1
91130,1
87493,0
74661,1
45701,1
85196,0
36469,0
71202,0
51540,1
88862,0
43104,1
16688,1
85722,0
58545,1
27324,0
88986,1
57283,0
25166,1
98605,0
78319,1
27037,1
96793,1
33116,1
44690,1
91778,0
17184,0
92023,0
6122,1
23141,0
41160,1
101813,0
69070,0
55742,1
26168,0
2294,0
20297,0
46533,1
37757,1
32301,0
41218,1
79926,1
103230,0
68403,1
34618,1
87948,0
9509,1
44938,0
70546,0
76815,1
21106,0
65408,0
64032,0
39036,1
84900,1
26346,1
66489,0
9540,1
30068,1
3885,1
90706,1
3071,0
91472,1
48558,0
16799,1
5704,0
91546,1
87629,0
70092,1
103689,0
2928,0
52542,0
7269,1
97402,1
71150,0
55127,0
54771,0
17160,0
9159,0
54515,0
36430,1
12029,1
48916,1
35803,0
19090,1
32489,0
29080,0
51805,0
27717,0
80104,1
23659,0
16498,1
61562,1
10019,0
31321,1
49456,1
59847,1
34170,1
7456,1
32954,0
13093,1
86788,1
87784,0
42495,1
29719,0
50617,0
98630,0
2158,0
66192,1
87589,1
17106,0
90640,1
70360,1
99471,0
32368,1
103303,1
18849,0
71816,0
72028,0
77998,0
15036,1
35440,1
3517,1
104844,0
89259,1
83458,1
4318,1
34232,1
13749,1
23772,0
53476,1
58965,0
47862,1
57566,0
26218,0
54767,0
44150,0
49639,1
60933,1
61337,0
53039,1
43540,1
52753,1
42693,0
77238,1
77924,0
61030,0
23208,1
14848,1
89481,1
58528,0
28119,0
76681,1
61139,0
52210,0
3137,0
49127,0
59213,0
83359,1
61886,0
22600,0
72602,0
15185,0
37955,1
73555,0
84284,1
101894,0
40903,0
88716,1
81792,0
68335,0
99663,0
81651,1
54407,0
7437,0
7515,0
67821,0
65145,0
72646,1
101091,0
99979,1
77300,0
90554,1
27774,0
42052,1
54795,0
28263,1
80001,1
19917,1
72292,1
50978,1
37080,1
27501,0
65456,1
60440,1
92893,1
83573,1
71456,1
79452,0
100129,1
5493,1
70915,0
100429,0
25744,0
44103,1
86601,1
88778,0
27187,0
22722,1
60068,0
87969,0
5614,1
4638,1
79249,1
91289,0
8887,0
8745,0
34166,1
74518,1
14383,1
31961,0
83526,0
39828,0
81946,1
2400,1
13215,1
72114,0
77387,0
40092,0
2160,1
36725,1
83646,1
22157,1
55731,1
83121,1
15261,1
48522,1
52296,0
47989,0
82563,0
41097,1
27208,0
86940,0
84529,1
101255,1
95851,0
22894,1
23921,1
58003,1
41490,1
83107,0
21711,0
19298,0
15049,0
101457,1
6220,0
52235,1
1534,1
86938,1
69539,1
80002,0
19306,0
38190,0
12021,1
38233,1
5483,1
7591,0
52558,0
84667,1
44632,0
76573,1
103590,1
41101,1
64892,1
65396,0
81288,1
3499,0
47523,0
92381,1
102885,0
7914,1
14918,0
61880,1
21379,0
56513,0
97411,0
38679,0
41629,0
103003,0
75096,0
62498,0
72727,0
76117,0
51688,1
5536,0
41108,0
41548,0
104428,1
9387,0
1561,1
24690,1
2581,0
25203,0
33634,0
7583,1
84255,1
101550,1
12528,1
51568,0
22883,0
68434,0
34371,1
35498,1
89224,1
24758,0
2098,1
47171,0
90119,0
75750,0
41702,0
88182,1
36139,0
46458,1
24933,1
35646,1
39660,0
72693,1
103456,1
3753,1
26959,1
32859,0
61439,1
101119,0
99955,1
36198,0
45536,0
76944,0
92366,1
60907,1
98330,1
4325,1
19144,1
63766,0
73620,0
31644,0
54323,0
10136,1
34159,0
2909,1
79777,1
82596,1
46579,1
8335,0
76472,0
30631,1
12707,1
25244,0
83886,1
67102,0
78607,1
43993,0
5078,1
3633,1
61486,0
47051,0
29815,0
55586,1
805,1
6041,0
87085,0
79086,1
93512,0
76770,0
21233,0
73554,0
99887,1
67845,0
1061,1
23214,1
8874,1
12310,1
52505,0
54358,1
17281,1
99620,0
92736,1
70415,0
92465,0
51435,0
86958,0
97417,1
13521,1
39578,1
33129,0
50973,1
11593,0
61772,1
69498,1
42570,0
28251,1
84462,1
76957,0
71197,1
51453,1
25770,1
79624,1
2047,0
59683,1
45966,0
65363,0
15355,1
83050,0
43418,1
102957,1
14356,1
63536,0
37398,1
37132,0
45343,0
89687,1
25899,1
2861,1
1846,0
82422,1
58667,1
75306,0
10146,1
104098,0
49470,0
76026,1
15178,1
21557,1
97603,0
71328,0
17334,1
83909,0
1328,0
33388,1
44678,0
14232,1
102050,0
44475,1
48531,1
22863,1
68637,0
32986,0
46493,1
53962,1
26987,0
30051,0
52834,1
67181,0
102841,1
89917,1
75430,0
76122,1
52473,1
47786,0
12543,0
3886,0
32472,0
62721,1
10416,1
96796,0
98491,1
39645,1
91665,1
60384,0
42534,0
45101,0
77977,1
28456,0
47551,1
54582,0
97277,0
50421,0
68181,0
83874,1
91657,1
96946,1
74793,0
36313,0
70149,1
26102,1
28253,1
14070,1
77338,0
15051,0
68866,1
13456,1
94187,0
67800,0
99464,1
15586,1
13489,1
21108,0
16849,0
87889,1
31630,0
32284,1
48544,1
40211,1
15239,0
56344,1
75523,1
81362,0
39586,0
9388,1
53682,1
57839,1
8169,1
36703,1
3144,0
35345,0
91309,1
29716,1
56113,0
49369,0
92841,0
55328,0
103612,1
47537,1
58346,1
91293,0
18588,0
2175,1
32658,1
46411,0
12793,1
22244,1
81110,1
33479,1
28384,1
86583,1
12701,1
65572,1
89012,0
43668,1
101455,0
77067,0
9037,0
21656,0
56870,0
10392,0
80443,0
19277,1
53399,0
30315,0
58321,1
19936,1
92843,1
33487,0
55223,1
8615,0
57794,0
34155,0
54548,0
17110,1
79112,0
90784,1
98767,1
99943,0
91845,1
27667,0
90691,0
24605,1
77244,1
89593,1
15258,1
23550,1
18907,0
96026,0
51653,1
69978,1
11727,1
61887,1
92127,0
32052,0
65644,1
78937,1
35177,0
43789,0
57061,1
161,1
68536,0
27054,1
88932,0
87149,1
60437,0
74968,1
38712,0
64907,1
7443,1
89458,1
44853,1
70032,0
83175,1
98912,1
53131,1
85348,1
55012,0
81165,1
24944,0
93832,0
39921,1
65354,1
17577,0
97094,1
10871,1
16244,1
13664,1
51879,1
82662,0
42451,1
27847,1
49650,1
29629,0
6586,1
72143,0
35446,1
23636,0
45876,0
47086,0
103999,0
81016,0
82382,0
82172,0
98532,0
4155,0
41903,1
22200,0
88092,0
8877,0
37447,0
66743,1
94502,1
85897,1
91882,0
24509,0
58174,0
66319,1
56817,0
41676,0
5802,0
35933,1
37222,0
73193,0
37405,1
76304,0
63846,0
16345,1
58481,1
15806,0
20107,1
57658,1
96565,0
47397,1
89379,1
37644,0
82874,1
14732,0
79286,0
72083,1
56368,0
86985,1
96328,1
14438,0
76653,1
9332,1
44900,1
37841,1
15648,0
65662,1
35006,1
36230,0
53589,0
87507,0
73044,1
95075,0
12723,0
43461,0
6106,0
28605,1
6310,1
60140,0
73763,0
66969,1
4656,1
29145,0
39755,1
75934,1
30762,1
52795,0
17180,1
73920,1
88833,0
29749,1
3819,0
19004,0
102529,1
77791,0
73783,1
79397,0
83385,1
36082,1
80403,1
42704,1
82224,0
10514,1
94327,1
63490,0
52497,1
65031,1
48172,0
44432,0
30452,0
81383,0
48754,0
4772,1
10806,1
94727,1
47528,0
71846,0
52158,1
52777,1
33754,0
14307,1
53591,1
73280,0
56429,1
102779,0
20089,0
99752,1
18443,0
2872,1
18005,1
91666,1
98937,0
23796,0
209,0
58734,0
97622,1
7290,1
55622,1
31484,0
14101,0
21113,1
50089,1
75637,1
1388,0
8431,1
6311,0
17500,1
44210,1
37330,0
102629,1
79553,0
7499,0
42675,1
86946,1
94745,1
38633,1
78614,1
16166,0
45620,1
66414,1
72082,0
34517,1
103472,0
51706,1
3800,0
56358,0
1605,0
46538,1
85635,1
48078,1
33451,0
103839,1
63018,0
99059,1
18579,0
53466,1
31732,1
48528,1
12425,0
81728,1
78326,1
3074,1
36209,0
56139,1
15829,0
33502,0
68708,0
102397,0
42990,1
64402,1
42676,1
63874,0
35469,1
31292,0
93426,0
51847,1
1389,0
66568,1
51280,1
51557,0
20812,1
14408,1
46230,0
22115,1
47140,1
56726,1
61366,1
6440,1
101365,0
67635,1
19371,0
67835,1
83481,0
73755,0
40213,0
84085,0
56029,1
79530,0
78731,0
69542,1
15878,0
12770,1
8051,0
56282,0
73890,0
33671,1
54497,1
101352,0
42320,0
88609,1
64837,1
63859,0
88811,0
75675,1
3166,1
12910,1
24336,0
49952,0
17168,0
57218,0
30573,0
101417,0
36211,1
6357,0
88390,0
47167,0
43507,0
92725,1
58415,1
59867,0
43361,0
96103,1
27666,0
75918,0
62844,1
44526,0
80674,1
5776,0
76477,1
57276,1
104632,0
87797,1
75552,0
9875,0
34939,0
51981,0
78588,0
88243,0
85107,1
100934,1
97319,1
7042,1
44973,0
35936,1
95149,0
91203,1
36472,0
73774,1
86885,0
76337,0
84846,1
22216,1
91826,1
71951,1
17642,0
24246,1
81610,1
60698,0
101165,0
64838,0
39882,0
50940,1
31062,0
58194,0
61289,1
84370,0
67005,0
95908,0
42136,0
87049,1
61863,1
93186,0
21307,1
54533,0
95900,1
3707,0
100031,0
72921,1
24615,0
22537,0
32379,0
22000,1
46839,0
66252,1
18793,1
5846,1
27139,1
29061,0
52910,0
103119,0
74045,1
86560,0
79914,1
12071,1
49095,0
10065,0
51834,0
6741,1
81866,0
49555,1
32523,1
87409,1
10598,1
92640,1
84703,1
39763,0
23780,0
18583,1
48676,1
37395,1
17888,1
51194,0
71505,1
2171,0
31588,1
85485,1
41950,0
13722,0
63126,1
6140,0
82011,1
65596,0
82205,0
1226,0
62994,1
634,0
72934,1
3294,1
36425,1
15973,1
64675,1
86682,1
28634,1
89832,0
18597,0
87739,1
33668,1
83767,0
40341,1
72345,0
0,1
71935,0
38385,1
100157,1
48723,1
50742,0
13126,1
86948,0
85670,0
4060,1
1418,0
61962,0
26049,0
100805,1
90427,1
67201,0
66000,1
76073,0
43846,0
69749,0
463,0
57892,1
95103,0
6037,0
89873,1
279,0
90700,0
49294,1
86278,1
27643,1
14632,0
77584,0
31458,1
91086,0
104280,1
83426,1
26272,0
13816,1
59868,1
64710,1
40766,0
64563,0
57574,1
81573,0
67075,1
103608,0
72744,0
3145,0
78520,0
85840,0
61615,0
18158,1
102322,0
14684,1
100180,0
67380,1
20389,0
90507,0
80805,0
51373,1
62533,0
75524,1
70687,0
85556,0
45324,1
81490,1
2817,1
20373,1
64414,1
104034,1
19355,0
90802,1
32599,1
45384,0
26052,1
85690,1
18941,1
3307,0
35475,0
66088,0
89354,1
42018,0
24592,0
29546,0
54735,0
8609,0
104359,0
79475,1
101008,0
5947,0
2719,0
22034,0
87155,1
45380,1
66563,1
79738,0
31705,0
92143,0
43387,1
102907,0
88045,0
51542,0
14800,1
21784,0
52111,1
81689,0
50012,1
13319,1
93278,1
44495,1
59819,1
31374,0
84277,1
73,1
91116,1
88216,1
61387,1
63598,1
92371,0
47637,0
14885,0
83194,1
83436,1
42076,0
75034,1
19273,1
45739,0
35797,1
41398,0
103722,0
40047,1
98140,1
99881,1
51817,0
16852,0
85877,0
40139,1
100097,1
51969,0
18380,1
21195,0
95782,1
39511,0
32191,1
81267,0
98570,0
55190,0
83736,0
6848,1
87578,1
79393,1
20209,1
67199,0
81444,0
102783,0
64282,1
80663,1
16185,1
14345,0
22448,1
75370,1
77109,1
79126,1
83293,0
71561,1
101230,0
74073,0
56471,1
69204,0
14283,1
11412,1
77946,0
56838,1
20667,0
18885,0
52985,1
80453,1
97781,1
79875,0
60488,0
79872,1
4788,1
19617,0
75271,0
20962,0
69518,0
65294,1
85717,0
31111,1
9163,1
78692,0
73984,0
53801,0
83310,0
24398,0
30123,0
41891,1
8392,1
67219,1
89848,0
41818,0
40070,0
8868,1
69729,0
69893,0
91939,1
20508,1
21989,1
83754,1
29021,0
44034,1
78056,0
18276,1
93071,0
76498,1
27409,0
95616,1
75048,0
79366,1
50970,0
29962,1
19624,0
52348,1
2881,1
62038,1
28103,1
47900,0
82723,0
81102,1
103769,0
60451,1
11756,1
36244,1
103932,0
46530,0
76989,1
49367,0
86887,1
8367,1
26372,1
6388,0
52624,0
91902,1
19741,1
69545,1
7414,0
17428,1
6011,0
95185,0
94893,1
5369,1
33844,0
76394,1
73560,1
16939,0
7697,0
38875,0
13159,1
27598,1
63483,1
11600,0
103859,1
15468,1
79295,0
6605,1
72900,1
91390,0
12865,0
43866,0
88369,0
71668,0
39598,0
48736,1
74733,1
12311,0
74463,0
66034,0
10306,1
11238,1
82026,1
23243,0
83490,1
21661,1
55695,1
11447,1
24292,0
23783,1
103902,1
3204,0
33469,1
1498,0
70694,0
13506,0
40292,1
14891,0
29291,0
69489,0
94933,0
95758,0
90690,0
42766,1
54008,1
102752,0
2651,0
32695,1
34653,1
16624,0
502,1
65273,1
48158,0
96889,1
50526,1
71279,0
97447,0
89831,1
66481,0
99942,1
73568,0
8043,1
42406,1
8635,1
52056,0
81193,0
26863,1
81050,1
59942,0
35043,1
80152,0
45158,0
7505,0
87912,1
90844,1
34443,0
13155,1
37834,0
30200,1
83206,1
14809,0
31206,0
93277,1
44405,0
50758,1
37578,1
19380,1
29657,0
32106,0
14776,0
56595,1
39072,1
29586,1
80704,0
103912,0
76863,1
49562,1
30866,0
29878,0
4549,1
69154,0
12097,1
32666,1
89811,0
40437,1
6772,0
51466,0
47886,0
46501,0
66359,0
83315,0
95106,1
45225,1
42505,1
91212,0
102865,0
47885,1
56155,0
99199,1
61578,1
56974,0
48999,0
40930,1
104847,0
2967,1
31706,0
23490,0
17121,1
6927,0
81685,0
49362,1
94084,0
72923,0
43126,1
39374,0
100453,1
56630,1
22528,0
38615,1
31150,1
12397,0
15538,0
50412,0
31931,1
77280,0
43592,0
57480,1
68106,1
71984,0
86335,1
77262,0
50818,1
21727,1
61044,0
39657,0
61627,0
10526,0
77069,0
52378,0
63359,0
97777,0
17385,1
102948,0
2347,1
34005,1
92788,0
24507,0
15926,1
53147,0
14555,1
83474,0
25564,1
29846,0
103626,0
48233,0
67175,0
5649,0
75834,1
10276,1
71114,0
7119,1
70522,0
87772,0
33491,0
38240,0
62996,1
43142,1
69945,1
31288,1
15967,0
35484,1
14455,0
26402,1
89187,0
63207,0
17673,0
43588,0
101740,1
2111,0
83996,1
41078,1
56888,1
21664,0
90547,1
69653,0
1168,1
12121,1
98171,1
74841,0
49160,0
71270,1
81759,0
14567,0
30385,1
73605,1
49424,1
43674,0
74880,1
33370,1
21603,0
102715,0
13985,0
79751,1
11713,0
33337,1
40526,0
4946,1
38338,0
12839,0
728,0
11489,1
31157,0
90241,0
60998,1
32544,0
29290,1
28221,1
34311,0
86258,0
63282,0
40177,0
21247,1
15115,1
78864,0
98133,0
24050,1
21712,1
38730,1
75598,0
29653,0
98981,0
67712,0
11113,0
104671,0
4642,1
5334,0
102665,1
45890,0
10163,1
31373,0
57757,0
88190,0
88846,0
93429,1
20414,0
18067,1
80096,1
1818,1
12346,0
72782,1
42660,1
11020,0
50398,0
36387,1
15909,0
3197,1
71348,0
7995,1
7974,0
38211,1
97096,0
95398,0
6715,0
48970,0
41034,0
65615,0
28303,0
74169,1
38399,1
65115,0
41608,0
17859,1
64377,1
685,1
6411,1
67702,0
65666,0
80735,1
101259,0
70335,1
80356,0
95332,1
27786,0
15084,1
29069,0
74843,0
41900,1
205,1
66751,0
80536,0
14353,0
18607,1
53782,1
57442,0
73310,0
69222,1
97776,0
28499,1
52671,1
8662,1
34981,1
52490,0
11114,1
11309,1
80195,0
12877,1
12279,0
23825,1
41213,1
94891,1
21679,0
40456,0
37006,1
56278,1
10923,0
57069,1
23336,0
80391,1
7703,0
79051,1
46343,1
35670,1
44190,0
98992,1
27289,1
95659,0
37849,1
939,0
74431,0
89658,0
40025,0
3183,1
92267,1
68501,0
84527,1
67393,1
73995,0
16517,1
73869,0
6410,0
101428,1
14707,0
27644,0
72936,1
74130,0
82681,0
10851,0
18769,1
62345,1
72426,0
51417,0
38375,0
41053,0
38422,1
89822,1
83540,0
71859,1
67297,0
42156,0
25797,1
41555,0
104724,0
29336,0
8025,1
104325,1
8614,1
67714,1
11402,0
80474,1
30679,1
35688,1
65300,0
39515,0
10209,1
66793,1
70994,1
12176,0
30625,1
100233,0
148,1
56752,1
11572,1
69513,1
74512,1
53833,0
40014,0
11377,1
45185,0
94450,0
27699,0
94452,0
103049,1
41852,0
67285,0
54405,0
36108,1
20308,1
3917,1
30667,1
92681,1
97848,0
58353,0
8427,1
65866,1
91322,0
66739,1
30005,1
57171,0
33086,0
65759,0
64920,1
16474,0
80718,0
42083,0
15826,1
50761,0
75002,0
65211,1
90892,0
102928,0
59027,0
41690,0
90843,1
37169,1
82689,0
84830,1
80279,1
71664,1
55444,1
22380,1
2415,0
72708,1
103353,1
474,1
49588,1
51808,1
91670,0
100864,0
73622,1
26007,0
36912,1
12195,0
1427,0
41381,0
74418,1
24942,1
7920,0
73296,1
30637,0
98533,0
30102,1
12990,1
40774,0
18592,1
49459,1
19561,1
12020,0
28307,0
44513,0
83062,0
43481,1
57521,1
86431,1
91673,1
99835,1
30611,0
80979,1
33638,0
102039,1
104357,0
12869,1
25650,0
95771,1
92386,0
67649,0
42194,0
39377,0
38310,1
75726,0
1,1
18539,1
38370,0
38491,0
24425,0
80456,1
8005,1
35105,0
34926,1
68256,0
49664,1
90787,0
36059,0
60893,1
37902,0
23751,0
71491,1
60702,0
92011,1
66183,1
3641,1
97894,0
6150,1
89427,0
23031,0
4613,0
58131,0
82446,1
5629,0
104565,0
87742,1
43800,1
70318,1
92627,1
55876,0
62629,1
39213,1
81005,0
3261,1
99052,0
37951,0
38067,0
59392,1
11308,1
5889,1
94932,1
46529,1
78487,1
39302,0
14569,0
46441,1
35747,0
53672,0
7408,0
79660,1
48404,0
88497,0
317,1
38904,1
51961,0
92338,1
28919,0
32713,1
54748,0
56670,1
72290,1
7199,1
104697,1
102618,0
11221,0
10962,1
9184,0
13847,0
89457,0
83500,0
102338,0
80535,0
84150,0
33809,1
47671,0
47337,1
30369,1
103448,1
100612,0
35643,0
8198,1
7727,1
54503,0
33962,1
70300,0
63862,0
95101,1
77128,1
1301,1
77124,0
15267,0
87637,1
5940,0
104721,0
44144,1
57294,1
41771,0
84225,0
101477,0
99217,1
31467,0
20765,1
89670,1
68627,1
83034,0
62574,0
72694,1
11099,1
61144,1
38420,0
22641,1
80354,1
67891,0
93758,0
53527,0
36643,1
21319,1
99567,0
97987,0
80048,1
11565,0
104474,0
59299,1
90965,0
52917,0
46114,0
94697,0
97621,1
40355,0
81409,0
45317,0
4595,0
73337,1
38539,1
55565,1
13199,1
67604,0
99795,1
23497,1
56845,0
81835,1
81622,0
73530,1
4955,0
63683,1
76360,0
1596,0
94775,0
20786,0
56499,1
87548,1
93393,1
70279,1
77786,1
65073,0
78063,0
27106,1
58188,1
67095,0
21240,1
9161,0
87928,1
52506,1
102632,1
45809,1
82370,1
6950,1
8101,1
98935,0
96509,1
25732,0
34698,0
70775,0
39670,0
63642,1
99099,1
11347,0
72534,1
62716,0
76005,1
14756,0
71146,0
11398,1
65259,1
24947,0
63948,1
73402,0
4429,1
99910,1
19184,0
83632,0
32525,0
10805,1
95096,1
67755,0
38391,0
80031,0
56135,1
527,1
48348,1
88423,0
26652,0
14529,0
93670,0
4974,0
45670,0
98001,0
28117,0
23609,0
26379,0
50856,0
98028,1
39665,0
11454,0
89499,0
42121,1
23278,1
31016,1
60866,1
104650,0
85961,1
78259,0
43211,0
88775,1
4056,1
2843,1
30240,1
47142,1
48407,1
98251,0
3515,1
12093,0
30351,1
22082,0
41610,0
54703,1
94428,1
64192,1
70932,1
94627,1
35967,0
2590,1
90227,0
62947,1
92305,0
50048,0
1508,1
89815,1
81491,1
36453,0
44487,0
43322,1
13177,1
40469,0
40245,0
37958,1
14175,1
48659,0
99837,1
83904,0
84658,0
23679,1
33025,0
26716,1
43081,1
73949,0
60195,1
1966,0
5260,1
85801,1
9307,1
32543,0
79175,1
16585,0
94678,0
84165,0
67232,1
91671,1
49462,1
18246,1
55614,0
6030,0
7131,0
58183,1
41979,0
59546,1
3697,1
8984,0
79065,0
25581,0
13644,1
67292,1
78106,0
75851,0
23644,0
63886,0
78843,1
10441,1
104413,0
11991,0
38717,1
24613,0
53522,0
42215,1
66851,0
101977,0
29796,1
32451,1
69473,1
36996,1
48792,1
102979,1
17896,0
79841,1
26575,0
9011,1
328,1
41603,0
26639,1
4764,0
29073,1
90099,0
80240,1
34202,0
81107,1
20621,0
13032,1
61299,0
90557,0
65935,1
46311,0
82847,1
52243,1
66276,0
54469,0
81176,1
74910,0
72517,0
17803,0
27285,1
16548,1
50777,0
23010,1
46255,0
80213,0
98037,0
81603,1
74781,1
98970,0
37793,1
62237,1
16844,1
37798,0
46285,1
18138,0
9954,1
92426,0
66162,1
1288,0
97764,0
20880,1
101531,1
27878,0
59704,1
64634,1
8340,0
88005,0
2810,0
64114,1
22187,0
24535,0
44920,1
80599,0
25907,0
100473,1
79517,0
71679,1
37196,1
36030,0
1379,1
88893,1
86375,1
32403,0
60620,0
79595,0
44199,0
42801,1
61277,0
71969,0
102092,0
6028,0
44508,1
33324,0
89720,0
16963,0
104067,0
35123,0
97001,0
68021,0
21010,1
94561,0
89270,0
49701,1
7527,1
54110,1
582,1
13250,1
84289,1
52109,0
60556,0
61896,0
32216,0
79347,1
8628,1
42822,1
35057,1
2731,1
47282,0
47334,1
93138,1
103768,0
51897,1
73518,0
3625,0
86034,1
71364,0
90398,1
82196,1
16228,1
75559,0
96137,0
67642,1
81915,0
76341,1
65373,0
13928,1
98431,0
65630,0
33825,1
4418,0
5159,0
72671,1
91989,0
26376,0
18955,0
69955,0
29908,1
70219,1
55644,0
22166,0
47932,1
3824,1
93932,1
85171,0
3868,0
241,0
52623,0
54653,0
67708,1
29413,1
41508,0
40684,1
42096,1
34881,1
62195,0
95114,0
36441,1
16352,0
99241,0
2055,1
60070,1
39008,1
46063,0
12188,0
46955,1
3090,0
34520,1
25356,1
28020,0
73369,1
94652,1
25989,0
58342,1
1709,1
44222,0
32583,0
67480,0
100592,0
103209,1
27140,1
62480,1
71946,1
65474,1
26502,0
81153,1
82359,1
77868,0
14635,1
28969,0
71153,1
88974,0
72511,1
41061,1
19655,0
71883,1
55156,1
50342,0
98948,0
58649,1
34709,1
54128,1
63349,0
11596,1
54958,1
83163,1
54011,0
27539,0
6565,0
40783,1
83742,0
96956,0
72776,1
16607,1
50549,1
39693,1
79060,1
28351,0
27297,1
42316,1
69132,0
87441,1
72280,1
76795,1
72154,1
100340,1
10815,0
16570,0
37117,0
1556,0
16197,1
13759,1
29713,1
42335,0
26571,0
96710,0
4550,1
17491,0
92529,0
74197,0
11198,0
64200,0
55826,0
54275,1
53839,1
84895,1
39716,1
19997,0
4629,1
48293,0
43628,1
17550,1
101787,1
62889,1
47769,0
20277,1
36072,1
69001,1
20738,0
101495,1
73381,0
52688,1
95946,0
65987,0
85837,0
62235,0
97834,0
48704,1
13328,1
64648,0
36078,0
28994,0
78118,0
48269,0
71651,0
90191,1
89973,0
97800,0
36462,0
87540,0
62976,0
15003,1
97404,0
68741,0
87250,0
21834,0
1725,0
13175,1
16953,1
40306,1
46563,0
64174,1
20437,1
62766,0
29355,1
99731,0
53564,1
80193,0
81463,1
67614,1
40671,1
93325,1
34675,1
59876,0
46621,1
49572,1
46878,0
24553,0
80641,0
64752,0
94743,0
17476,1
83808,0
76103,1
43612,0
36070,0
32427,1
77157,1
58063,1
74211,0
94406,0
104451,0
83574,1
95953,1
7600,1
101991,1
22906,0
63056,1
26268,1
24649,0
77237,0
88876,0
85762,0
61640,0
7533,1
11821,1
24405,0
27305,1
74051,0
62188,1
43017,1
25112,0
76212,0
61840,0
7642,0
7509,0
11051,1
82730,1
61825,1
17638,0
3898,1
56962,0
55467,0
47764,0
72343,1
26076,1
17230,0
96062,0
71575,0
13857,1
81780,0
3180,1
40844,1
41968,0
24125,1
12823,1
18470,1
56512,0
75357,1
96038,1
38582,1
1141,1
11776,1
48182,0
17794,1
79625,0
61292,1
86475,1
1367,0
43082,1
3149,1
3442,1
73654,0
78511,0
9805,0
65855,0
84968,0
9960,1
67322,1
95013,0
77767,1
75218,0
631,1
41203,0
81817,1
69298,1
36722,1
35368,1
43489,1
81053,0
71068,1
100720,0
28507,0
80941,0
79450,1
76130,0
93978,0
76184,0
39835,1
92048,0
55163,0
35457,1
101726,1
45567,1
51012,0
25941,1
17763,0
1008,0
38308,0
96753,1
1080,1
13083,0
43317,1
57109,0
30308,0
70380,0
68117,1
62762,1
62466,0
52735,1
54889,1
23521,1
93950,0
53233,0
47749,0
33673,0
101945,1
81923,0
104270,1
3765,0
7838,0
92713,0
97332,0
97245,0
46113,0
104216,0
24968,0
30882,0
25587,0
69613,0
102580,0
56556,1
13269,0
32506,1
33718,0
63997,0
66896,1
46176,1
73173,1
53418,1
52687,1
35421,1
18239,1
31296,0
13702,1
73391,1
16293,0
74168,0
76444,0
34291,1
104610,0
49634,0
42013,1
84156,0
2450,0
38558,0
41657,0
67243,1
89431,1
46248,1
81209,1
44231,0
25199,0
68950,0
49798,0
68391,1
29922,1
27072,1
86720,0
51541,1
61683,1
49908,1
102965,0
73635,1
76432,0
85496,0
42920,1
62593,1
34113,1
81304,0
4605,0
74250,1
58087,1
57532,1
23968,0
89607,1
102661,0
91708,1
55476,1
103719,0
32201,1
3962,1
23381,0
32384,0
69987,0
1842,1
75279,0
53576,1
78568,0
29930,1
38501,0
42069,0
76904,0
14417,1
84465,0
8598,1
80325,0
18681,0
65776,1
5340,1
11437,1
81194,0
87393,1
17713,1
43834,0
42465,0
89136,0
46365,0
28185,1
55725,0
33111,1
103036,1
86849,0
25869,1
42273,0
97673,1
86481,0
103378,1
69271,0
39279,1
88858,0
15597,0
25055,1
69230,0
41159,1
103290,1
88280,0
46110,0
34324,1
37188,0
9521,1
102536,1
51109,1
17055,0
93614,1
96934,0
78153,0
37548,0
66601,1
63444,1
27425,1
39826,1
62103,1
60546,0
48988,0
69046,0
42090,0
20077,1
70229,1
1729,0
63352,0
45750,0
90114,1
72360,1
56315,1
52769,1
92624,0
86042,1
27391,1
33357,1
17752,0
29351,0
24663,1
35450,0
76788,1
11688,1
25717,0
89026,0
32851,1
23014,1
6015,1
103930,0
47359,1
84421,0
29760,1
26083,1
75980,0
49912,0
13679,1
51884,1
1956,1
25889,0
34021,1
100424,1
21842,1
19187,0
4003,0
36518,1
94516,0
62873,0
46846,0
5345,0
43570,1
73969,1
13618,0
95347,0
59196,1
52415,0
31831,0
64439,1
104191,1
82383,1
80079,0
96031,1
96775,0
25123,1
26736,0
42819,0
48598,1
67125,0
42033,1
12689,0
101468,1
61314,0
59716,0
49739,0
101028,1
83133,1
30024,0
63688,0
92165,1
85075,0
20609,0
80029,1
39277,0
12480,0
45250,0
75669,0
25842,0
102685,1
25569,1
94499,1
23119,1
62791,1
12909,1
8164,1
16656,1
33201,0
4738,1
52003,1
93555,1
42751,0
53704,1
6660,1
99897,0
52381,0
19374,0
56519,0
3369,1
86369,0
59893,1
8964,1
82271,0
35018,1
7848,0
74862,0
79124,1
46687,0
7987,0
21135,1
1116,1
38755,0
104676,0
27669,0
50443,1
2692,1
26442,1
2477,1
16096,1
28145,1
69497,0
97543,0
33420,0
36942,1
17539,0
16017,1
37774,1
1028,1
35621,0
55435,1
86970,0
85542,0
63127,1
47024,0
59237,0
49034,1
755,0
68618,1
20836,1
75610,1
93581,1
4530,1
43079,0
4639,1
63280,0
33073,0
5640,1
103560,0
29,0
79352,0
53155,1
53192,1
3644,1
74730,1
6824,0
75836,0
64385,0
36574,0
35866,0
90962,1
34265,0
18221,0
98327,1
46547,0
42497,0
88126,1
70959,0
27057,1
13392,0
36952,1
27380,0
78077,1
4565,1
80808,0
93764,0
32122,1
44641,0
26382,0
9859,0
55715,0
49235,0
65213,1
72327,0
21074,1
60036,1
92253,1
29668,0
102069,0
94451,0
103355,1
73129,1
24355,0
3143,0
96504,1
3519,1
13651,0
18150,1
41906,0
38291,1
102280,0
69097,0
2398,1
11692,1
68056,0
84598,1
65690,1
30660,1
61518,1
8207,1
96059,0
91510,0
56012,0
39467,1
11167,1
21201,1
58231,0
2048,0
61777,1
57596,0
20097,1
90316,0
88013,1
91762,0
56571,1
42666,0
43121,0
100389,0
71695,1
53136,0
37326,0
77581,1
27170,1
21652,0
28779,1
102178,0
35623,0
48493,0
88482,0
101733,0
19028,0
31561,0
60142,1
52935,1
28226,0
33252,0
102702,1
47991,0
34957,1
211,1
101862,0
20265,1
65561,1
102873,0
67524,1
86392,0
26453,1
40593,0
43961,0
21095,1
74529,1
83543,1
86726,1
64435,0
100039,0
31056,1
42971,1
56330,1
44296,0
97002,1
19358,1
47448,0
15075,0
56971,1
6592,0
57325,1
24819,0
98168,1
84207,0
44234,1
29299,0
11316,0
83560,1
59944,0
15999,0
88457,0
76578,0
12170,1
2033,1
92758,0
62449,1
94271,0
84116,0
27478,1
39007,0
92685,1
69199,0
63844,0
91294,1
11703,0
28834,0
104590,1
89722,1
30889,1
46459,0
41409,0
59144,0
32401,1
72991,1
20290,1
32039,1
37357,0
12342,0
42648,0
44373,1
51325,0
30445,0
27061,0
70083,0
53566,1
50600,1
33644,0
89804,0
52903,1
98586,1
67341,1
90595,0
41953,1
86170,0
61589,1
38403,1
96776,0
60815,1
28636,0
55974,1
58347,1
21561,1
64604,0
99297,1
95932,0
96372,1
97649,0
2491,0
41367,1
61251,1
101624,1
3666,0
69181,0
84730,1
40621,1
86181,1
83130,1
75328,0
97460,0
32362,0
84388,1
33765,0
21168,1
23680,1
95316,0
4167,1
65697,0
61546,1
19324,1
6763,0
91960,0
5127,1
36888,0
70357,1
103237,0
97661,0
1764,1
41469,0
53169,1
25082,1
3752,0
59694,1
58804,0
4979,0
52081,1
48700,0
69439,1
15862,0
98581,0
70198,1
88057,1
98594,0
89957,1
92129,0
73418,1
95263,0
62313,1
38725,0
70732,0
21663,1
55407,1
51134,1
98975,1
11380,1
85463,1
36992,1
43960,1
58316,1
95575,0
90027,1
100814,0
13515,0
91076,0
17467,1
85745,0
46178,0
64815,0
12706,1
48519,0
87815,0
98271,1
45299,0
75203,1
58256,0
97756,0
4419,1
27248,0
16467,0
56009,1
25219,1
29532,1
72933,1
88573,1
51383,0
64899,0
66574,0
12485,1
76200,0
6160,0
23801,0
67193,1
60991,0
9005,1
101646,0
96869,0
66939,0
18580,1
76338,0
5587,0
72850,0
47941,0
39980,0
71475,0
33618,0
9591,0
80661,0
68534,0
30398,0
37575,1
16174,0
40035,1
79246,1
78611,1
37200,1
18850,1
37036,0
50647,0
46404,0
74372,0
71430,1
5404,1
929,1
14811,0
11984,1
43966,1
20753,1
58370,1
17222,1
23321,1
83521,0
99600,0
9730,1
84153,1
67231,0
31518,1
35721,0
81703,0
11079,0
48138,1
77149,0
19719,0
32141,1
85059,1
11211,0
6146,1
74199,1
64182,0
8611,1
81860,1
41084,1
35277,0
27284,0
38671,1
94056,0
12838,0
48307,0
67573,1
61232,1
103251,0
68657,1
47404,0
31041,1
92515,1
40883,1
5138,1
64314,1
67392,1
37996,1
15393,1
28430,1
91219,1
61676,1
601,0
520,1
22953,0
83850,1
14024,1
46840,1
63988,0
86275,1
85018,0
10671,1
103224,0
8531,0
53730,0
14330,1
48419,1
60916,0
45329,1
99250,1
44563,1
100315,0
81321,1
60807,0
75989,1
97836,0
34744,1
75054,1
52911,1
1365,1
98054,0
79657,0
44694,1
76484,1
95827,1
34056,1
60223,0
38261,0
12988,0
36523,1
17054,1
69365,0
70944,0
91698,1
61476,1
60170,1
67308,0
71055,0
81081,0
74053,0
84478,0
55272,0
2110,0
82736,0
93396,0
56031,0
7667,0
6706,1
80066,0
5849,0
16643,1
37142,0
34381,0
87697,0
50693,1
84307,0
97929,0
18763,0
54143,1
7474,0
35927,0
12777,1
28135,0
14561,0
14613,0
74794,1
1904,0
78272,0
46994,0
71145,0
87705,1
26385,1
49282,0
103421,0
41198,1
100699,1
30413,1
83628,1
3491,0
47210,1
70288,1
23154,0
77952,0
57702,1
84557,0
63638,1
58574,1
69638,1
85714,0
75391,0
56299,0
52437,0
2698,0
39296,1
81386,1
38646,1
33575,0
56880,1
91857,0
4490,1
95605,0
33540,1
13265,0
39292,0
65579,1
77099,0
87869,0
43713,1
25298,1
36918,1
56179,0
69307,0
62504,0
61652,0
7621,1
18499,1
75993,0
5901,0
44227,1
4713,0
3869,0
97428,0
38069,1
7795,0
20944,0
27432,0
84051,0
69136,0
77747,0
77896,1
91505,1
35198,0
35187,1
101809,1
30822,1
47712,1
42718,0
36474,1
4518,1
81847,1
63761,0
7457,1
22130,0
97490,0
50646,1
32189,0
25397,0
80824,1
16157,1
102193,0
36769,0
46037,1
25314,0
85983,0
33369,1
31237,0
81675,1
36006,0
29992,0
101617,0
57897,0
5084,1
11785,0
17996,1
32782,0
90565,1
93219,1
20449,1
73265,0
47374,1
26745,0
57160,1
38894,0
90410,1
7314,1
46633,0
19318,1
71667,1
22673,0
31547,0
68258,0
42628,0
23083,1
18920,0
43093,1
50520,1
32418,0
30719,1
15580,0
13426,1
80744,0
30067,1
85351,1
104112,0
34344,1
47203,1
51831,0
68701,1
86,1
41319,0
94791,1
70903,1
35494,0
100688,1
101122,1
42798,1
7819,0
93825,0
21761,0
95313,1
50668,1
74986,1
67071,0
86349,1
26514,1
28452,1
21432,1
96922,1
82819,1
58849,1
37463,1
99950,0
460,1
85440,0
24708,0
36344,1
72279,1
57065,1
19634,0
85221,0
85696,1
100793,0
92756,1
77365,0
62831,1
78574,0
44362,1
99794,0
84481,1
47340,0
98700,0
76923,1
42764,0
62678,1
30684,0
19459,1
8167,0
102808,0
3428,0
80524,0
12572,1
54340,1
69519,0
49848,0
13711,0
62836,1
10260,0
37157,1
104441,1
49172,0
11048,0
24442,0
4538,1
57530,0
89129,1
86857,0
39044,0
87365,1
17083,1
83461,0
92263,0
58728,1
28806,0
16663,0
21380,1
54257,1
786,1
104866,1
78296,1
19315,0
15657,0
61714,0
46228,1
102359,0
78461,1
51756,0
14323,0
17650,1
33034,0
88219,1
54152,1
62136,1
32677,1
54807,0
16382,1
54346,1
32515,1
32526,0
6635,1
73881,1
70145,0
65522,1
20166,1
4528,0
40952,1
60872,0
80978,1
84463,0
90295,1
9131,0
24113,1
63183,1
35247,1
9885,0
102406,0
18135,0
24873,0
9546,0
32955,0
51349,1
57215,0
38831,0
24825,1
98911,0
68997,1
57955,0
20240,0
92947,0
36448,0
100055,0
22908,1
47791,1
47414,0
46511,1
50017,1
20879,1
74100,1
82356,1
52521,0
86194,0
51018,1
50327,0
12156,0
27677,1
14650,0
24742,1
29627,1
20360,0
32892,0
14546,1
28180,1
98228,1
35541,0
102404,1
60816,0
34221,0
1862,1
24745,0
96679,1
84382,1
73988,1
39071,0
65079,1
48102,1
33758,1
96284,1
50370,1
21119,0
70812,0
34826,0
92566,1
40575,0
12500,1
80301,0
89510,0
2113,1
103430,0
11174,1
26933,1
50337,0
8633,0
39841,1
35443,1
5367,1
47948,1
90395,0
21548,1
5103,0
53195,0
63382,0
58273,1
22391,0
102809,1
91094,1
9903,0
10039,0
32675,0
94151,1
54322,1
89732,0
36664,1
2645,1
27901,1
90443,0
19264,1
29553,0
59855,0
27236,0
71041,0
99677,0
64614,1
25228,0
458,1
104828,1
77122,1
33689,1
76661,1
69310,0
26570,0
37193,1
50557,1
9959,0
57161,1
33392,0
43615,0
19768,0
87947,0
34952,0
81859,1
69934,0
53824,1
14479,0
18252,0
73801,0
21771,0
57828,1
1417,1
20562,1
15724,1
100101,0
47270,0
36973,1
21859,0
99988,1
86002,0
19147,1
79030,0
41989,0
88277,0
50333,1
84597,1
22121,0
100914,1
70027,1
102978,1
80896,1
11992,0
3170,1
29212,1
10678,0
101292,1
96975,1
91168,0
948,1
80673,0
34462,0
55098,1
76003,1
60906,1
66709,1
21823,1
57010,0
30088,1
99436,1
8704,0
67541,0
24453,0
28383,1
59345,0
12096,1
68509,0
42691,0
57731,1
56582,1
28215,0
2039,1
6716,1
41986,0
101202,1
25879,1
3661,0
44275,0
16022,0
104523,0
27299,1
83517,1
67771,0
48209,0
78965,1
885,0
46092,1
45281,1
68206,0
64828,1
41825,1
90977,0
80931,0
72890,1
1431,1
83161,0
45600,1
5879,1
48640,1
40380,1
55481,1
1538,1
53307,1
53769,0
74937,0
45035,0
83942,0
20743,1
67328,1
92516,1
62993,0
94133,1
103554,0
94419,1
19886,0
79941,1
9308,0
13,1
90284,1
83000,0
69585,1
46626,1
86825,0
70292,1
83323,1
4510,0
47166,0
25418,0
37367,0
5498,1
51310,0
62515,1
58634,1
64960,0
68855,1
23060,0
55914,0
26519,1
59846,1
91737,0
9228,1
57030,0
69304,0
96596,0
75421,1
8976,0
33628,1
19699,1
104193,0
4858,1
79925,1
92098,1
84635,1
52212,1
73867,0
50477,1
43380,1
49306,0
33182,0
11797,0
16415,0
14128,0
25700,1
47441,1
15312,0
91243,0
45013,1
70269,1
78543,1
44316,1
70404,0
71532,0
35585,0
37292,0
88519,1
47664,1
38764,1
102998,1
44287,1
11878,0
6168,1
9643,1
9581,1
36481,1
100535,0
93253,0
50186,0
57919,1
95429,0
64829,1
35003,0
20013,1
101436,1
90263,1
65055,1
18721,1
40075,0
88993,0
58941,0
23080,1
53496,0
103927,0
83111,0
44857,1
90438,1
64199,0
86123,0
36193,1
1322,0
73636,0
81956,1
83981,0
18587,1
82279,1
79869,0
59068,1
37436,0
85503,1
88695,1
73372,1
92964,1
12661,0
11499,1
85991,1
84763,0
89236,0
18562,1
16194,0
35357,1
78962,0
9429,1
69563,0
8176,1
41410,1
25549,1
49389,1
87876,0
67089,0
89656,0
19002,1
42466,0
35742,1
52934,0
84094,0
33159,1
34315,1
66243,0
71468,0
24601,0
43025,1
98618,1
54583,0
82448,0
95018,1
52377,1
69161,0
7834,0
66297,0
43490,1
40665,1
32002,1
60435,0
45123,0
64697,0
66432,0
31171,0
95164,0
55624,1
13640,1
54537,0
46603,0
99927,0
35122,0
80039,1
53747,0
9576,1
54111,1
76730,1
58915,1
53495,1
100300,1
51222,0
21975,1
925,0
79473,1
43508,1
36844,0
63329,0
66352,0
25106,1
99724,1
40191,0
86594,0
102620,1
10059,1
62095,1
50135,0
690,1
51140,0
46742,1
96935,0
54493,1
71837,1
39536,1
89979,1
40087,1
27163,0
86806,1
44194,0
52356,1
57123,1
72177,1
68808,1
57492,1
860,0
47529,1
82244,1
70057,1
26,1
69211,0
66685,0
9136,0
104135,0
45463,1
94147,0
21732,1
18298,1
74096,1
2683,0
20687,1
81523,1
27887,1
77142,1
47087,0
5368,0
41913,1
5595,0
87903,0
2979,1
73977,0
69873,0
79760,1
61822,1
17868,0
53085,0
61088,0
79333,1
79103,0
95435,0
2599,0
1623,1
38955,1
6284,1
84460,0
30942,1
58363,1
36393,1
22618,1
12886,0
55386,1
74364,1
45178,1
56281,1
20243,1
84417,1
38933,1
19574,1
89994,0
95976,1
17356,0
50638,0
9290,0
12269,1
9741,0
83508,1
87684,1
50209,0
43749,0
51665,1
37209,1
39259,1
56102,1
92702,1
85928,1
61988,0
73156,0
91018,0
50371,1
13835,0
35200,1
75649,0
56981,0
30092,0
14119,0
96728,1
67682,1
83583,0
10198,0
29794,1
461,1
1123,0
34316,1
99809,0
1688,0
43238,1
5183,0
9533,0
93205,1
84859,0
3299,0
89119,0
19564,0
86643,0
99096,1
16343,1
8383,0
28154,1
3181,0
422,0
76656,0
67496,1
78793,0
58594,1
102997,0
49576,1
80440,1
63488,0
30007,0
17352,0
86580,0
54510,1
14535,0
91032,0
32961,1
17805,0
103616,0
2939,1
85453,0
18707,0
4457,1
9115,1
23915,1
37877,0
60247,1
63663,1
83911,1
91229,0
74823,1
24315,0
10642,1
47177,0
54471,1
14504,0
96639,1
101623,0
57335,0
61552,0
31596,1
100291,1
103345,0
89964,0
6509,0
71260,1
45664,0
96105,1
91618,0
20642,0
32967,1
65890,1
101308,0
92868,0
53355,1
44306,0
42363,1
84651,0
87652,0
48945,1
52627,0
94617,1
71090,1
47643,1
22275,0
82489,1
38949,0
29864,0
11833,0
21949,0
67922,1
42120,0
46102,0
87188,1
95561,1
99597,0
59381,1
35370,0
37586,0
97161,1
96981,1
20724,0
96894,0
15589,0
38110,0
32935,1
44829,1
61207,1
3772,1
26127,1
99577,1
7606,0
65083,1
27010,1
38983,1
3047,0
72916,1
90051,1
86311,0
11334,0
78389,1
36940,0
16797,0
60442,0
50704,1
80584,0
25240,0
29094,0
103398,1
91308,0
22954,1
70040,1
70475,1
6646,0
21458,1
67045,1
69818,1
104762,0
10162,1
3402,1
90184,0
16880,1
69858,0
23402,0
102893,1
74188,1
56842,0
103090,1
86219,0
96883,1
73020,1
17045,1
72145,1
100486,0
90631,0
70979,0
46525,1
43522,1
103876,1
69732,1
69707,0
1273,1
54730,0
88034,1
57,1
95281,1
14599,1
72904,1
89176,0
91985,1
16148,0
57507,0
63809,0
31854,1
46474,1
39642,1
10925,0
22096,1
97860,1
50264,0
27312,1
47616,0
79647,1
86715,1
20223,1
15636,1
97610,0
63776,0
79379,0
57576,0
42195,1
2595,0
85204,0
89269,0
23513,1
23864,1
65513,0
48545,0
58710,0
33503,0
62886,0
71732,0
3556,1
82546,1
46282,0
75864,0
104557,0
94175,0
92936,0
43945,0
83513,0
96653,1
91486,1
54508,0
69621,1
11480,0
63356,0
101828,0
39481,1
74923,0
47493,1
73259,1
50988,0
48312,0
80499,0
79793,0
9749,1
3691,1
95377,1
52110,0
8403,1
46182,1
49132,1
90413,0
32488,1
102825,1
18953,0
97304,0
49966,0
69113,1
61875,1
5144,0
39733,0
19968,1
51099,1
42964,1
33156,1
20475,1
88209,0
97190,1
9629,1
97890,0
96411,0
67911,0
14218,1
76387,0
66066,1
64267,1
52504,0
48194,0
88701,0
46641,1
49360,1
102938,0
89816,1
9461,0
69008,0
79689,1
94998,0
64063,1
15369,1
102692,1
70819,1
77903,0
5550,1
4684,1
66525,1
102241,0
59499,1
102152,0
58208,0
54197,1
88995,0
27109,1
73461,1
16628,1
96936,1
83179,0
88786,1
32739,1
44605,1
40544,1
48577,0
16334,1
41583,1
40257,0
16609,1
49861,0
83711,1
36905,1
90,0
82755,1
45746,0
78683,0
2629,0
15371,1
79817,1
8589,0
12263,0
42581,1
102878,1
98855,0
3346,1
65625,1
85879,1
32991,1
102508,0
19717,1
68591,0
78923,0
84657,0
54823,0
4440,0
41853,0
36134,0
65965,1
12970,1
57012,1
84286,0
64,0
47164,1
89711,0
17009,0
75198,1
69475,0
86705,1
81320,1
71496,0
60715,0
10083,0
79446,0
51283,0
86889,0
100186,1
59077,1
86411,1
15500,1
103280,0
15106,0
84363,0
52367,0
23724,1
20841,1
62684,0
92820,1
59991,1
65322,1
91044,1
71796,0
9538,0
17386,0
52970,0
18949,1
2632,1
20504,1
1485,0
31312,0
21198,0
81064,1
64059,0
26357,0
79887,0
19761,0
87729,1
86104,1
38042,1
26643,1
83029,1
36204,1
72930,0
10072,0
15214,0
50087,1
49801,1
64535,0
103604,1
93364,0
82809,0
102235,1
78817,0
11820,1
91388,0
48732,1
86396,1
28770,0
29026,1
40382,1
53555,0
13596,0
62166,0
19467,0
18024,0
77897,1
87564,1
31522,0
65436,0
2567,1
31566,0
1636,1
77575,0
13105,0
2378,1
67118,1
9350,0
27560,0
34901,1
70428,0
23993,1
70367,0
34331,0
55683,0
25108,0
64859,0
83993,0
10344,0
36980,1
32731,1
18830,0
46004,1
97481,1
15215,0
96082,1
21932,1
86854,1
87131,1
26248,1
80906,0
37905,1
39811,0
86831,0
62126,1
37717,0
53554,1
83339,1
40029,1
58304,1
46121,1
10087,1
79519,0
53619,1
90725,1
34307,1
101622,1
17219,0
38477,0
35540,1
68942,1
56741,1
89903,1
78332,1
52496,0
100383,0
42147,0
72437,0
77042,1
61938,1
103820,0
77961,1
35542,1
26819,0
77473,1
14724,1
86429,0
76853,0
100767,1
40387,0
75756,0
38710,0
97069,1
22175,1
29596,1
14336,0
66812,1
27534,0
35387,1
100676,0
60356,1
31213,0
69553,0
79085,1
36333,0
12831,0
22629,1
73713,1
35833,1
58945,1
87636,0
73787,0
2514,0
21286,1
56922,1
1879,0
4182,1
97840,0
71160,0
35681,0
65899,1
45347,0
20221,1
99716,0
43487,1
41632,0
13271,1
68062,1
14092,0
14476,1
11457,0
40298,1
75362,0
70513,1
61778,1
64331,1
60612,0
48330,0
73192,0
30748,1
64365,1
40514,0
57486,1
9084,0
87079,1
60516,1
68697,1
30144,0
13416,1
48765,0
83372,0
17956,0
88866,0
790,1
84836,0
7807,0
99704,0
82524,0
16278,1
78819,0
54935,1
29480,1
92249,1
18362,1
12524,0
66612,1
27612,0
67378,0
48804,0
12603,1
51348,1
14623,1
61950,1
79695,1
90959,0
71420,0
94186,1
13908,1
48136,0
102222,0
88267,1
67112,0
61213,1
92427,0
51730,0
7605,0
6782,1
68984,0
22759,1
26390,0
32589,0
96081,0
91432,1
22820,1
38799,1
74297,1
10337,1
102382,0
68269,1
81755,1
82305,0
13487,0
54220,0
100045,0
38704,0
50717,0
64012,1
98967,0
8193,0
82277,1
81367,0
62372,1
42774,1
45032,1
91324,0
81361,1
60884,0
13653,0
13306,1
91271,0
78486,1
22508,1
4048,0
24880,1
71712,1
103383,0
8485,1
64092,0
13183,0
67841,0
90155,1
83208,1
1554,1
96127,0
59104,0
16409,1
45594,1
50229,0
61920,0
90891,0
50833,0
36293,1
64615,0
58639,1
104267,1
4104,1
32783,1
42566,1
92090,0
820,1
86049,0
91617,0
92568,1
104378,0
84556,1
73824,0
90088,0
97047,0
92266,1
37788,1
38728,1
21881,1
7652,1
84752,1
46646,0
9906,0
81218,0
12469,1
58066,0
98587,1
39514,1
53570,0
97217,0
101321,0
49778,0
78625,0
95877,0
98131,1
4748,1
20330,1
61985,1
77050,0
74216,0
24422,0
40564,1
101844,0
65013,0
87104,1
66856,1
10168,0
78917,0
97635,0
76533,1
10075,0
34282,1
82514,1
27707,0
19129,0
18400,0
25856,0
98101,0
5730,1
49871,1
29107,1
22727,1
98373,1
67427,1
38826,1
24805,0
9317,1
54733,0
82478,0
66917,1
31991,1
61216,1
11464,0
27325,1
57559,1
81535,0
25641,1
62193,0
35108,1
47351,0
90967,1
10950,1
29466,1
94663,1
33276,1
46172,1
48016,0
34611,0
48200,1
83618,1
34927,1
97701,1
6249,0
992,1
85425,0
32502,0
87273,1
35422,0
15463,1
46521,0
94897,0
97003,0
44069,1
47141,1
75759,0
10391,0
45759,1
81181,1
89834,1
52541,1
45742,0
103189,1
51968,1
48534,0
6006,0
5320,0
17447,0
49713,1
85825,1
35278,0
40239,1
90174,1
7185,1
84180,0
14705,0
66817,0
31369,0
50719,1
78046,1
70375,1
46251,1
37285,1
968,1
48951,1
19149,1
94949,0
31670,0
47527,0
43271,1
54820,1
74883,0
48967,0
16175,1
34302,0
97093,1
59469,0
33592,1
13728,1
32456,1
92330,0
92342,0
2342,1
43584,1
57479,0
41171,1
10534,1
102756,1
15898,0
16576,1
80323,0
16221,0
27445,0
4849,1
41236,0
35161,1
46924,0
16966,1
12445,1
43515,1
90280,0
32864,0
52037,0
72848,0
55650,0
55257,1
40661,1
67030,0
45699,1
39974,0
91944,0
46426,0
98134,0
35811,0
54509,0
83640,0
66660,1
94009,1
23651,1
84295,1
95166,1
35841,0
6773,0
43629,0
21211,0
49981,0
30669,1
14620,0
4628,0
431,0
45316,1
8305,0
50807,0
72266,1
44462,0
74980,1
16563,1
50221,0
38154,1
35251,1
33193,1
59828,1
27724,0
66033,1
57272,0
31482,1
102951,0
2363,1
16509,0
30242,1
9925,0
62448,0
35159,1
94885,0
15304,0
67862,0
23413,0
90841,0
6278,1
51238,1
55848,0
42353,1
90839,0
69041,0
78690,1
48221,0
5385,0
97141,1
27691,0
6903,0
85021,0
13240,0
37145,0
86650,1
44957,1
29615,1
101505,0
65988,1
21628,1
14308,0
81052,0
24464,1
67468,0
59920,0
26586,1
69485,0
39391,1
102515,1
26496,0
63791,0
8799,1
33429,0
57059,0
42818,1
3685,1
29591,1
29438,0
85826,0
47368,0
63468,1
518,0
88487,0
82866,0
29660,1
97284,1
11602,0
19915,1
94422,1
33785,1
18404,1
43980,0
101072,0
83321,1
81433,1
61890,1
60398,1
89034,1
41841,0
101112,1
2196,1
80631,0
87055,1
10129,0
2925,1
63914,1
67588,0
6518,0
42954,1
76789,1
62625,1
77749,0
70074,0
17031,0
13878,0
5822,0
94248,1
79944,0
88580,0
21733,1
97625,0
101567,1
8248,0
1597,1
9087,0
67706,0
34778,1
90420,0
31840,1
2096,1
24653,1
38931,1
74482,1
78771,1
37210,0
36626,1
37583,1
85283,0
54343,0
75574,0
54567,0
43436,0
18700,1
97395,1
60040,0
32685,1
87594,1
51358,0
39375,1
49406,1
33268,1
22259,0
46562,0
98463,1
11875,1
77618,1
100803,0
90885,1
54828,0
45582,0
71006,1
65581,0
80293,0
57193,1
43727,1
79702,0
85246,0
14680,0
77147,0
17258,0
31760,0
27096,0
92661,1
75312,0
10902,1
73727,0
5845,1
26130,1
86947,1
96239,1
38580,1
17147,0
20452,1
31434,0
69466,0
22732,0
78103,0
71574,0
73052,1
69751,0
22057,0
93717,0
64819,1
70260,0
99647,0
5950,1
47269,1
40128,0
15086,0
64052,0
28556,1
72268,0
35303,0
67487,0
36408,0
28066,1
29449,0
72611,0
56620,1
55834,1
58806,1
84147,0
82696,0
44064,1
51583,0
5666,1
87650,0
54893,0
20436,1
88705,1
43813,0
18055,1
86999,1
56133,1
27690,0
39180,0
35079,1
58807,0
42880,1
13683,1
93252,1
39791,0
80270,1
60967,0
47076,0
47000,0
100919,0
54970,1
24239,1
1798,1
66809,0
90313,0
74421,0
24844,1
10722,0
11280,1
62287,1
8187,1
5425,0
45979,0
86898,1
94999,1
28055,0
14625,1
63315,1
47614,0
85233,1
22374,1
18764,0
1400,1
88525,0
17026,1
28035,1
30439,0
33896,1
78093,1
102091,1
59160,0
58232,0
88311,0
52867,0
11508,1
90452,1
40051,0
100438,1
21927,1
14598,0
56857,0
40811,1
22690,0
94027,0
44996,1
5759,0
44281,0
45874,1
9491,0
31485,1
84209,1
62876,1
55537,0
102971,0
94616,1
95078,0
8681,1
63191,0
26271,0
34339,1
21930,1
9245,0
30602,0
29009,0
14794,0
36649,0
95216,0
35984,0
94590,0
76732,1
57395,0
21604,1
28014,0
92872,0
11461,0
60386,0
59701,0
101418,1
22731,0
43284,0
27132,1
78704,1
13980,0
11259,0
75429,0
14906,0
7972,0
41364,0
23661,1
69143,1
14889,0
11754,1
48963,1
50422,1
85286,0
104782,1
13797,1
62547,0
26503,1
51151,1
77593,1
87358,0
103838,0
42193,1
55979,1
19225,0
94912,1
24358,0
36384,1
36489,0
80837,0
104041,1
71229,1
22458,1
36010,1
86171,0
39468,0
103281,0
31220,0
44948,0
36633,1
35974,0
84292,0
64308,0
34249,1
28319,1
60051,0
88908,0
40846,1
45321,0
85118,1
81415,1
52780,0
74385,1
97906,1
31068,1
75804,1
80362,0
82257,1
90262,0
43162,0
97379,1
41504,1
42142,0
99119,1
81397,1
17857,1
12891,1
37360,0
28080,0
11633,0
74158,1
96540,1
101966,0
41737,0
78834,1
91066,1
96120,1
60327,1
42956,0
76967,1
50293,1
40190,0
50451,0
72112,1
103045,1
58712,1
45497,0
63946,1
96949,0
2066,1
75251,0
87157,1
18725,0
75978,0
75588,0
25910,0
52942,0
44584,0
58101,1
97309,1
17999,0
82424,0
1086,0
92971,0
6960,1
88268,0
53208,0
72197,1
23407,0
22481,1
80992,1
92693,0
23067,0
60838,0
7565,0
1420,1
27511,1
51438,1
68679,0
79288,1
18019,0
80531,1
35356,0
22172,0
20257,1
23076,1
19610,0
66370,0
74578,1
63529,0
99407,1
12199,0
68714,0
2174,0
50026,0
28346,1
79017,1
60639,1
39903,0
83278,0
34412,1
40499,1
100467,1
80984,0
36202,1
88958,1
17379,1
46834,0
88230,1
57804,1
5699,1
72506,1
25536,0
57623,1
56177,1
15966,0
94702,1
53162,1
3603,0
24435,0
29256,0
83168,1
68571,1
69295,0
1470,0
49383,0
3770,0
32790,1
81957,1
85025,0
19068,1
33873,1
80875,1
47641,0
63578,1
47605,1
10330,0
4051,1
23005,0
23567,1
24154,1
57629,1
40132,0
69022,1
13948,0
75475,0
41992,1
31341,0
81259,0
2670,1
96551,0
21500,1
1072,1
69472,0
86117,1
57798,1
66805,1
3521,0
41667,1
52173,0
65504,1
101674,0
7668,1
55918,1
55759,0
20876,1
26356,1
69034,0
78842,1
64412,0
99638,0
55855,1
3063,1
92906,0
30352,0
9574,0
18038,0
44596,1
44867,1
18447,0
100492,0
45269,0
89907,0
46150,1
47399,0
24729,1
13257,1
47254,1
52783,1
72635,1
79095,1
97927,1
100909,1
19088,0
102637,0
35444,1
77514,1
35701,0
27848,0
70517,1
69118,1
95363,1
19320,1
81673,1
22074,1
71572,0
79001,0
22443,1
34329,0
89235,1
66621,0
29328,0
53302,0
14608,1
90789,0
28410,1
93475,1
8141,1
8846,1
1416,0
13186,0
83064,0
28049,1
54661,1
11642,1
239,0
28246,1
50405,1
35134,1
33866,0
33852,0
37267,0
42151,0
65480,0
66495,0
7710,1
29472,1
64593,1
22217,0
20111,0
55410,1
77541,0
97593,1
61087,1
48964,1
65385,1
32183,0
15621,0
52511,1
32242,0
21445,0
23914,0
100751,1
84601,0
20559,0
14325,1
98966,0
53012,1
40328,0
95833,1
102230,1
33796,0
21091,1
92573,1
54983,1
21659,1
62426,1
94523,1
96176,1
88522,0
104388,0
71321,0
3293,0
23147,0
18062,0
99543,0
95898,0
92221,1
666,0
1119,1
39173,1
13188,1
36117,1
26653,1
97441,0
54353,0
63702,1
2112,1
28564,1
93601,1
65616,0
73556,0
49724,1
48047,1
77051,1
63199,1
24574,0
37283,1
100581,1
29789,1
45537,1
2030,0
76585,1
61609,0
45483,1
85913,0
52179,0
37957,1
93061,0
6052,0
86839,1
55709,0
96747,1
85665,0
89701,1
100828,0
92478,1
13757,1
5743,0
96043,1
82560,1
67394,0
2560,1
103875,0
53113,1
51212,0
30333,1
22691,1
36564,1
7740,1
96293,1
76314,0
70148,1
6579,1
94110,1
732,1
86404,0
8839,0
86111,0
81690,1
66894,1
15410,1
729,1
29547,1
56205,1
35724,1
7876,0
57167,1
26619,0
16103,1
70637,0
29237,1
22353,1
15565,0
49690,1
89857,0
30864,0
6304,1
85597,1
11381,1
89371,1
68153,0
81023,1
68076,0
66623,1
40295,1
39872,1
99474,1
85966,0
57724,1
24511,0
31119,0
42562,0
97497,1
49596,0
26395,1
23937,0
18980,1
62602,0
59556,1
84468,1
74860,1
17361,1
9127,0
68988,1
37591,1
46212,1
44589,1
88290,1
25683,1
17962,0
99526,0
73068,0
69631,0
24919,1
71436,1
24156,1
86837,0
29619,1
65751,1
45099,1
6821,1
12330,1
42407,0
95552,1
101382,0
4434,0
16541,1
52355,0
62364,0
11298,0
6681,1
3624,0
18513,0
55438,0
45133,1
49054,1
102631,0
80549,1
76271,1
78147,1
13747,0
104760,0
15944,1
61583,1
8208,1
95516,0
56970,1
97503,0
21284,0
33538,0
61753,0
43519,0
53016,0
50251,1
93167,0
101620,1
41972,1
73646,0
56671,0
39354,0
15906,1
19582,0
39602,1
6757,0
70355,0
95676,1
94887,1
17081,0
93856,1
28615,1
7354,0
80449,0
104381,0
90459,0
62615,0
74523,0
38617,0
75379,0
82851,1
64931,1
39956,0
20830,0
79990,1
91953,0
31722,0
24523,1
52282,1
20750,1
25281,1
71581,1
40639,0
77006,1
14372,1
61355,0
79225,0
54574,0
82119,0
44633,1
46226,0
93705,0
58323,1
35483,0
4665,0
89404,0
100519,1
86805,0
25573,1
58799,0
61449,1
98225,1
12359,1
16404,0
8733,1
6373,0
30029,0
29035,1
63836,1
48757,0
5463,1
55994,1
38930,0
38990,0
99674,0
17130,1
50661,1
56078,0
27919,0
80711,1
81969,1
99067,0
11314,1
67142,0
15156,0
62930,0
14193,1
88703,1
24349,1
72532,0
66296,1
2021,0
2407,0
97768,1
51551,1
47247,1
51288,1
18788,0
11011,0
39220,1
37352,1
40078,1
34992,0
99378,1
53463,1
68770,0
7122,0
48381,1
29211,1
16965,0
15795,1
75422,1
16801,1
62097,0
36285,1
82247,0
13608,0
47228,0
74734,1
12822,0
104137,0
5121,0
46786,0
26532,1
28001,1
12236,0
93920,1
60954,1
84068,1
28429,1
59056,0
91456,1
3196,0
28739,0
64886,1
34130,1
83633,1
98712,0
93570,0
78513,0
89117,0
80555,0
20616,1
34866,1
48429,0
38943,0
52943,1
40344,1
80577,1
69477,0
23605,1
23483,0
89420,0
69588,1
67145,0
36836,0
99730,0
48145,1
58950,1
101682,0
85263,0
99082,1
44540,1
12681,1
58968,0
70781,1
99426,0
22033,0
87436,0
18168,0
54057,1
42355,1
59398,0
60779,1
6896,0
38058,1
79790,0
86669,1
6215,0
56515,1
66232,0
86625,1
64720,1
46640,1
3276,1
11704,1
16698,0
49286,0
101065,0
73344,1
18811,1
77724,0
42341,1
83142,0
85773,1
20247,0
10296,1
63537,1
55902,1
16753,1
63,1
45314,1
58176,0
20398,1
102388,0
4671,0
57124,0
6247,0
94062,1
22331,1
80219,1
53049,1
14176,0
8652,0
93655,0
23795,0
76927,0
53403,1
28210,0
82452,1
104497,0
78899,1
57951,1
99467,1
26185,1
18029,0
55192,0
68859,0
60293,1
55299,0
44912,0
90190,0
76169,1
92241,0
41848,0
84316,1
2029,0
94564,1
101796,1
42614,1
4469,0
87120,1
4224,1
6492,1
64878,1
34255,0
53209,0
12079,1
34556,1
93388,0
44624,0
23424,1
55077,0
36720,0
67068,1
39134,1
64246,1
24033,1
43853,1
21786,0
4879,1
40795,1
19883,1
79561,0
7744,1
4442,1
20338,0
25189,1
44372,0
76963,0
90368,0
54028,1
100153,0
13327,0
19086,0
23945,0
98596,0
71401,0
72748,1
90109,1
89243,0
33179,0
87003,0
97651,0
34400,1
16776,1
19011,1
100506,1
58990,0
45383,1
66383,1
12564,0
54694,1
40299,0
37664,1
31550,1
101836,0
32977,1
20992,1
64058,0
68161,0
33771,0
74454,1
60510,1
97268,1
22500,1
46721,1
51914,1
94740,0
98664,1
61365,1
27951,1
46650,1
24709,1
93041,0
12054,0
96995,1
102254,1
37657,1
48229,0
83011,1
76504,0
21341,1
7760,0
11939,1
53018,0
13148,1
100202,0
1712,1
70391,0
98928,1
46514,0
35426,1
38515,1
63083,1
86501,1
10591,0
70270,1
100902,0
6347,1
42743,0
67288,0
96064,1
48372,1
60271,1
64689,0
20931,1
64735,1
11458,0
42533,1
37543,1
31499,1
74340,0
38022,0
81497,0
26813,1
8085,1
88409,1
60432,0
99447,0
69580,0
34393,1
42815,0
68115,1
96165,0
30851,1
9023,1
94728,1
97350,0
29925,1
45201,1
61465,0
72096,0
43967,1
9565,1
99791,1
81937,0
6563,1
46606,1
2685,1
10525,0
27493,0
40125,1
73030,0
15952,1
93979,1
77657,0
85452,0
65434,0
42071,0
42073,0
69212,1
26710,0
81620,0
23371,0
34109,1
66395,0
35593,1
76252,1
69697,0
12122,1
63370,1
9719,1
86621,1
87884,0
81506,1
72400,1
98093,1
49887,0
64045,0
1891,1
80200,0
73390,0
20396,0
102708,1
55969,0
21684,0
82577,0
57931,0
99135,0
2120,1
22037,0
9101,1
36146,0
83791,1
34557,0
48807,1
46708,0
81618,1
87308,1
4268,1
27262,0
72912,0
7714,0
87462,1
77950,0
44601,1
17629,0
54423,1
62206,1
12201,1
12117,0
6908,0
14902,0
74784,0
72466,0
81898,0
69178,0
4790,0
78561,0
59959,1
60685,0
80414,0
521,0
67961,0
72959,0
103623,0
61781,0
59421,0
32586,0
26998,0
47143,0
98230,0
42642,1
81354,0
104780,1
34368,0
93642,0
73952,0
39856,0
102983,0
71952,1
71833,0
64607,1
95147,0
99157,1
102074,0
39729,0
78189,1
65449,0
47651,1
12035,1
21554,1
62362,0
35793,1
965,0
91464,0
40124,1
7720,1
63493,1
969,1
17242,1
16583,0
39783,1
73322,1
95942,0
67100,1
92518,1
86850,0
59441,0
102488,0
52450,0
44270,0
90079,0
101204,1
24864,1
60953,0
71263,0
19263,0
30335,1
11130,0
74660,1
66827,1
104176,0
83015,1
29607,1
88340,0
69073,1
36911,0
82323,0
44935,1
76926,1
74055,0
103368,1
50108,0
101115,1
67096,0
93322,1
71267,0
90623,1
56822,0
101628,0
54380,1
1905,0
81629,1
19775,0
87932,1
69171,1
42847,1
29953,1
24335,1
65353,1
12883,1
82461,0
92786,0
9322,1
88600,0
60934,0
73194,1
1715,1
42414,0
86655,1
15711,1
51919,0
73538,0
18931,1
95425,0
38909,1
20936,1
14386,0
46019,0
19288,1
33152,0
70786,1
58092,1
74932,1
51146,0
46425,1
85631,0
68907,0
11573,1
60229,1
19421,1
61182,0
9904,0
49661,1
52468,0
2298,0
96690,1
62819,1
78682,1
78414,0
86245,1
93861,0
32555,0
103651,0
30939,0
46754,1
75613,1
57007,0
73541,0
41587,0
6281,0
39935,0
81852,1
55059,1
41732,1
87353,1
23511,0
57751,1
64740,0
21323,1
53019,0
74947,1
87138,0
96388,1
34716,0
28607,1
97462,0
38772,0
16454,0
79335,1
93417,0
66693,0
104281,0
77553,0
86920,1
19302,0
94889,1
38776,0
45253,0
10467,0
99448,0
31286,1
90456,1
95640,1
15017,0
23741,1
76977,0
15650,0
48329,0
36145,1
72456,0
60164,1
103712,1
92246,0
88505,0
52265,0
54997,1
48111,1
79106,1
31463,0
87489,0
77733,0
32159,1
77677,1
61325,1
52704,0
90171,0
4163,1
14733,1
96590,1
99173,1
73454,0
94484,1
11882,1
27553,0
93763,0
78114,1
43804,0
12558,0
36402,0
104045,0
60291,1
88922,0
45682,0
61744,1
56092,0
34728,0
45542,1
92621,0
64210,1
94492,0
51043,1
19441,1
46771,1
53900,0
63832,1
94250,1
36616,0
28957,0
76443,0
43326,1
51917,0
25100,0
101993,0
44038,0
21852,0
52127,0
9384,0
52988,1
53739,1
56082,0
93517,0
25699,1
69002,1
38686,0
14165,1
57970,0
37694,1
27169,1
37181,0
103144,1
61305,0
43505,0
104278,0
74573,1
37230,1
10720,0
48625,1
77287,1
44519,0
4030,0
71188,1
60900,1
58446,1
3019,1
62202,1
56127,1
88622,0
43567,0
28550,0
42508,0
99087,1
59367,0
31242,0
94618,0
35096,1
26407,1
19411,1
53734,1
29680,0
23863,0
30009,0
1826,1
3191,1
81150,0
91608,0
51511,1
48045,0
103921,0
36186,1
31520,1
66617,0
78127,1
38835,0
6921,1
63055,1
16181,1
93591,1
51412,1
7392,1
28322,1
50277,1
33783,0
30873,0
46957,0
8349,1
1549,1
93132,1
101638,1
47308,1
90869,1
15111,0
65033,0
65053,1
67062,0
11396,0
5432,0
85557,0
477,1
16808,0
78299,0
37143,1
78459,1
88777,1
27387,0
43152,0
81255,0
71356,0
47234,0
77571,0
79078,0
89040,0
61996,0
31042,0
94756,0
104166,1
93988,0
61224,0
64139,0
59123,1
6192,0
65359,1
55581,0
52723,0
104153,1
38371,1
12129,0
100077,1
83318,1
60712,1
28089,1
45909,1
51655,1
37019,1
18628,0
87943,0
56399,1
96842,0
94668,1
68562,1
33127,1
12456,1
52080,1
34595,1
24839,0
99413,1
39888,1
72909,0
19370,1
100885,0
98994,1
63439,0
7343,0
19498,0
83676,0
92630,1
103300,0
54495,0
9335,1
21934,1
94846,1
54634,1
78871,1
72046,0
12672,0
8645,0
54606,1
29960,1
19197,1
98780,0
47276,1
94051,1
33574,1
65577,0
41045,1
46044,0
12131,0
88728,0
84383,1
28860,0
65997,0
20119,0
22164,0
44080,1
7593,0
15479,0
28167,1
3094,0
91580,0
104772,1
56813,0
100219,1
40203,0
46371,1
34013,0
20435,1
20375,1
8916,1
82592,0
90183,0
46718,1
67388,0
19323,0
3359,1
55883,1
86874,0
52966,0
67191,1
18645,1
11793,1
86280,0
73771,1
56115,0
12373,1
67026,1
87014,0
9621,0
17975,1
43179,0
61077,1
85514,0
53814,0
77613,0
96347,0
66214,1
86674,0
7305,1
22839,0
85803,1
34864,0
62041,1
29852,0
79464,1
46844,1
19763,1
53583,1
71790,0
93905,0
15759,1
68847,1
60355,1
98343,1
32264,1
88768,1
91804,1
49038,1
36823,0
62158,0
80770,0
45700,0
41524,1
23722,0
15786,1
29387,1
95658,0
3134,1
6798,1
48154,1
75190,1
61491,0
91722,0
64093,0
36126,1
79136,1
7899,0
15008,1
73537,0
38863,1
8795,1
77833,0
56566,1
43128,0
39002,0
101926,0
67936,1
47559,1
22202,1
83337,0
12967,0
82213,0
27082,0
35564,1
78256,0
5579,0
102920,0
72386,0
7755,1
12888,1
83406,1
49891,0
42669,1
93533,1
55186,1
15674,1
85525,1
7189,0
14012,0
8768,1
58291,0
33527,1
89968,1
62771,1
71994,1
1085,0
40003,0
74455,1
95383,0
62027,0
97720,0
96369,0
42167,0
39201,0
322,1
80503,0
64079,1
7276,1
31161,1
31521,0
48515,0
49238,0
103272,0
63361,0
46008,1
101559,1
43983,1
91179,1
50654,0
2789,0
48546,0
56786,1
29730,0
47149,0
63696,1
97467,1
95271,0
95901,0
33655,1
81529,0
29956,0
73335,0
70488,0
61148,0
102320,0
23240,0
27407,1
58479,0
59216,0
655,1
43672,0
37736,0
100836,0
75297,1
68263,0
32205,1
48503,0
95226,0
80587,1
33250,0
76189,0
47191,0
9733,1
104823,0
67103,1
14602,1
1553,0
94968,1
10322,0
9897,1
43957,1
1327,0
43783,1
85973,1
104729,1
8433,1
87040,0
76266,0
4508,0
69390,0
59102,0
36470,1
28393,1
70611,0
5815,1
46126,1
85748,0
98359,1
83686,0
34012,0
34061,1
24402,1
35689,0
80656,0
27713,1
51064,1
99357,1
102136,0
3098,0
95404,1
44009,0
94324,1
89167,0
40268,1
67796,1
68072,1
70319,0
24347,1
89000,1
36963,0
89300,0
90722,1
45319,1
42243,0
2596,0
87160,1
66016,0
46624,0
14922,0
93846,0
31613,1
12941,0
48758,1
52520,1
24917,1
97455,1
92378,0
89760,0
46788,0
44564,1
42855,1
97215,1
38925,0
45625,1
99670,1
66391,0
101534,0
3846,0
32880,1
100507,0
58964,1
92505,0
49071,0
38497,0
29424,0
87855,1
20117,1
96569,1
22540,0
64231,0
99010,0
26033,1
23167,1
35726,0
54780,0
50986,0
104863,1
67211,0
25357,0
81056,0
22132,1
39865,0
97148,0
101843,1
60410,1
74126,1
22907,0
36570,1
57982,0
96520,0
68815,0
56599,0
15578,1
75183,1
27142,0
94370,1
80561,0
43253,0
12327,0
28864,0
18321,1
35318,0
71983,0
4006,0
14931,1
53445,0
33958,1
11733,0
9292,0
103255,1
35141,0
4740,0
58834,1
74384,1
92258,1
84541,1
13187,0
84560,1
53201,0
54749,0
86535,1
39293,1
44189,1
45665,0
19585,1
40898,0
47912,1
78458,1
80927,1
89936,0
1788,1
101544,0
52527,0
50952,1
24493,1
103277,0
24354,1
56510,1
95052,1
3365,1
62748,0
5987,1
44380,1
15779,0
49,1
24958,0
88831,1
14913,0
528,1
31109,1
60722,0
34247,1
12098,0
79052,0
74436,0
94658,1
72758,0
32617,0
70351,0
40787,0
89001,0
61729,1
60454,1
62577,0
85743,0
25986,1
80676,1
32296,1
85003,0
94427,0
18799,0
5117,1
43342,0
31006,1
50060,0
25663,0
96046,1
40735,1
101107,1
18463,1
34293,1
86534,0
40474,1
52190,0
54894,0
104082,0
89901,1
39807,0
86515,0
88051,0
37925,1
40106,1
65447,1
50568,1
86881,0
22871,1
92210,1
96453,0
4218,1
73596,0
26515,1
83307,1
43707,1
54586,0
62055,1
78404,1
44193,1
36852,0
103347,1
95584,1
82404,1
98474,1
17822,1
675,0
26129,0
68104,1
23128,0
98524,1
45495,1
41652,1
47607,0
39297,0
52574,0
12211,0
8037,0
53452,1
18889,1
22761,1
67667,0
62161,0
16905,1
58879,0
1529,1
86074,1
5288,1
42552,1
39411,0
100500,0
95954,1
33767,0
89008,1
88027,0
91807,1
42977,1
43550,0
102852,1
40731,1
73579,0
92333,0
51347,0
89989,0
100479,0
63376,1
16116,1
28837,0
11612,1
10686,0
68831,1
76631,0
4536,0
67413,1
9644,0
24641,1
101806,1
79936,1
65220,0
92028,0
18405,0
11358,0
80962,0
53745,1
33712,0
158,1
33776,1
98246,0
55820,1
87551,0
58413,1
95749,0
44170,0
18837,0
63097,1
66625,0
6057,0
38855,1
21919,0
56693,1
24452,1
54317,0
78997,1
1566,0
20420,0
25459,1
21758,0
612,1
10133,1
24532,0
87655,0
40468,0
23186,1
77331,1
13351,0
64287,1
7644,1
61121,1
67444,1
96810,0
31528,0
63953,1
19974,1
65289,0
615,0
58850,1
75196,0
28336,0
37845,1
37602,0
69846,0
85124,1
45880,1
42122,1
96181,1
93732,1
21002,0
49173,1
52186,1
10191,1
8000,0
47517,0
63128,1
72200,1
8257,0
83704,0
58057,0
84215,0
93013,1
67083,1
52641,1
2062,1
47632,1
62265,0
19403,0
100192,0
74248,0
23707,1
42735,1
88489,0
64518,1
39704,0
6155,1
88223,1
377,0
62052,1
23493,1
16705,1
84078,1
60434,0
91396,0
16547,0
82100,1
81272,1
27485,0
101957,1
8286,1
57710,1
87709,1
22608,0
92410,0
31024,1
84254,0
66472,1
89489,1
100964,1
95009,1
56059,1
35460,0
89091,0
76715,1
30578,1
23391,0
96916,0
18209,0
67339,0
67044,0
79032,0
89401,1
43925,0
1981,1
91930,1
66305,1
88374,1
37803,1
60750,1
77901,1
7430,1
81257,1
78544,1
62142,0
46443,1
35871,1
60962,0
72094,0
60694,1
22726,1
67516,0
99272,0
8816,0
85301,0
92533,0
26718,0
35601,0
53497,0
27617,1
39518,1
83703,0
11603,0
91515,1
24534,0
45216,0
71007,0
88435,1
40644,1
64153,0
33405,0
23132,1
57467,1
5197,0
35943,0
79698,0
72283,0
45974,1
48239,1
5942,0
33001,0
52078,1
91463,1
1907,1
83987,1
87562,1
21480,0
20510,1
49822,1
40150,1
95760,1
81470,1
17980,1
99738,0
40432,0
33478,0
38357,1
55329,1
93029,1
87512,0
19959,0
54863,0
66082,1
21723,1
52858,0
29821,0
12592,1
74380,1
60351,1
50481,0
5300,1
55546,1
23735,1
9377,1
25384,1
27202,0
16514,0
87523,0
22869,1
62525,1
100374,1
82206,0
21662,0
82779,1
85686,0
27613,1
21427,1
15080,1
48185,0
32389,0
44024,0
82864,1
65765,1
96234,0
91241,1
63007,0
10043,1
12459,1
56695,0
20087,1
62604,1
14846,0
70874,1
83515,0
82928,1
14697,1
63159,1
60315,0
41462,0
91170,1
47418,1
26228,1
21356,0
33724,0
83277,0
82431,1
77470,0
58704,1
1346,0
75136,1
73364,0
60904,1
64416,0
98398,0
74477,0
22229,0
36265,0
96654,0
41287,1
83611,1
100086,0
59075,1
23926,1
30993,1
53992,0
30081,1
13142,1
38184,0
95638,1
81527,0
20580,1
60243,1
69115,1
57417,0
96760,1
100264,0
97383,0
72168,1
82250,1
17185,0
51537,0
58225,0
14815,0
51138,1
75015,1
60217,1
37353,0
928,0
43306,1
9515,0
1263,0
77551,0
18428,0
15682,1
43467,1
36931,0
81310,0
6552,1
15772,0
29855,1
45128,0
1208,0
95334,0
37710,1
26070,0
75047,0
71428,1
26250,0
51826,0
13201,1
346,1
17063,0
81531,0
69741,0
94962,1
70834,0
6804,0
5563,1
12325,0
48926,0
67724,0
46333,1
66328,1
80973,0
96582,0
93026,0
64822,0
52420,0
31906,1
85972,1
29682,0
34216,1
42551,1
21163,1
103792,1
10046,0
31492,1
37341,1
44550,0
58049,0
8066,1
13458,0
20815,0
18503,0
96718,1
34099,0
97376,0
58824,1
35412,0
83491,1
44297,0
66882,0
99766,0
1663,1
56480,1
37752,1
77754,1
77463,0
32083,1
17690,1
94672,1
49809,0
60111,0
51486,1
47214,0
15255,1
84965,1
21486,1
69682,0
90214,1
1969,1
61944,0
90778,0
49188,0
6615,1
69695,0
87672,1
62938,0
62633,0
73015,0
10704,0
41578,0
23357,1
99815,0
103741,1
5196,1
94346,0
22099,1
1190,1
90136,0
30718,1
81578,0
33766,1
45339,0
6875,1
63507,0
38411,0
19408,1
85188,1
100379,1
52154,1
39698,0
9303,0
42072,1
15742,0
42537,0
1586,0
100162,1
59794,0
49145,1
31424,1
10350,0
8757,0
96409,1
18311,1
50675,1
67122,0
63644,0
81076,1
31765,1
22234,0
28791,1
5720,1
40921,0
12216,0
87232,1
69461,1
11220,1
53744,1
29209,0
71258,1
91125,0
46738,0
54221,1
36601,1
74718,0
78212,0
8595,1
2310,1
77191,1
63717,0
19572,0
44696,1
67484,0
56778,0
33552,0
8181,1
95859,0
76397,1
95155,1
27507,1
47601,1
77907,0
56324,1
8800,0
24760,0
98279,1
65896,0
20403,0
103317,1
50326,1
75727,0
5858,1
89286,0
75684,1
15495,0
93573,0
27661,1
60266,1
632,0
32356,1
20545,0
103581,1
74393,1
103762,0
84000,0
44790,0
18614,0
4916,0
26079,0
14099,0
67907,0
56699,0
95572,0
64858,0
91520,1
62308,1
40752,1
47653,0
84414,1
60275,1
50312,0
5935,1
92784,1
93266,1
19137,0
88422,0
80500,1
103328,0
39043,1
24293,1
85652,0
63035,0
71396,0
8944,1
70907,0
18423,0
69186,0
36105,0
59105,1
76000,0
28573,1
61255,0
39158,1
98401,1
100079,1
102169,1
55182,1
56505,0
84402,1
2170,1
43953,1
69288,0
80165,1
1555,0
88300,0
12879,0
78082,1
84861,1
57538,1
93127,0
67467,0
88475,0
77497,0
99198,0
66065,1
71449,1
7578,1
102402,0
79775,1
70622,0
15843,0
28604,1
55260,1
96467,0
61474,1
44586,1
26911,1
99746,1
90425,1
63258,0
18840,0
86676,0
54357,0
102782,1
19834,1
94052,0
81095,0
23443,1
17291,1
67739,0
75939,1
74154,0
33625,1
97117,0
41607,0
29143,1
14610,1
2686,0
53965,0
39816,0
84046,0
54279,0
52245,1
6696,0
60419,1
99860,0
90775,0
23373,0
84163,1
21290,1
104743,0
1112,1
505,1
64034,1
98867,0
47544,1
66921,1
59739,0
47481,1
63270,0
89734,0
10853,0
14642,1
94619,0
26266,0
32308,1
100621,0
66362,1
44258,0
95219,1
104377,1
72787,1
60404,1
28800,0
20689,1
56192,0
31459,0
84951,0
5737,1
60496,1
48842,1
37419,1
68742,1
60670,1
81406,0
76915,1
83311,1
1034,0
95169,0
3705,0
86439,0
45403,1
104350,0
37728,1
93738,1
82594,1
93449,1
95292,0
80246,0
76930,0
76011,0
73213,1
74492,0
39979,1
29791,1
93808,0
11256,0
99939,1
17660,1
85947,0
28040,0
17853,1
13238,1
91825,1
21583,0
49652,0
104316,1
54801,1
85480,0
95315,0
40997,1
95916,0
31192,1
45242,1
42799,0
48363,1
45899,0
69491,0
100485,0
86195,0
51135,0
24782,1
69203,0
75462,1
37248,1
46625,1
98414,1
80026,1
60728,0
93992,1
37720,1
91517,1
67311,0
77683,1
60151,1
94093,1
72542,0
36957,0
15092,0
58839,0
33114,1
8220,0
84224,0
96546,1
97558,0
70937,0
63089,1
4154,0
64266,0
87511,0
46209,1
52660,1
98859,1
89156,1
32221,1
91699,0
82034,0
62264,1
54447,1
39091,1
65182,0
38499,0
87702,0
43732,1
70410,0
46857,0
96040,0
78732,0
61759,1
101634,1
62114,0
63068,1
6129,1
104454,1
9764,0
83169,1
103047,1
19535,1
52613,0
2296,1
26096,0
74208,1
89169,0
98353,0
37024,1
75102,1
74484,0
72364,0
18965,0
28784,1
55633,1
53737,1
13141,0
83598,0
66508,1
27564,1
103548,1
13296,1
61225,0
4757,1
1192,1
99187,1
98490,0
19966,0
64436,1
88201,0
37897,0
84362,0
85854,1
22964,0
49364,0
56720,0
98677,0
79184,1
28128,1
53573,1
80662,1
99960,0
4948,1
21387,1
56651,1
31506,0
78068,1
91918,1
82536,1
7496,1
64821,0
87063,0
5564,1
97207,0
25290,0
23171,0
65142,0
84814,0
85633,0
34658,1
61580,0
3488,1
40749,0
3236,1
8475,0
73277,0
58744,0
31609,0
67334,0
75970,0
97802,1
4587,0
90655,0
31679,1
41311,1
24061,1
56264,1
18198,1
75825,1
87387,0
67351,1
31050,1
93078,1
83425,1
86408,0
15502,1
51648,0
37852,0
38673,0
30077,1
102766,1
70204,1
79315,0
43538,0
64793,0
3950,0
61648,1
92970,0
61720,0
99126,0
6689,1
83812,1
96142,1
85643,1
103457,1
52340,1
69227,0
30695,0
72632,0
67475,1
47457,0
99454,1
7733,0
93051,0
55869,1
26696,0
56343,1
10058,0
23359,1
54688,0
66734,0
91122,1
26831,1
75874,1
89623,0
19965,0
47806,1
22556,1
104769,1
65110,0
98770,1
35017,1
88591,0
26990,0
64628,1
60883,0
86448,1
42672,0
19257,0
51082,0
29795,0
59185,0
50826,0
95581,0
10394,1
69351,1
102177,0
53544,1
76390,1
35639,1
94698,1
86487,1
58025,0
62895,1
34427,0
73687,0
88115,1
27050,1
65029,1
95664,1
14293,0
65913,0
28985,1
4417,0
51072,1
11791,0
46893,0
9041,1
100999,0
48927,0
94837,0
24369,1
62391,0
45996,1
75790,0
99559,0
45028,1
101657,0
72230,0
49675,0
69939,1
11985,1
85604,0
74383,0
66289,1
73047,1
65062,1
66604,1
96396,0
62693,1
27516,0
7639,1
19520,0
96399,0
45838,0
98082,1
96258,1
7034,1
59057,1
89357,0
34271,0
75519,1
54985,1
96537,0
75154,0
46082,0
71077,1
65172,1
2128,1
45042,1
27370,1
76361,0
84733,0
19077,1
15907,0
55756,1
21153,1
17486,1
33028,0
89248,1
57379,0
82475,1
62031,1
96132,0
7712,1
90800,0
48818,0
35657,0
21288,1
37097,0
79970,0
96584,1
61838,0
24901,0
92840,0
88863,0
11528,1
18734,1
29410,1
28533,0
95683,0
102563,1
34663,0
36869,0
71452,1
61309,1
68193,0
28603,0
100311,1
1893,0
6684,1
94498,1
45021,1
85906,1
41153,1
61157,0
30967,0
68879,1
38975,1
86902,1
3876,1
36399,0
38588,1
78378,1
19566,1
39942,1
90868,1
37560,0
26907,0
65377,0
55852,0
68245,0
82077,0
95340,0
79600,1
52479,1
7832,1
69174,0
8866,0
27388,1
2034,1
93903,0
102500,1
41065,0
93059,1
2011,1
24392,1
73203,0
47416,0
80987,1
53437,1
64368,1
60617,1
16464,0
27562,1
71514,1
83511,1
85699,0
14850,0
33931,1
20458,0
63182,1
453,1
34651,0
37917,0
4277,1
34935,1
101461,0
22235,0
3739,0
85543,1
26312,1
19925,0
10926,0
4042,1
67504,1
52491,0
31383,1
100269,0
41944,1
53520,1
26469,0
74577,1
36272,1
59245,1
60924,0
16063,1
63118,1
26123,1
17623,0
86225,1
37544,1
52063,1
62531,0
66237,0
100915,1
87535,0
85504,0
86204,1
102579,0
72324,1
43325,1
40354,1
69602,0
23327,1
30615,1
66831,0
32766,0
45468,0
103066,1
66955,1
71547,0
50382,1
26487,1
39015,0
60772,1
8438,0
27932,1
32879,0
26511,0
83242,0
84335,0
78854,1
59217,1
81716,0
60126,1
36939,0
86047,0
74928,1
83946,1
70403,0
89655,0
38437,0
96579,1
43608,1
65277,1
100931,0
19436,0
5290,0
9962,1
89594,0
75927,1
29118,1
103587,1
92444,1
51739,0
81602,0
35310,0
15955,1
56233,1
39264,0
15599,1
82255,1
72237,0
104601,0
65103,1
91057,1
39138,1
17276,1
86552,1
13693,1
73619,0
86452,0
64861,1
27488,1
70182,1
49999,1
2815,1
29332,1
60613,0
10577,1
19718,0
73386,0
89852,1
13958,1
93786,0
55271,0
58032,1
81838,0
54953,1
74566,0
34579,1
67290,1
24549,1
93403,1
82980,0
86178,0
69564,1
69543,0
46815,0
79701,1
39366,1
61980,0
56415,0
16077,1
22572,1
73918,0
69755,0
64997,1
1180,0
82016,0
94179,0
78172,0
85122,0
70530,0
25432,1
33662,0
50410,1
6005,1
59055,0
46331,1
8689,0
77371,0
97965,0
48300,0
42112,1
12101,0
1698,1
74343,1
95790,0
21891,1
24306,1
65958,1
52564,1
93360,0
103366,0
87736,0
40317,0
79020,0
58930,0
66087,0
23829,1
70885,0
52815,0
28898,1
31382,0
3059,1
82112,1
45205,0
9743,0
92086,1
75802,1
57522,1
7759,1
78255,1
80433,1
14410,0
93515,1
10664,1
45332,0
31087,1
7153,0
9558,0
83992,0
6498,1
67803,1
73258,1
33042,0
61572,0
63699,1
30571,1
55133,1
42126,1
101571,0
6446,1
59004,0
43535,1
59931,1
69150,1
61103,0
104269,1
97627,0
31769,0
73171,1
98320,1
44862,0
28974,0
55917,0
15324,0
10691,1
92940,1
82931,0
64517,0
86859,0
1279,0
57337,1
50774,1
51070,1
89757,1
14019,0
87852,0
68522,0
30877,0
26892,0
8600,0
8183,0
68489,0
67111,1
64579,0
103693,1
93300,1
101368,0
49465,0
20362,1
47522,1
96730,0
29272,0
11771,1
102430,0
52183,1
101935,0
91764,0
61867,0
100456,0
47650,1
77071,1
6891,0
88255,0
64702,1
51520,0
10765,1
100927,0
17446,1
20085,1
53310,0
73967,1
80768,1
18130,0
85777,1
45896,0
27609,0
80130,0
87878,1
48707,0
52392,1
42398,0
71125,1
101684,0
21721,0
15299,0
49799,1
30194,1
39558,1
31987,1
62591,1
33518,0
78645,0
5059,1
15046,1
53100,1
56360,1
88228,0
66561,1
22811,0
46747,0
49016,0
100152,1
61437,0
81635,1
34504,0
81522,0
28097,0
104343,0
24804,1
87573,0
31298,1
29476,1
37742,1
60834,0
53772,1
56241,0
69158,0
22551,0
82948,1
98105,0
98471,0
27398,1
11962,1
23386,0
27429,1
41433,1
47596,0
8140,0
8088,0
97960,0
26456,1
17153,1
43818,1
87010,1
32212,0
59661,1
75171,1
27291,1
70369,1
36760,0
28590,0
63562,1
81741,0
55189,1
92607,0
31846,1
97302,0
68116,0
56030,1
87777,0
53498,0
86555,1
5801,0
96060,0
6275,0
33468,1
37916,1
31983,0
50814,0
64669,1
92819,1
101760,1
75276,0
1900,1
21911,0
12673,0
22182,0
33362,0
90634,1
55894,1
103142,0
38794,0
42539,0
5745,0
36906,0
93938,1
3589,1
83032,1
23979,0
49726,0
2382,0
78947,1
43421,1
78108,0
14701,1
49993,1
69712,0
4448,0
89053,0
61046,1
51495,0
2031,1
71344,0
64038,0
59182,0
36100,0
96827,0
58962,1
61563,1
76037,1
93974,1
8500,1
63753,1
35424,1
8812,1
59997,0
42015,0
35603,0
45488,0
20317,0
71217,1
19748,1
82402,0
70025,0
102528,0
96969,0
104358,0
4734,0
42228,0
75158,1
3518,0
76790,1
19472,0
9266,1
14865,0
6780,1
10320,1
53123,1
20658,1
84549,1
103851,0
90767,1
20521,0
99263,1
63925,1
61194,0
54401,1
45151,1
104296,0
48768,0
41385,1
33355,1
86079,1
53994,0
63584,1
31872,1
6018,1
10864,0
102613,0
26597,1
41512,1
1774,1
65863,1
101739,1
44102,1
77659,0
38813,0
9949,1
55783,0
74745,1
26034,0
40183,0
26884,1
53339,1
64091,1
78388,0
11038,1
20800,1
28174,0
95247,1
42227,0
98599,0
25147,0
52519,0
8613,1
7045,1
75128,1
8258,1
93451,0
59186,1
99954,0
102126,0
10056,1
85578,0
32476,0
57301,1
49506,0
101061,0
39955,0
85704,0
36063,0
36512,0
37383,1
66514,1
72774,1
51396,1
77253,0
79725,0
6240,0
64766,0
21051,1
92148,0
75749,1
82846,0
8151,0
81665,0
88198,1
73253,0
97721,1
14150,0
5180,1
7106,1
79794,0
85806,0
56832,0
63389,1
3154,1
67180,0
76866,1
2639,0
65587,1
4851,0
9493,0
29271,1
103440,1
12068,0
96156,1
26239,1
47102,0
4175,1
88008,0
46323,1
68780,0
16840,0
12971,0
13892,0
72464,0
67226,1
92201,0
96695,0
67105,0
101860,1
15146,1
63012,0
25942,0
95001,0
2008,1
38778,0
66307,1
2536,1
99117,1
97774,1
48041,0
71046,0
63774,1
54918,1
40548,0
73870,1
39078,0
59575,1
63512,1
57038,0
84206,0
5440,0
35227,0
4313,0
62204,1
91110,0
13848,0
90289,1
45791,1
85616,1
13119,0
28406,1
100776,0
8269,1
57473,1
38228,0
84406,0
72303,0
13833,0
31449,0
4535,1
25327,0
90026,0
62584,1
74629,0
89366,0
81247,1
4523,1
33803,0
92561,1
12696,0
46964,0
46802,1
73234,1
6321,0
102960,0
67585,1
25293,1
80919,0
12881,1
33070,0
5204,0
98197,1
56103,1
1791,0
79107,1
61410,0
13803,1
77666,1
32454,1
21826,1
90758,1
59202,0
55696,0
55448,1
73683,1
24242,1
51197,0
92753,0
20046,1
51464,1
59685,0
104464,0
53140,0
86094,1
2135,0
39664,1
33750,1
2357,1
29552,0
46319,1
18782,1
86954,1
20100,1
68565,1
57622,1
44357,1
92460,0
54415,0
63676,1
45452,0
70847,0
75448,0
44420,0
98988,0
3013,0
58129,1
102245,0
11300,1
46268,1
84399,1
10067,0
37476,1
31311,1
37775,0
69369,0
40994,1
31443,0
83917,1
97421,0
86020,1
37431,1
100347,1
93391,1
71632,0
57517,1
43182,1
33045,1
98571,0
49595,1
57978,1
26791,0
10102,0
90178,0
37566,0
48157,1
7887,1
16033,1
71991,1
73821,0
18529,0
38460,0
4160,0
54327,0
18094,1
1245,1
89303,0
62457,0
68096,0
36833,1
15558,1
44088,1
38394,0
81452,0
97416,0
45360,0
45155,1
98834,1
89571,0
25501,0
77248,0
99231,0
102886,0
72918,0
80681,1
94519,0
6840,0
76565,0
68797,0
41784,0
92080,0
79770,1
104664,0
104850,0
76412,1
31083,0
51735,0
87181,0
101829,0
42488,1
1662,1
87406,1
82286,1
63498,1
92948,0
75495,0
29174,1
48168,0
37309,1
19954,0
84162,1
43471,0
64335,0
38470,0
69317,1
84705,1
72530,1
85214,1
64166,0
33274,1
81305,1
99060,0
881,1
87894,1
61447,1
59294,1
31665,0
44426,1
11063,1
104400,0
104656,1
74950,1
51714,0
51379,1
92334,0
63054,0
88413,0
86479,0
39874,1
41110,1
62227,0
70442,0
104476,0
104302,0
79098,1
73550,1
91685,1
70573,0
78079,0
29889,0
53829,1
80314,1
18936,0
99847,0
36766,1
48053,0
13877,0
41387,1
20397,1
43694,0
10299,0
97478,0
1038,1
97728,0
84427,1
58229,1
84232,0
15526,0
64183,0
87785,1
89048,0
56202,0
45453,0
50778,1
94774,0
38089,1
30484,0
45834,1
20195,0
1333,1
76145,1
4410,0
62068,0
89467,0
103367,0
30171,1
831,0
64835,1
81031,0
20194,1
52814,0
5708,0
54462,0
35677,1
91553,1
88804,1
23356,1
89345,1
87470,0
72775,0
101922,0
88709,0
23345,0
41055,0
100844,1
41121,1
53662,1
72616,0
88910,1
20611,1
48791,1
35093,0
46841,1
13101,0
19464,1
79539,1
79692,0
97202,0
76496,1
99116,0
24890,1
20478,0
35098,0
39237,0
77729,0
4698,1
90711,1
57616,0
23698,0
60407,0
92323,1
46508,1
6328,0
61519,0
26637,1
64007,0
78346,0
104383,1
24506,0
28191,1
40705,1
8267,0
50948,0
74062,0
6454,1
83867,1
72697,0
35263,0
17680,0
61701,1
25133,0
10309,0
1745,1
44014,1
67098,1
10915,0
101027,0
82773,0
49589,0
86222,0
100921,0
74929,0
6378,1
42421,1
85548,0
51567,1
81289,1
3446,0
21110,0
42342,0
40467,0
1309,1
61677,1
79572,0
47730,0
18951,1
30928,1
54121,0
95123,0
63853,1
93178,1
25938,0
37662,1
28608,1
27427,0
76451,1
35175,0
15188,1
28265,0
38229,1
139,1
27101,1
36885,1
3671,1
44332,1
31477,1
97897,0
53144,0
89408,0
79911,0
2576,0
15899,0
17373,1
58390,1
26728,1
59212,1
103801,1
45486,1
18806,1
39925,0
89025,0
93757,1
37321,1
62019,1
89706,0
75480,0
54982,0
88239,0
35131,1
63744,1
18786,1
66013,1
103662,1
93809,0
7367,0
73629,1
60047,0
14501,1
66022,1
42487,1
68316,1
44615,1
13703,1
83653,1
20371,0
74078,0
16480,0
58670,1
42385,1
27959,0
5217,1
30364,1
89971,0
98914,0
91408,0
45823,0
92209,1
28204,0
44625,1
88989,0
88752,0
72907,0
89232,1
24949,1
18818,1
73257,1
5570,1
51200,0
26483,0
70133,1
19385,0
9000,0
90999,0
58780,0
68748,1
70421,1
83552,0
27544,0
71309,0
85619,1
69268,0
86277,0
74870,0
18006,0
69558,1
64630,0
1484,0
19289,1
90407,0
69448,1
68435,1
90377,0
32755,0
38020,1
2299,1
5502,0
17671,0
35880,0
63343,1
33624,1
65138,1
60890,1
98597,0
21388,0
53298,0
49813,1
1864,1
2517,0
4403,0
69684,0
61166,0
37968,1
92570,0
86894,0
87328,1
84003,0
98506,1
69374,1
13967,0
89963,1
56729,1
96306,1
25048,1
91135,0
57204,1
57893,0
92451,1
80533,1
88222,1
43924,1
70801,0
70572,0
48935,1
33950,0
97655,1
78759,1
48564,0
81432,1
97984,1
79859,0
9483,0
97551,1
57386,1
43075,1
44486,1
230,1
25714,1
30664,1
79179,0
35876,0
92611,1
130,1
65524,1
10946,0
28004,0
15840,0
89274,1
526,0
62888,1
30554,1
43962,0
60246,1
17521,1
93345,1
11436,1
95731,0
76529,1
31659,0
75316,1
6730,0
82069,1
72403,0
38664,0
39624,1
72698,0
19075,1
82215,0
75647,1
89878,0
59901,0
3091,1
24155,0
53078,0
67904,0
58411,0
102196,1
5407,1
5325,0
76641,1
102831,1
65623,1
48028,1
14998,1
92622,0
25935,0
8720,1
13091,0
36527,0
24642,0
102584,0
24093,0
93053,0
13799,0
76647,0
87960,0
42379,1
36782,0
30023,1
96978,0
47832,0
98362,0
26105,1
74724,1
29425,0
20973,1
85981,1
76158,1
43796,1
17006,1
38321,1
44971,1
35874,1
10361,0
68497,0
48974,1
41447,0
69772,0
26255,0
89522,1
78889,1
90161,1
64700,1
21306,1
24803,1
74949,0
68221,0
30481,1
55916,1
3001,1
28455,0
80699,1
24787,0
76614,0
99083,1
30800,0
63206,1
25827,1
79498,0
97191,0
65112,0
85278,1
65139,1
66545,1
24559,1
65098,1
86285,0
4776,0
43196,1
39360,0
98205,0
69352,1
63511,0
88055,0
28598,1
58828,1
58851,0
61941,1
103849,1
18151,0
77985,1
16272,0
92473,0
1304,0
40199,1
48144,1
7062,1
18013,1
20135,0
15493,1
84849,0
94385,1
74924,0
52215,0
53728,0
97911,0
98462,1
11679,0
55096,1
30130,0
64155,1
90904,1
16616,1
45058,0
74262,1
71985,0
94900,0
87000,0
47478,1
13480,0
81820,0
62586,0
40792,1
61466,1
30474,0
35361,1
69920,0
55333,1
79201,0
62545,1
89372,0
91181,0
12103,1
79206,1
60057,0
75957,1
47466,1
72600,1
11227,1
46097,1
49853,0
40443,0
86343,0
100545,1
8297,0
8062,0
88471,1
25311,0
56518,0
94216,1
101791,1
72737,0
97228,1
13166,1
79036,1
35001,1
92691,1
18563,0
44622,1
104740,1
14955,0
20015,1
20230,1
69198,0
98987,1
13917,0
30728,1
58650,1
60858,1
69063,1
18129,0
17543,1
61348,1
76191,0
57018,0
85135,0
15109,1
18018,0
62278,1
51237,0
76006,1
15440,1
94412,0
31028,1
71683,1
20833,1
37913,0
48742,0
95669,0
97276,0
92271,0
67832,1
14337,0
28542,0
58692,1
76410,1
44214,0
18657,1
29560,0
3834,1
70405,1
11863,1
59764,0
28490,1
13966,1
67309,0
81889,0
34152,0
86081,0
60498,0
90131,1
5112,0
47593,1
92845,0
41264,1
22472,0
36460,1
88327,0
86184,0
17115,0
79680,0
69343,0
99149,0
10222,1
94882,1
70243,1
18382,0
86826,0
16208,1
12540,1
78145,0
24043,1
75012,1
41677,1
72631,0
100580,1
14654,0
92689,1
61815,1
39566,0
17089,1
60366,1
22861,0
96383,0
24345,1
96469,0
59874,1
84021,1
40670,0
22660,1
14904,0
96227,1
32982,0
7808,1
59720,1
72659,1
65591,1
81201,1
93105,1
32905,1
1528,1
73815,1
9795,0
16574,0
341,1
82798,1
17493,0
29634,1
91166,0
34091,1
6618,0
69966,1
61484,0
39111,1
23193,0
18829,1
20388,1
82090,0
69155,0
48491,0
94106,1
46731,0
62061,0
87608,0
30025,1
77431,1
92813,1
27361,1
87294,0
3061,0
101944,0
19879,1
43516,0
38906,0
18608,1
63073,1
85880,1
64523,0
92079,0
42426,1
84881,1
19740,0
15182,1
15177,0
2445,0
104553,0
83252,0
104550,0
3221,0
74831,0
96493,0
78700,0
51869,1
49347,0
27957,1
57689,0
75974,1
16626,0
13444,1
9442,1
25461,1
61370,0
37260,1
73197,0
64036,1
57025,0
71476,1
50181,0
93228,1
90412,1
74226,1
66453,1
57668,1
69640,1
95119,1
20853,0
100051,0
103309,0
22083,0
77783,1
34536,0
25301,1
39121,0
73140,0
102913,1
68880,1
15472,0
25628,1
9353,1
51166,0
52404,1
43116,0
21866,1
36534,0
58819,0
38635,1
61793,0
54163,0
104087,1
93508,0
42148,0
84034,1
44126,0
28672,0
22248,1
97151,0
53013,1
68516,1
28745,0
53433,1
100043,0
34532,0
27782,0
32314,0
102392,1
83581,0
91897,1
98801,0
80387,1
42149,0
102037,1
77597,0
3714,0
70430,1
82472,0
12721,0
68283,1
2327,1
44598,0
102958,1
75035,0
30964,0
32745,1
18079,1
12920,1
50114,0
91424,0
3116,0
70561,1
56731,1
51405,1
4295,1
103766,1
50866,1
14791,1
16384,1
27000,1
36036,1
36715,1
4157,0
63848,1
77573,0
79167,1
49037,1
41212,1
61661,1
40470,1
76346,1
101748,0
41787,0
58830,1
20527,0
95002,1
74706,0
87200,0
42958,1
21523,1
68035,0
63770,0
68498,1
38271,1
15041,0
6547,1
49454,1
90318,0
83361,0
25909,0
17100,0
58805,1
81239,0
92918,1
78297,1
92726,0
44755,1
95209,1
61666,0
88926,1
3030,1
90990,0
6561,1
7397,1
4840,1
63454,0
53582,0
58813,1
30797,1
66506,1
63764,1
90232,1
9365,0
73746,1
33485,0
49503,0
91772,0
23228,0
24878,0
80155,1
50336,1
49027,1
27975,0
77988,1
36283,0
12081,0
13795,1
14382,1
89948,0
89471,0
104675,0
99262,0
19180,0
4725,1
39441,0
46382,1
21147,0
49292,0
51190,1
61511,1
35178,1
89937,0
30250,0
35631,0
76937,0
713,1
87811,0
75389,0
73314,1
34194,1
89922,0
53673,1
96821,1
29421,0
12277,0
71612,0
104366,0
93357,1
104545,0
45968,1
55689,0
48825,0
72293,1
99884,0
67047,0
71336,1
11111,1
74931,1
81353,1
15376,0
57722,0
74402,1
65467,0
80703,0
30681,0
95300,1
56907,0
42387,1
21847,0
77637,0
78336,0
14737,0
76720,0
13536,1
72845,0
67810,1
61601,1
5686,1
4103,1
61586,1
6301,1
60238,1
80300,1
71060,1
4376,1
43536,0
46576,1
8779,0
47855,1
102428,1
57389,1
94651,1
36808,0
15654,0
97539,1
72495,1
24573,0
15727,1
29875,0
95554,0
89650,1
89990,0
65253,1
95804,1
32547,0
79274,1
2355,1
90548,0
80106,1
54921,1
66635,1
93434,0
99969,1
10866,1
50414,0
65826,0
104389,0
2232,0
60318,1
42132,0
91620,0
77339,1
42684,0
72820,1
29905,1
51978,1
27543,1
38661,0
7229,1
71502,1
18890,0
67807,0
61392,1
16697,1
50190,1
98810,0
5565,0
104832,0
28522,0
19480,0
44131,1
51864,1
17835,0
10981,0
70306,0
40458,0
3370,0
9072,0
29801,1
85000,0
10927,1
31568,0
73433,1
51114,0
48631,0
44353,1
3120,1
67836,0
77031,0
12596,1
42848,1
42493,1
68925,0
28557,1
30999,1
22273,0
55251,1
28164,1
102781,1
25630,1
84764,1
51266,1
1533,0
60784,0
40964,1
43365,0
92882,1
4083,0
77622,1
83499,1
39444,0
3448,0
40503,1
20142,0
43145,1
45328,1
11375,0
31841,1
37328,0
84313,0
36930,0
102349,1
42349,1
5852,0
76892,1
66337,1
101186,0
76435,1
53383,0
89175,1
33602,1
86949,1
30933,1
75842,0
27267,0
3282,1
32329,0
16981,1
61561,0
102374,1
55881,0
46679,0
51263,1
24365,0
69771,1
5332,1
35348,0
75168,0
38732,1
38585,1
66456,1
23034,1
9425,0
18348,0
79892,0
67647,0
93415,0
17037,0
13774,1
63605,1
26409,0
87649,0
16786,1
78322,1
18315,1
94879,1
97719,0
26746,0
83871,0
11540,0
36177,0
55068,1
26862,1
28910,0
53343,0
50828,0
86151,1
61229,0
99613,1
98978,0
86871,1
66675,1
32869,0
71823,0
92346,1
44972,0
20328,1
33015,0
79907,1
91773,0
50516,1
35778,0
77155,1
48644,0
41022,1
90022,0
18891,0
30319,0
82900,0
37860,0
40426,1
74066,0
35373,1
60686,1
88275,0
77161,0
48671,1
91819,0
56454,1
23776,1
90552,0
33691,1
33055,1
33654,1
50589,1
42028,1
20813,1
67602,1
81947,1
81833,1
96200,1
94274,0
83309,0
77457,1
92149,0
56833,0
76658,1
45337,0
82457,0
62731,1
38034,0
32361,0
40498,0
7410,0
12986,0
69262,0
77078,1
41926,1
32432,1
87874,1
7604,1
63185,1
94060,1
56219,0
54615,1
77789,0
99669,1
16202,0
69190,1
98846,0
40409,0
79671,1
34542,0
93887,1
47810,1
42702,1
24269,0
58114,1
104212,1
10360,1
93777,1
52593,1
93352,0
92803,0
27494,1
17501,1
73013,1
37833,1
17314,0
72658,0
86968,1
94235,0
27523,1
60657,1
73961,0
61935,1
11012,1
6879,1
97747,0
42393,0
10867,1
47373,0
14934,0
25597,1
14659,0
32718,1
94329,0
50906,0
53461,1
40770,1
30365,1
15723,1
23531,0
55047,0
77633,0
21801,0
27693,1
104636,0
54964,0
102712,0
43010,1
11390,1
73778,0
61763,1
54549,0
67389,1
4172,0
51662,1
103862,1
72829,0
37832,1
47663,1
91848,0
50083,1
4958,1
65100,1
69432,1
823,0
77097,0
43761,0
76818,0
55196,1
46298,1
51213,1
86763,1
4169,1
80522,1
46135,1
87030,0
89115,0
25302,0
22086,0
52539,1
29698,1
29916,1
36550,0
80791,1
97143,1
82841,0
84742,0
8312,1
35376,0
64863,1
41884,1
82309,0
26876,0
84592,0
48428,1
79500,1
84204,1
46555,1
59757,1
19139,1
66863,0
59555,0
97310,1
37396,1
44109,0
86841,1
48399,1
96458,1
96770,1
64076,1
16794,1
89580,0
92590,0
14828,1
38062,1
48600,0
102511,0
28213,0
84852,0
51093,1
13573,1
17812,1
71945,0
12582,1
103009,0
87600,0
66229,0
55037,1
81200,0
42683,1
95653,0
69843,1
40482,1
73332,0
88737,0
51333,1
16594,0
74255,1
9896,0
71271,0
103095,1
26082,1
469,0
83209,0
3018,1
25816,1
31302,1
62089,1
54679,0
75643,0
71167,1
18772,1
68500,0
70616,0
55833,1
12063,1
74209,0
52529,0
23910,1
87646,0
78946,0
92041,1
91098,1
36596,0
9146,0
77154,1
7537,0
76031,1
61522,1
95980,1
35656,1
62485,1
41336,1
8230,1
61655,0
43819,1
76942,1
9036,1
7535,0
100273,1
30753,1
34,1
32207,1
5137,1
37875,0
31082,0
20664,0
13025,1
92325,1
90271,1
44358,0
74162,0
44223,0
116,0
94808,1
37956,0
51480,0
36938,1
35111,0
49536,0
93998,1
61336,0
43320,1
53684,0
23987,0
82357,1
21791,1
36582,1
44470,1
11631,1
56735,0
32532,0
62137,1
28056,0
30542,0
102557,1
75489,0
8678,0
16067,1
34284,1
30017,0
12349,1
18100,0
77975,0
86733,0
8454,1
82774,1
83924,0
69577,1
75091,1
7962,1
51397,1
40008,0
101776,1
83366,0
35802,0
89002,1
86312,1
88330,1
104070,0
54714,0
27636,1
71100,1
73704,1
32795,1
75322,0
79215,1
32524,1
9809,1
74864,1
24544,1
59178,0
14341,0
65540,1
26706,1
37416,0
93547,0
7519,1
73264,1
53787,0
60930,1
61471,0
79520,1
8594,1
21167,1
50117,0
11720,0
89686,1
81751,1
89353,0
60117,1
62926,0
12447,1
83991,0
45516,0
44202,1
33327,1
15579,0
6035,0
23011,1
42221,1
17953,1
9536,1
61062,1
93211,0
29510,0
73347,0
75059,0
2499,1
3109,0
74749,1
90652,0
66135,0
31502,1
66416,0
37282,0
6975,0
5314,1
2984,1
69353,0
53084,1
420,0
63852,0
71355,0
38412,1
25631,0
87706,0
85728,1
65942,1
55246,0
103588,0
102425,1
99606,1
27154,1
64037,0
61319,0
19882,0
64206,1
104617,0
81230,0
42295,1
74544,0
24662,1
97780,0
32195,0
5836,1
20160,1
10814,1
55681,0
18877,1
20498,0
36586,1
76055,0
66858,1
63646,0
16622,1
38741,0
98771,0
86116,1
61514,0
30292,1
13726,1
28947,1
82064,1
98321,0
66009,1
83990,0
84588,0
32409,1
39424,0
10826,1
66316,1
93244,0
48590,1
40706,0
10512,1
39215,1
21327,0
24000,1
5697,1
58749,0
16645,1
62500,1
64300,0
37756,1
74106,1
22707,0
66667,0
75230,1
66695,1
40273,1
80797,1
76166,1
88234,1
44425,1
84227,0
53451,0
78128,0
9662,0
41590,0
72477,1
75269,0
104820,0
53444,1
33599,0
91648,1
13191,1
51271,1
61636,1
14395,1
88377,1
13706,1
11931,1
56271,1
190,1
53649,0
89992,0
10503,0
92837,0
47844,1
6092,1
25950,1
8057,1
58786,1
33117,1
45400,0
50316,0
489,1
74052,1
28078,1
91060,0
82865,0
37882,1
12174,0
50686,0
35212,1
94085,0
92322,1
53669,0
81560,1
32440,1
16087,1
31039,1
81686,0
104259,0
35728,0
97636,0
30037,1
22959,1
70749,0
96314,0
51369,1
103793,1
53696,1
16866,1
54778,0
74601,1
56378,1
39983,0
48109,0
78247,0
28073,1
100447,0
22371,1
87841,1
60396,1
73028,1
29597,1
38959,1
41258,0
39144,0
95768,1
96430,0
74817,0
88035,0
86283,0
88432,1
25665,1
17746,0
101463,0
97314,1
14533,1
74263,0
48779,1
32707,0
55231,0
5322,0
21094,1
37940,1
96586,1
22915,0
99073,1
82932,1
94920,0
71340,1
47265,1
62685,1
30727,0
10095,0
1352,1
69921,0
8097,1
48334,0
4219,1
86882,0
83222,0
104001,1
73050,0
79552,0
54224,0
160,0
77564,0
69572,0
39546,1
66842,1
67459,0
21790,1
72500,1
44999,1
26078,0
46299,0
101637,1
68085,0
99055,1
15602,1
54787,1
14068,1
103211,0
90167,1
38361,0
3340,1
1397,1
48435,0
51896,1
47564,1
41371,1
32127,1
104306,1
74887,0
57050,0
80857,1
54103,0
64133,0
50605,1
1462,1
54191,0
103513,0
92335,0
41063,0
61034,1
25814,1
104108,0
59524,1
3481,1
67968,1
103945,0
12259,0
71993,1
59939,1
22584,0
97326,0
45549,0
100037,0
58253,1
7035,0
5754,0
32798,1
26311,0
38827,1
14245,1
76980,0
34659,1
103046,1
42434,0
17096,1
100703,0
103294,0
14763,0
33264,1
58953,1
23877,1
48378,1
35775,1
54764,0
61557,0
95049,0
11341,1
61383,0
92337,1
86286,0
89771,0
92797,1
179,1
89530,1
41441,1
27956,0
88493,0
42716,1
20136,1
22139,1
104432,1
69244,0
99267,1
70123,0
22255,0
42088,0
58751,0
7260,1
55454,1
60032,1
85194,1
71121,1
92203,0
44152,1
52024,1
36250,0
13357,0
32144,1
11061,0
85393,1
22414,1
99223,1
14487,0
71036,1
51031,0
93909,1
85228,0
17799,0
51999,0
31753,1
46395,0
22835,0
96486,0
15963,0
6937,0
58872,1
28024,1
50452,1
17149,0
98423,0
819,0
67375,1
25937,0
14579,0
99430,0
95190,1
44985,1
56440,1
49140,0
48574,1
3425,0
52845,0
30739,0
70951,1
17697,1
87656,0
10606,1
68311,1
56214,1
97619,1
48589,1
102023,0
20770,0
64043,1
90663,1
42987,0
97924,1
77435,1
10511,1
21969,1
98633,0
85276,0
63709,0
10730,1
19019,0
54299,0
37206,1
104620,1
51144,1
19800,0
8029,0
17754,0
10086,1
37830,0
32463,0
76577,1
100598,1
36788,0
1543,1
99180,0
68113,1
64842,0
28476,0
66488,1
103121,1
79712,1
43529,0
81086,0
63565,0
63348,1
16854,1
85012,1
70539,1
26074,0
57688,0
31287,1
50804,0
1067,1
68589,1
93262,0
13756,1
74281,0
23409,1
40812,0
79992,1
53626,1
53112,1
33608,1
38989,1
99365,0
1075,1
25328,1
71643,1
102538,0
23434,1
97413,1
80418,1
94079,1
18074,0
80249,0
65570,1
59396,0
75487,0
84604,0
16171,1
32674,0
62656,1
85608,0
6577,1
43733,1
94270,1
30765,1
35739,0
14223,1
47983,0
73566,0
28347,1
100025,1
65299,0
101472,0
79091,0
4961,1
94586,0
75496,1
102366,0
32386,1
51920,1
90670,0
66278,1
95043,0
68974,0
76491,1
43304,1
40400,0
101988,0
31572,1
31929,0
66915,1
52358,1
32345,0
89038,0
11625,0
84076,0
41691,1
30264,0
59146,1
20579,1
36076,0
35966,1
81293,0
33692,1
60976,0
1941,1
59635,0
31356,1
39929,1
102734,0
95591,0
87340,0
101056,1
54600,0
858,0
34279,1
16419,0
74326,0
29395,1
48678,1
2673,1
63067,0
57412,0
74148,0
52503,1
39477,0
102972,0
15969,0
71473,1
16888,1
63196,0
69867,0
86893,0
57286,0
59422,0
3097,0
37963,0
85259,0
44310,0
96895,1
86845,0
37022,1
60925,1
60159,1
40913,1
24488,0
65778,1
100364,1
87300,0
97482,1
9249,1
83475,0
57860,1
83863,1
60415,1
30182,1
46053,1
63574,0
73728,0
44099,1
41195,0
102221,1
73741,1
86760,0
89614,0
71987,0
19829,0
20256,1
8397,0
57748,1
90763,1
91738,0
68402,0
102599,0
21624,1
74795,1
60619,0
77484,0
34543,0
39890,0
58048,1
81177,1
82441,0
61567,0
44945,1
21568,0
20998,0
93610,0
101273,1
100380,0
3401,0
88930,1
62534,1
17536,0
62542,0
84994,0
44146,0
13666,1
14780,1
31395,1
38859,0
44785,0
51641,1
83280,0
75632,1
25923,0
34538,1
26692,0
63208,1
10733,0
51207,1
50391,1
95625,0
23291,1
46951,0
3657,1
54901,0
32393,0
61619,0
98495,0
62740,1
85559,1
9561,1
27176,1
45175,0
55378,0
6874,1
79629,1
19828,1
31399,1
45230,0
40701,1
15847,1
82969,0
51591,1
25188,0
97735,0
89474,0
87159,0
54397,1
94073,1
3469,1
59330,1
99140,1
34049,1
20399,1
1109,0
91559,1
85539,0
22051,0
29137,1
8959,0
1042,0
5215,0
100760,0
72986,0
97372,1
933,1
103115,0
100071,0
15672,0
66164,1
90390,1
46422,1
44682,0
41437,0
33166,1
31174,0
21494,1
44754,1
74425,1
101823,1
68463,1
62670,0
6213,1
50361,1
74673,0
50770,0
104075,0
9451,1
50266,1
73466,0
95619,0
18986,1
10054,1
40918,0
79157,1
14587,1
23462,1
61013,0
22891,1
46827,0
13611,0
25849,0
73212,0
61804,0
85550,1
93543,1
93147,0
56747,1
55592,0
64966,1
58845,0
61470,1
34559,0
15486,1
37537,1
21265,1
101401,1
95590,0
18173,0
91543,0
25425,1
10543,1
35534,1
41887,1
27849,1
60643,1
104479,1
58250,0
51226,1
34619,0
9772,1
35792,0
89296,1
61104,1
42108,1
83925,1
85590,1
71760,1
7409,1
31655,1
98419,1
51155,0
94814,1
30538,0
79166,0
47672,0
101698,0
85134,1
75393,0
73283,1
2961,1
34075,0
81784,0
62566,0
86924,0
13895,0
35164,0
66187,0
15210,1
73446,0
22451,0
62918,1
103248,1
53028,0
46301,1
2041,1
45116,0
88655,1
52412,1
3759,0
57141,1
73059,1
71524,0
27535,0
31264,0
67304,0
23125,0
75964,0
66398,0
51189,0
27916,1
31233,0
62283,1
35829,0
53499,0
80273,1
57785,1
39245,1
16396,1
49658,1
44474,0
46271,1
93839,1
8933,1
62462,1
19721,0
28674,0
92279,0
29936,0
79402,0
11511,1
70343,0
77104,1
79094,0
75340,0
60348,0
88124,1
63051,1
41158,1
65283,0
67156,0
69509,0
39717,1
17644,1
16970,1
84964,1
39629,1
22582,1
98166,1
99523,0
1949,0
77254,0
67673,1
76022,0
28044,0
43553,1
100520,1
46036,1
11261,0
72124,1
86497,0
90918,0
75255,1
19248,0
10082,1
20586,0
34034,1
38290,1
38740,1
90934,1
32716,0
62826,0
9577,1
12690,1
61118,1
32831,0
76291,1
98215,1
14266,0
91287,0
48261,1
93608,1
76149,1
70871,1
14217,0
50095,1
50107,1
39652,1
16268,1
85814,0
3516,1
39634,0
104165,1
7412,0
26494,1
31921,1
22564,0
60096,1
20109,1
1861,0
100953,1
81990,0
91864,0
35302,1
18104,1
89179,1
58397,1
92646,0
16632,0
63351,0
22152,1
96421,0
61095,1
63059,0
30472,1
103530,0
80515,0
29982,0
25533,0
35895,0
103551,0
98267,0
14614,0
100075,0
23077,1
66638,0
7292,0
27673,0
91917,1
104809,1
2717,0
84727,1
68348,1
22681,1
51887,0
30945,0
33371,0
43210,1
55849,0
26334,1
243,0
25070,1
45473,1
12991,1
87486,0
95661,0
95958,0
1011,0
75638,0
72747,1
80490,0
25332,1
75320,1
63505,0
12549,1
53212,1
101126,0
38632,1
21261,1
10228,1
92156,0
85703,0
46407,0
34036,1
20629,0
72498,0
4228,1
74854,1
8913,1
96355,0
69287,1
95396,1
89437,0
17277,1
71278,1
48297,0
15375,0
26600,1
57959,1
50921,1
10374,1
52683,1
54657,1
60089,1
27048,1
86175,0
37851,0
91105,1
68901,0
103602,1
34376,1
74041,1
38627,0
63312,0
80498,0
14267,0
88002,0
63441,0
88805,1
21805,1
87230,1
17523,1
97714,1
58756,0
77547,0
304,0
94221,0
32024,1
73834,0
37926,0
33990,1
79242,1
98793,0
86031,0
9948,0
76215,1
44613,0
29837,1
71363,0
5555,1
35898,0
68533,0
29378,0
11815,0
96271,0
87282,0
48627,0
32612,1
26071,0
8316,0
56069,0
99143,0
36752,1
89350,1
99009,0
17400,1
17338,1
74656,0
7048,0
13147,1
81402,0
45258,1
26253,1
975,1
39113,1
93363,1
84170,1
16549,0
66491,0
85715,1
32705,1
86073,0
83729,0
85898,0
24694,0
23046,0
56296,1
69163,0
72480,0
60560,1
95349,1
96180,0
32969,0
78865,1
65397,0
30261,1
90173,0
18863,0
45029,1
98278,0
29555,0
47794,0
38133,1
78542,0
28693,0
75473,0
75119,0
81256,1
86836,0
9320,1
46729,1
43765,1
100839,1
30402,0
48660,1
10888,1
85223,1
58958,1
66007,1
20351,1
73012,0
54190,1
102060,0
37379,1
17344,0
68383,0
89612,0
585,0
15347,0
97034,1
76174,0
68715,1
40690,0
38553,1
32279,1
16621,0
91185,1
81465,1
25722,1
25454,1
82976,0
70331,1
99845,0
61794,0
10130,0
14997,1
97377,0
49330,0
56340,0
101879,1
15173,1
41715,0
50287,1
31674,0
40154,1
61968,1
51044,1
34261,0
33988,1
28930,1
52225,0
89636,1
35823,0
12806,1
55397,0
97415,1
97922,1
88567,1
67586,0
33153,0
93629,0
74122,0
7867,0
71595,0
68133,1
8804,0
80598,0
98467,0
59806,1
78596,0
60429,1
92804,0
101716,1
12851,0
49304,0
62009,1
53935,1
83386,1
70708,1
78593,1
30911,1
75287,1
56780,1
1454,0
42725,1
58424,0
86199,0
71434,0
82294,1
21083,1
86616,0
60693,1
16158,0
39581,1
8957,1
52226,0
79152,0
37141,0
28242,1
85866,1
81615,1
76178,1
59041,0
7380,1
44833,1
45563,1
7877,0
9811,1
54097,1
38337,1
46567,0
34361,1
10414,1
100200,0
44453,1
43677,1
22357,0
77941,1
42401,1
83030,1
75326,0
2272,0
45718,1
37943,1
7484,0
45208,0
15707,0
10657,1
8470,1
64925,0
55740,1
32927,1
30436,0
31396,0
43158,1
37003,1
85816,1
57122,1
42202,0
80025,1
60860,0
38628,1
93745,0
99566,1
32945,0
72350,0
38116,0
99209,1
69756,1
40720,0
6650,0
90583,0
91204,0
31097,0
93653,0
25867,1
32036,0
30440,0
39675,1
25307,1
15929,0
13766,1
93797,1
83325,1
101506,1
102621,0
42431,0
7723,0
67948,1
75562,0
24631,0
54685,1
70131,1
1668,1
3258,1
46469,1
82766,1
11311,1
66429,0
95040,1
76913,0
24193,1
16527,1
99071,0
2894,1
18304,0
35285,0
68067,0
56465,0
43534,0
78200,1
28500,0
15945,1
13391,0
52478,1
66433,0
29303,0
92286,1
29709,1
89772,0
46527,0
46026,1
63870,1
71129,0
78795,0
42733,0
38779,1
15284,1
32223,1
52785,1
66836,0
93182,1
36406,1
79654,1
49007,0
300,0
396,0
22349,1
76349,0
43043,1
48071,1
26960,0
55632,0
29033,1
7931,0
96339,1
21466,0
61612,1
62712,1
98068,0
102432,1
56039,0
59442,0
69129,1
48139,0
89643,1
6656,1
89373,0
67474,0
18518,1
1082,1
10968,1
93455,0
50523,0
31418,0
55084,0
51512,1
31615,1
83695,1
3431,0
29624,0
12003,0
53237,0
61345,0
94088,0
88401,1
28724,0
100859,1
52667,0
65612,0
63023,1
56634,0
22409,1
37637,1
6575,0
15190,0
51329,1
31668,0
51161,0
46072,1
50511,0
61818,1
83054,0
77635,0
61573,1
29817,1
34396,0
48133,1
33432,1
94178,1
49949,0
4439,1
60983,1
4122,1
42995,0
31195,1
57202,0
81162,1
82349,1
17060,1
35433,0
44823,1
3361,0
97956,1
484,0
6624,0
88772,0
30339,1
71698,0
68650,0
42178,0
88237,1
50441,1
17833,1
10793,1
31315,1
89837,0
92937,1
74700,0
7449,1
38443,1
88192,0
55758,0
67973,1
42268,1
30154,0
73222,1
101454,1
94681,1
101387,0
24035,0
77354,0
7629,1
80696,1
96422,0
72655,1
15901,1
68519,0
90066,0
66715,1
95704,1
775,0
80705,1
63873,1
65565,0
25066,1
94260,0
94156,0
64870,0
46682,1
49271,1
48008,1
40643,1
75847,1
69648,1
73979,1
94072,0
71219,1
98129,0
37301,0
66443,0
2416,1
98953,0
99898,1
20075,0
11430,1
44368,1
10868,0
43883,1
11626,0
77864,0
57269,0
39400,1
32367,1
103034,1
29046,0
12952,0
5452,1
65430,1
67865,1
88235,0
28169,0
72824,1
46435,1
33047,1
25664,0
79204,1
80312,1
55296,1
83251,1
103474,1
64050,0
44350,0
49686,1
38547,0
73903,0
41476,0
41740,0
52693,0
37588,0
49748,0
7451,1
15388,1
3588,0
74642,0
97611,0
81968,1
61495,0
103483,0
88072,0
24946,0
65089,1
28841,1
66366,0
23871,1
64677,0
95406,0
60935,1
32115,1
45272,1
21641,1
61513,1
66095,1
30019,0
1937,1
3050,1
93544,0
39060,0
59568,1
64401,0
49820,1
35383,1
9405,0
70365,1
55310,0
64803,1
20062,1
92633,0
72800,0
60961,1
73108,0
35090,1
36536,1
90765,0
24220,1
80324,0
54676,0
35770,1
73334,1
41165,0
77439,1
19752,0
80588,1
86457,1
58480,0
59130,0
61788,1
97234,0
81566,1
85004,0
44826,0
40036,0
51698,1
85292,1
91703,1
12441,0
22170,0
67934,0
98694,0
75657,1
73002,0
7145,0
10165,0
51145,0
50113,1
17749,1
18452,0
93759,0
63387,0
96462,1
22687,0
81714,1
63592,1
52836,0
62339,0
44988,1
93842,1
366,1
14864,0
8222,0
9840,1
101205,0
7074,1
42187,0
41451,0
27367,0
14640,0
2927,1
38353,0
45666,1
101445,0
90766,0
84695,1
28173,0
37051,1
11310,0
48358,1
88244,1
4809,0
57288,1
36127,0
37087,1
78268,0
43776,0
89682,0
61295,0
11478,1
54580,1
24069,0
93221,1
58444,0
23634,1
95814,0
38473,0
19583,1
34825,0
94277,0
83566,0
37671,0
103677,1
43449,0
60090,0
92899,1
34690,0
21246,0
82042,0
30893,0
52548,1
92536,0
69611,0
41915,1
28645,1
47097,0
62946,0
6495,0
21434,1
13564,1
93762,0
86640,0
5164,0
99186,0
21982,1
82962,1
61623,0
65030,0
47302,1
12203,1
95906,1
52304,0
82541,1
88194,0
48032,1
38036,1
30012,1
94970,0
23425,1
85812,1
80866,0
26194,0
22403,1
86780,0
97623,1
43836,1
57888,1
6480,1
98624,0
68669,0
6608,0
103785,1
54173,1
21102,0
62374,0
84449,1
102842,0
103078,1
96614,0
16132,1
17452,1
100551,1
81516,0
35077,0
72163,0
32252,1
40421,0
13361,1
93332,1
30090,1
34020,1
11189,1
62660,1
395,1
96723,0
50564,1
2150,1
53539,0
103275,0
38163,1
32513,0
102849,1
48586,1
46005,0
101961,1
81538,1
40649,1
4845,1
20334,1
80221,0
62459,0
86524,1
10062,1
21983,0
32426,1
46195,0
36945,1
33137,1
44057,1
34447,0
94707,0
36143,0
53348,1
12632,1
20907,1
46727,0
98014,0
94211,0
40927,1
11761,0
60321,0
26963,1
18870,1
34494,0
30738,0
98209,0
24538,0
82568,1
73948,0
17689,1
25053,1
20246,0
80967,0
48556,0
58467,0
28766,1
100000,0
14000,1
95439,1
42404,0
93967,0
91719,0
9931,1
73063,0
52582,0
58220,1
46768,0
79827,1
91318,0
23057,1
28669,1
90258,0
8384,0
95409,1
44536,1
14110,0
30745,1
50013,1
91368,1
96611,0
4171,1
101177,1
68011,1
13417,0
87923,1
16934,1
101247,1
1622,0
80250,1
86482,0
73149,0
52690,1
39858,0
18357,0
50975,1
103299,0
90006,1
38868,1
93662,0
83397,0
35449,1
28913,0
101250,0
35453,1
99324,1
58860,0
75231,1
99975,1
7736,0
2396,1
88668,0
54519,1
96605,0
4746,1
85019,1
52973,1
94680,1
90110,0
65632,0
24484,0
39325,0
86276,0
94567,0
46903,1
91891,1
35758,1
93093,0
92082,1
43219,0
90881,0
97505,1
62281,1
89934,0
51538,0
104023,1
67267,1
22075,1
85414,1
48675,0
77819,1
94927,0
104392,0
89887,1
47456,1
3725,0
58748,0
42093,1
37031,1
12398,1
12575,0
42857,1
59863,0
77433,0
32980,0
1062,0
55728,0
253,0
72331,1
65068,1
85109,1
69672,0
86065,0
71241,1
53927,0
25009,0
53293,1
25018,0
72793,0
18394,1
94257,1
96660,0
92849,0
101347,1
17207,0
14002,1
4749,0
65295,0
103537,0
75310,0
2585,1
15897,1
41778,1
1019,0
102503,1
86564,0
77860,1
41105,0
67283,1
79072,1
21528,1
68147,1
56184,0
84373,0
53947,0
49229,0
18326,1
63982,1
80411,1
81033,1
89796,0
13922,1
77984,0
31353,1
77234,1
67867,1
71671,0
26137,1
98858,0
17463,1
50810,1
103257,0
33997,0
29349,1
59562,0
37493,1
5583,0
5566,1
64422,0
65647,0
96273,0
42250,0
870,1
88129,0
92108,1
11834,0
63977,1
19648,0
63897,1
62176,1
68009,1
89539,0
68271,1
103669,1
69924,0
88631,1
28449,0
13585,0
95501,1
12682,0
80137,1
99967,0
86571,1
10492,1
24513,0
5542,1
14539,1
104239,1
78791,1
9559,0
40445,0
52805,0
94902,1
98442,1
33465,1
59342,0
19007,1
31156,1
30462,1
88854,1
43679,1
68408,1
102863,1
40924,0
90573,0
50944,1
53972,1
50497,0
76804,0
44394,1
31939,1
101421,0
33026,1
101781,1
16614,1
100498,0
96635,1
33190,0
99893,0
54315,0
64871,1
64447,0
54699,1
2753,0
104220,0
55008,1
77716,0
93128,1
99380,1
93516,1
8934,1
24134,0
2891,1
69796,0
14404,1
15640,1
21951,0
5630,1
12389,0
3954,0
40791,0
93644,1
14023,1
41317,0
56655,0
83975,0
89158,0
69130,1
40519,1
83879,0
17844,1
20954,1
34591,1
74774,0
41696,0
33882,1
50302,1
53309,0
16239,1
59833,1
26112,0
26019,1
11338,0
98206,0
65090,1
81544,0
34226,0
57825,0
82316,0
64707,1
24002,1
976,0
77559,1
71292,0
58029,1
71992,0
101086,1
28480,0
37102,1
22666,1
8612,0
93011,0
62075,1
42256,1
32262,1
92352,0
32288,1
5220,1
14318,1
57791,1
89576,0
81646,1
64893,0
100333,1
7176,1
104356,0
58418,1
78119,0
64085,1
50115,0
92189,1
19753,0
29391,1
89395,0
104810,0
15254,0
15825,0
91140,0
9523,1
38803,1
72120,0
74756,1
62179,0
17465,0
27883,0
17049,1
81867,0
26730,0
57671,1
58934,1
22661,1
63877,1
76530,0
63797,1
70238,1
60188,1
45145,1
15643,1
13658,1
56591,0
68169,1
84140,1
86226,0
88440,1
92696,1
71696,0
27076,0
94571,0
10468,1
65512,0
100930,0
44137,0
101947,1
62808,1
548,1
94094,0
73493,1
8953,0
96965,0
39068,0
84921,1
99164,0
42836,1
25589,0
42984,1
43092,0
93020,1
79164,1
99178,0
38306,0
48588,0
77538,1
80235,0
40839,0
83059,0
77088,1
41566,0
92592,1
103212,1
31619,1
11465,0
89384,0
62859,0
896,0
59836,1
64232,0
24217,0
86490,0
20806,0
79537,0
92117,0
34727,1
68238,0
34854,1
90025,0
610,1
91252,0
63980,1
35978,1
57047,0
97489,1
72316,0
66837,1
29486,1
59966,1
23004,1
55143,1
56290,1
10900,1
52010,0
1286,0
38253,1
52827,1
90957,1
22080,1
61919,1
72583,1
3070,0
49791,0
42373,0
17292,1
66287,1
63434,1
45370,0
1395,1
53697,0
8838,1
103083,0
26980,1
32998,0
38895,0
19580,1
7966,1
24017,0
38839,1
85987,1
21060,1
91632,0
73216,0
81590,0
26697,0
92395,0
97962,0
82531,1
44830,1
24213,0
102326,1
2130,0
17480,0
41011,1
12160,1
20637,1
40240,0
38216,1
71843,0
34076,0
10530,1
14911,1
102633,1
48831,0
57528,0
97629,0
80116,0
40561,1
20939,1
79146,1
14580,0
86750,0
61785,1
43231,0
71345,1
99790,1
99660,1
91563,0
89044,1
38248,0
7891,1
85540,1
5998,0
94360,0
67139,1
12440,1
94615,1
85142,1
5056,1
9830,1
78978,0
45806,1
50472,1
32000,1
70848,0
71377,1
58959,0
17082,1
72474,1
44455,0
15466,1
20524,0
86176,0
22396,0
33440,1
10157,0
55707,0
33105,1
40725,0
10150,0
88572,0
44181,0
34283,0
51745,0
99895,1
94624,1
30371,0
70641,1
58752,1
63099,1
62010,1
14169,0
53640,1
24152,0
78302,1
37190,1
87268,1
89147,1
27538,0
86895,1
35932,1
3541,0
13818,1
6519,0
44239,1
72606,1
45033,0
60226,0
62330,1
69354,1
97961,1
11057,1
77131,1
85437,0
19851,1
90345,0
13046,1
16930,1
41148,1
11830,1
99086,0
89949,1
75664,1
70358,0
47021,1
85289,1
56640,0
26946,0
69309,0
74667,0
78541,1
75186,0
46553,0
14,0
24770,1
47155,0
65974,1
74908,1
41966,0
26207,1
69833,1
79468,0
6614,0
26099,1
48463,1
59361,1
97808,1
39805,1
11230,1
20066,0
90254,0
51479,0
32479,0
6475,0
59385,0
60448,1
28780,0
21023,1
84816,0
79904,1
68636,0
49099,0
66580,0
83612,1
18325,1
31507,1
47675,1
35217,0
91300,0
93727,1
91943,1
13685,1
91672,0
71251,1
14062,1
72076,0
49427,1
77521,0
38687,1
37489,1
22616,1
80747,1
36628,0
33425,0
54101,1
19950,0
72795,0
76700,1
7221,0
5534,1
101479,0
51998,1
18391,1
27611,1
21958,1
19780,0
84479,1
82950,1
81609,1
71943,1
845,1
80243,0
69600,1
46200,0
9998,0
37014,0
49915,1
45425,0
52261,1
91106,1
104703,1
39482,0
80262,0
4918,1
83036,0
9284,0
97656,0
39085,1
25738,0
20045,0
74552,0
54231,1
11411,0
16437,1
9234,1
40822,1
97953,0
28388,0
45940,0
14447,1
95757,1
92565,0
36310,1
60533,1
73048,0
85347,0
8938,1
39143,1
62611,1
59608,0
13076,0
92034,1
27308,0
62113,1
6356,1
37559,0
95128,1
62087,1
64469,0
80439,1
41983,0
22003,1
51569,0
68743,1
11318,1
3627,0
26037,1
92153,1
71164,0
45489,0
68112,0
15056,1
28399,1
50074,1
95542,0
22264,0
49803,1
25822,1
1150,1
44408,0
60875,0
53791,1
28316,1
25855,0
33711,0
33578,0
78996,0
88586,0
81070,1
96350,0
75398,0
19202,1
47023,0
100167,0
101277,0
15903,1
1143,1
54949,1
31847,1
56916,0
98145,1
37133,0
49637,0
95215,1
51724,0
25685,0
51122,1
56901,1
6783,1
40944,1
43984,1
73480,0
65995,1
15484,0
28309,1
19988,1
5682,0
59813,0
29556,0
32050,0
25743,1
54087,0
63955,0
95414,0
324,0
79788,1
54637,1
2716,1
45074,0
91216,1
28071,1
32306,1
101711,0
50213,1
77366,0
19171,1
45947,0
23042,0
2900,1
25525,1
52879,1
18497,0
54914,0
83255,0
19329,1
24440,1
72050,1
103643,0
468,1
45963,0
87525,1
63250,1
86875,0
25056,0
100711,0
68061,1
40508,0
60237,1
97303,1
96054,0
85153,1
51744,0
29122,0
25964,0
87349,1
34059,1
34116,1
45336,1
1163,0
102020,1
26677,1
36698,1
14026,0
22010,0
20078,1
97997,1
3379,1
68752,1
38522,1
76255,1
30842,0
40118,0
65650,0
25073,1
42745,0
83896,0
86979,0
13445,0
52677,1
46211,1
14362,0
49865,0
84945,0
101889,0
103234,0
50594,1
91444,1
18802,0
663,0
36846,1
38916,0
55966,0
15998,1
8981,0
39857,0
19314,1
23853,0
96466,1
84650,1
15218,0
21756,0
100038,1
79073,0
22161,1
178,0
62352,0
60395,0
83354,1
80713,0
91149,1
490,1
53050,1
46913,0
88524,1
30294,1
2718,0
60299,1
21808,0
38001,1
46900,1
12581,1
34439,0
63085,0
77916,0
64647,0
24784,0
94348,0
13167,1
55636,0
22347,0
43949,0
38551,1
100020,0
4771,0
47824,0
9752,1
37103,1
44285,1
78334,0
38762,1
34692,1
75589,1
35320,1
6329,1
70443,1
101207,1
91646,1
79227,1
74325,1
43165,0
83715,1
34509,0
14766,0
95803,0
72178,1
73459,1
25255,1
34048,1
51876,1
88318,0
27185,1
59873,1
15782,0
102821,0
1513,1
14448,1
101228,0
7159,1
32248,1
56976,0
99181,0
77554,0
22740,1
66334,1
76765,1
30038,1
55490,0
34774,0
41958,1
30580,0
40677,0
73148,0
87543,0
97216,1
59832,1
53837,1
100966,1
7454,0
59140,1
12341,0
19713,0
16536,0
92368,0
75208,0
81878,0
33861,1
23369,0
18473,1
73595,0
4783,0
17972,0
9660,1
97356,1
14191,1
74370,0
79631,0
19570,1
15370,0
99872,1
22824,0
23613,1
89875,0
101333,0
30755,1
96484,1
53693,0
15022,1
61852,1
54545,1
82767,1
38485,1
45218,1
104586,1
28594,0
70861,1
38204,1
42730,0
73915,1
21359,0
88083,0
41639,1
95733,0
31095,1
68483,1
85536,1
46568,0
903,1
76566,1
11209,1
35382,1
20924,0
83068,1
39596,0
92374,0
101213,0
54398,0
88700,0
76377,0
44955,0
2258,1
4372,1
73845,0
46566,0
101328,1
59861,0
60920,0
36972,1
6279,0
102028,0
21683,0
90378,1
67547,0
91572,0
56346,1
14238,0
97888,0
40535,0
68728,1
9541,0
50363,1
14048,0
60856,1
33322,0
97672,1
7976,0
86944,1
16825,1
71314,1
8687,0
14515,0
40497,0
90972,1
89059,0
30973,0
86247,0
51216,1
84771,0
63958,1
24639,1
25041,1
90805,0
65057,1
84623,1
50913,1
52408,0
24861,1
71438,1
28002,0
2728,0
31785,1
21339,0
74547,1
47731,0
86443,1
48242,1
56268,1
46108,0
74974,1
56862,0
38425,0
62436,0
59363,1
411,0
88671,0
98901,0
86589,1
96481,0
6013,1
90496,1
41069,1
12646,1
83207,1
58852,0
56435,1
68122,0
28275,0
67363,1
44571,1
85819,0
28670,1
36921,0
9689,0
77502,1
102912,0
41411,0
34701,0
92939,0
62510,0
81212,1
13673,0
41931,0
8736,1
104414,0
41556,0
72826,1
30662,0
72756,0
103727,1
21366,0
22783,0
65153,1
2339,0
84396,0
67648,0
13794,0
81291,1
48514,1
75245,0
17236,0
49978,1
73488,0
41215,1
19444,1
59487,0
67849,0
41421,0
72595,0
68487,0
58562,1
15114,0
97194,1
70592,1
67013,1
42558,1
52812,0
79578,1
99764,1
69229,1
100623,0
36647,0
45656,0
30287,1
17949,1
21694,1
6139,1
3570,0
62501,1
19783,0
39686,0
87183,1
95686,1
40260,0
62696,1
22965,1
19419,0
3817,1
12062,0
70921,1
19690,0
60441,1
1695,1
32908,0
100284,0
77811,1
56554,0
84532,1
60887,1
103031,0
68902,0
90933,0
66710,0
100021,0
49829,1
7148,0
4539,0
69189,0
88474,1
63213,0
34808,1
35816,0
12083,0
40614,0
7792,1
73460,1
95108,0
540,0
74912,0
92327,1
33143,0
77434,1
49937,1
25798,1
15731,1
43852,1
99320,1
5970,0
18236,1
101415,1
1495,1
24240,0
83305,1
84819,0
48019,0
48535,1
81073,0
6647,1
54611,0
75640,0
18462,1
40553,0
247,1
33095,0
59086,0
63442,0
47640,0
71617,0
89397,0
50527,0
31977,1
22318,1
49755,1
55791,0
52263,0
102283,0
95021,0
51053,1
103210,0
6121,1
2422,0
40992,0
8693,1
25887,1
67569,1
64262,0
64605,0
90984,1
14920,1
41334,0
7549,1
1110,0
89894,0
103304,0
7309,1
3923,0
83031,0
101737,0
62606,1
61431,0
81160,0
16932,1
6702,1
43881,1
31301,0
99697,0
76672,0
50194,1
79210,1
24536,1
31967,1
34522,0
71353,1
66590,0
35972,1
56661,1
25061,0
35962,1
35985,1
26758,1
56150,1
85737,0
14440,0
47241,1
93572,0
9407,1
83800,0
37502,0
45695,1
49743,1
85541,1
87128,0
68176,1
40920,1
71201,0
32907,1
26149,0
5366,1
67646,1
35713,1
88964,1
88803,0
60011,1
31368,1
1021,1
97963,0
100678,1
12077,1
74109,1
56193,1
68216,1
37606,1
51073,1
34444,0
64729,1
80933,1
40494,0
89746,1
9669,1
12295,1
4779,0
82268,0
72126,0
56148,1
31134,1
2497,0
14860,0
60726,1
59732,1
66439,0
24194,0
13526,1
42417,1
92836,0
73720,0
3799,0
22021,1
51364,1
46237,0
101066,1
42484,1
68192,1
48713,1
78409,0
98811,0
80187,1
53260,1
23441,0
103540,0
78874,1
39958,1
65789,1
63478,0
16901,0
100458,1
56586,1
33700,1
6137,1
38677,1
72842,0
18957,0
19698,1
39948,0
3364,1
31801,1
83596,0
88424,1
20378,1
7986,1
32763,1
19249,1
1154,1
91297,1
10592,1
7489,0
58219,1
44887,0
96482,1
21837,0
17182,0
75410,0
92673,1
82824,1
34192,1
57146,1
101811,1
97900,0
64460,0
67773,0
96154,1
59800,0
85738,0
40024,1
99218,1
29025,0
37448,0
68430,1
42580,0
62293,1
45747,1
62978,1
26581,1
65023,1
72103,1
16469,0
2870,1
73113,0
34932,0
28105,1
38210,0
39527,1
24877,1
53356,0
17384,0
53143,1
53636,0
55667,0
67443,0
54302,1
42374,1
72844,1
62415,1
41208,0
5421,1
57728,0
70863,0
48294,1
70560,0
15972,0
42909,0
54836,1
33380,0
41036,1
53980,1
31557,1
104619,0
87854,0
26186,0
90474,1
35905,0
61716,0
58999,0
31707,1
41493,0
9142,0
96063,1
50690,0
102165,1
46412,1
42688,0
65108,1
11590,1
64286,1
21159,0
37678,0
4161,1
38722,1
70659,1
27681,1
10200,0
9015,1
47736,1
54786,1
67094,1
94518,1
92684,0
85555,1
96885,1
34979,0
71939,0
32421,1
63307,0
60209,0
80263,1
90346,1
60123,0
24565,0
28244,0
79707,1
54288,1
18363,1
21158,0
10972,1
32,1
96877,1
21806,1
75905,0
87103,1
75718,1
10317,1
99387,1
28420,0
94150,0
54178,1
27358,1
97957,0
33894,1
28891,0
17886,1
1084,1
41876,1
70699,0
35915,0
61192,0
50027,1
93924,1
23781,1
83221,0
89765,1
85872,1
51040,0
37888,0
70495,0
87640,0
10869,1
42535,0
15461,0
86546,0
54719,1
89075,0
9807,1
81829,0
103598,1
28552,0
22194,0
69330,1
55664,1
98574,1
28970,0
95702,0
63453,1
73891,0
24853,0
22025,0
89128,0
67983,1
45140,1
77138,0
37615,1
82310,1
45265,0
13217,0
45326,0
80023,0
57431,0
58869,1
2592,1
27091,1
38689,1
101334,1
88266,1
18140,1
88611,1
68981,0
84456,0
10887,1
96107,0
92497,0
24199,0
42890,0
5339,0
13717,0
13700,1
69957,0
18804,1
42892,1
73055,0
85151,1
55682,0
10835,0
43164,1
70147,1
85387,1
72440,0
81319,1
43814,1
92675,0
39373,0
48075,0
28879,1
33141,0
31052,0
97711,0
56666,1
75688,1
64543,1
59439,0
9961,0
49421,1
80800,0
17214,0
64100,1
32339,1
20513,1
47025,1
69859,0
87765,1
80311,1
48975,0
58907,0
57333,0
37618,0
64785,1
59391,0
1334,1
4288,1
24623,0
57877,0
65664,0
74898,0
78942,0
6949,0
74899,0
16751,1
83294,1
39432,1
40669,0
87223,0
71008,0
95549,0
71571,0
94493,1
95499,0
4677,0
57478,0
79688,0
33212,0
9653,1
59091,0
101088,1
77997,0
59700,1
1348,0
7318,1
92191,0
2235,0
11975,0
102675,0
72323,1
8602,1
37506,0
12648,0
40105,0
52951,1
45884,0
82005,0
55081,0
70857,1
69,0
1406,0
14874,1
13403,1
93760,1
53633,0
55123,1
21274,1
97440,0
77379,0
84874,0
75509,0
12183,1
52663,0
79049,0
96650,1
91614,0
8949,1
45684,1
69786,0
68380,1
85648,0
40647,1
55291,1
75701,1
62695,1
70324,0
89543,0
38682,1
73898,0
45165,0
89435,1
66377,0
37298,1
61717,0
46560,0
38114,0
78230,1
92562,0
28075,0
85771,1
7090,1
32546,1
94918,0
55750,1
16426,0
24857,0
101460,0
51671,1
82159,0
38849,1
31725,0
103372,1
20258,1
48017,1
49633,0
26003,0
45632,0
86084,1
4132,1
95503,1
49821,0
102772,0
104515,0
96591,0
17259,1
49540,0
87843,1
36834,0
31875,1
36255,1
83435,1
103994,1
32647,1
61679,0
79759,1
45997,0
66217,0
47300,0
2968,1
85907,1
38850,1
94919,0
67499,1
26895,0
28059,0
4578,0
29618,1
52543,1
58943,1
8783,0
95453,1
6212,1
17325,1
65032,0
52606,0
64004,0
36216,0
70850,1
60654,0
94644,1
65072,0
7938,1
18366,0
40569,0
64506,0
18132,0
91437,1
75725,0
85606,0
16213,1
75551,0
80338,0
89076,0
65734,0
66268,1
30490,0
38419,1
82978,0
102845,0
74754,1
21905,0
55874,1
83497,0
1873,0
62472,1
53843,1
7588,0
9272,1
40072,1
78999,0
70866,1
10668,1
17166,0
21435,0
61593,1
74451,0
26588,1
26282,1
41413,1
26578,1
68344,0
31505,1
100484,0
54804,1
89195,1
60711,0
56993,0
104826,1
13474,1
103311,1
82706,0
31886,1
40305,1
38454,0
54927,1
6428,0
9594,0
38758,0
9080,0
75023,1
25728,1
54202,0
28868,0
60426,0
37112,1
37523,1
78649,0
85455,0
43729,0
85851,0
42020,1
39533,0
25460,0
64597,1
95579,1
54705,0
101528,1
29064,0
58175,0
53142,1
87372,0
75884,1
103515,1
81879,1
721,1
23226,0
26369,1
59012,1
90196,1
21326,0
77763,1
40799,1
95544,0
10507,0
69532,0
16450,0
77605,1
69396,0
26623,1
42727,1
96392,1
26614,0
49272,1
35340,0
28223,1
96196,0
30380,1
30607,1
38373,1
3076,0
36249,0
15208,1
36935,0
72751,1
83814,1
83770,1
85600,0
30247,1
97796,1
97429,1
98788,0
72888,0
1493,1
67686,0
19599,0
92341,0
5178,1
40117,0
64658,0
94757,0
45038,1
8107,0
82139,0
26845,0
4479,1
86076,1
18777,0
56995,0
53766,1
84927,1
43865,0
17590,0
102381,0
102882,0
101393,0
30712,0
27922,1
10079,0
79476,1
68107,1
11229,1
91494,1
5010,0
62858,0
79041,0
13637,0
82179,1
82273,0
59933,0
49453,0
90102,0
22626,0
36496,1
8677,1
52766,0
14628,0
15348,1
47575,0
47931,0
93878,0
45554,1
62598,1
17011,0
41388,0
76742,0
10281,1
49368,1
30164,1
22946,1
18761,1
46865,1
73128,0
42612,1
21005,1
72035,1
55422,0
19836,1
101759,1
57861,0
82500,0
15753,0
18828,0
62416,1
16090,0
47402,0
8008,1
91451,1
429,0
71120,0
28419,0
17052,0
80094,0
102447,1
55976,1
39013,1
75620,1
96224,1
20683,1
86914,1
30022,0
66673,1
10035,1
97853,1
86441,0
45906,1
43234,0
49227,0
41088,1
66711,0
67539,0
30771,1
35089,0
98003,0
26558,1
47285,1
93326,0
64033,1
8350,0
28084,1
29554,1
94155,1
67632,1
70601,1
52600,0
25044,1
39619,0
53942,0
72745,1
35620,1
78623,0
27212,1
72956,1
104733,0
8191,0
101546,0
98008,1
68645,1
1783,1
50612,1
11188,1
43954,1
50436,1
28532,1
20464,1
3027,1
98457,1
60873,1
74684,1
58002,0
17387,1
36816,0
1467,0
56393,1
24508,1
68671,0
33306,0
19063,1
69973,1
77862,0
15193,0
56472,0
536,0
76998,0
69723,0
3138,0
1578,1
54710,0
6398,1
92615,0
19415,0
60706,1
36287,0
88541,0
69689,0
44445,0
51589,1
98850,0
51091,0
33310,1
57990,1
26482,0
64941,0
54577,0
76675,1
29507,0
48638,1
42039,1
26769,0
70686,1
7912,0
104128,1
40555,1
28100,0
23078,0
83371,1
9727,1
43441,1
71573,1
85678,0
94965,0
48295,0
36759,1
64054,0
22595,0
8385,1
55265,0
102350,1
39509,1
24235,0
64982,1
70019,1
4272,0
42513,1
74006,1
16538,0
72376,0
46300,0
80605,0
91109,1
39994,1
53159,0
45603,1
77823,1
45391,1
4367,0
96819,0
53846,0
26618,0
88823,1
74607,0
100913,0
69301,1
30426,1
61308,1
74813,1
43948,0
39112,1
104368,1
77653,1
41672,1
87263,0
31471,0
13681,0
44680,1
71031,1
38164,1
78648,1
36338,0
78507,0
60078,1
84195,1
93257,0
5824,1
34405,0
51019,1
94480,0
66510,0
74022,0
52229,0
76936,0
103997,0
93518,0
84323,1
10541,0
75801,0
3597,0
5933,0
96447,0
63635,1
89331,1
17663,1
50701,0
29339,1
92749,0
68413,1
93521,1
68685,0
95986,0
56944,1
6474,0
18905,0
42779,1
33321,0
82107,1
24697,0
65266,0
100235,0
16813,1
18249,1
20722,0
80198,1
74037,0
92145,0
23026,1
45164,0
95322,1
15100,1
6721,0
4065,1
90166,1
62434,1
47958,0
24885,1
17056,1
4011,0
78353,0
71812,0
73181,0
81119,1
15948,0
27131,0
25520,0
85016,1
81105,0
94802,1
16412,0
23729,0
61010,0
99091,0
87972,0
65822,0
76701,0
63951,0
83614,0
9825,1
1939,0
33339,1
26865,1
74077,1
55967,1
95,0
33571,1
85492,1
6878,1
79429,0
44903,1
102117,0
68946,1
88978,1
24886,1
84464,1
11923,1
48580,0
104217,0
23895,0
26843,1
91802,0
3014,0
20364,0
87547,1
55317,1
55445,0
38505,0
103021,0
103140,1
24127,0
51047,0
80842,0
11161,1
68472,1
38626,1
34300,1
54402,1
74397,0
30732,0
78149,0
51478,1
32896,0
42200,0
48064,0
97005,0
76170,0
50220,0
84568,1
13550,0
69986,1
86842,0
48892,1
22758,0
64639,1
8459,1
56355,0
81736,0
87371,1
725,0
88443,0
30694,1
82088,1
90688,0
54400,1
34634,1
1970,1
67575,1
41271,1
1742,0
12523,1
61352,1
77458,0
98500,1
96412,0
59476,1
8520,1
6797,1
78716,1
76292,0
62469,0
13859,0
101052,1
101351,0
100584,1
51877,1
5214,1
32628,0
7786,1
93798,1
22949,0
41911,1
40656,1
30050,0
9545,0
74123,1
90086,0
97318,0
82092,1
48076,0
28448,0
29592,0
47655,1
64736,0
15652,1
42926,1
54903,0
85017,1
102278,1
46405,0
10827,0
51183,1
63234,0
36997,0
87499,0
60287,1
101117,0
24274,0
64109,1
39177,1
23137,1
86121,1
38690,1
64889,0
97547,1
82961,1
3798,0
83428,0
83215,1
36132,0
67627,1
28911,0
92307,1
29833,0
40958,0
16522,0
98651,0
64800,0
80280,0
85090,0
98794,1
40885,0
77282,0
62863,0
39736,1
66665,1
101053,0
92507,0
96416,0
51086,0
56750,1
64220,0
4904,0
3113,0
13073,0
74888,0
74911,0
92231,1
75566,0
40275,1
99880,1
67617,1
47039,0
6914,0
27807,1
96238,0
56616,0
85508,1
76453,1
76821,1
9006,1
100321,1
25253,1
51939,1
52413,1
98527,0
11225,1
103155,0
80601,0
71717,1
78170,0
102656,1
41808,1
7550,1
77077,0
31809,1
28733,1
24145,0
35703,0
60360,1
100165,1
79355,1
80510,0
53336,1
32901,0
91796,1
65689,0
94097,0
99666,0
40581,1
95624,1
82089,0
103038,1
20035,0
52317,1
4676,1
53438,1
88719,0
260,1
49959,0
70194,0
12972,1
28924,1
67874,0
46339,0
2303,1
92259,0
22326,1
93057,0
72647,0
93084,0
9964,1
4750,1
20392,0
92922,1
95894,0
31937,1
78398,0
14451,0
53422,0
93270,1
98036,1
54208,1
50504,1
37966,1
4585,1
103666,0
103154,0
19106,0
12014,0
40413,0
87426,0
94601,1
87831,0
36650,1
6912,1
113,1
83061,0
54041,1
49236,1
78713,1
68079,0
4413,0
1865,1
39710,1
25609,0
98560,1
41695,1
80547,1
33917,0
15383,1
72207,0
64140,0
29370,0
48118,0
99648,1
67941,1
66448,0
68308,0
25863,1
76783,1
33177,1
94144,1
78380,0
87487,0
36323,0
67837,1
23397,0
59758,1
101996,1
46877,1
47176,1
66854,1
65489,0
48199,1
36625,1
13815,1
52913,1
90599,1
37478,0
87214,1
28996,0
93611,1
20546,0
37609,0
31792,0
76538,0
104415,0
26554,1
74933,0
83930,1
53627,1
8250,1
46656,1
79105,0
75416,0
70798,0
17924,0
50706,0
76306,0
37703,1
25124,1
27195,0
52551,1
89399,1
77148,1
90593,0
16827,1
95266,1
64613,1
44608,1
32405,1
35798,1
96988,0
100684,0
54450,1
30956,0
12817,1
174,0
25419,0
75337,0
19015,0
13070,0
59541,1
96316,1
84228,1
103116,0
26161,1
50365,1
92987,0
10214,1
29828,0
96410,1
28931,1
93557,1
17553,1
92304,0
61897,1
48092,0
24411,1
73953,1
49722,1
50788,1
63273,1
83035,1
12914,1
89685,0
91712,1
4391,1
63729,0
92133,1
52196,1
62084,0
14915,1
62626,1
4267,0
84962,0
79348,0
15187,0
60390,1
24603,1
37625,0
59444,0
51508,0
57708,0
53687,0
100108,0
36874,0
16281,1
103929,0
34210,1
20951,1
99453,0
81846,1
90549,0
44208,1
34269,1
43488,0
1466,1
50295,0
59857,1
11419,1
57369,0
59070,1
104438,0
66846,1
21526,1
43203,0
93208,1
15221,0
56388,0
12811,0
35407,1
88569,0
659,0
17518,1
92748,0
31667,0
9419,1
39552,0
62517,0
27767,0
52964,0
9040,1
72051,0
90837,1
24589,0
30169,1
76510,1
66726,1
84882,0
99127,0
101662,1
38848,0
21871,0
45280,1
30965,1
10997,1
74719,0
66263,0
18243,0
91223,0
101973,1
23874,0
100154,1
90236,0
81455,0
90021,1
80450,0
61467,0
55811,0
86070,1
100386,0
57265,0
101583,0
9953,1
26437,1
14863,1
694,1
29295,1
75789,1
95264,1
89537,0
96172,0
5999,1
72005,1
76083,1
50831,0
13130,0
22706,1
78646,0
40856,1
66828,0
5516,1
44769,1
90620,0
13615,1
35167,0
19351,1
64866,1
79943,1
95870,0
16320,1
100830,0
18114,0
48458,1
73351,0
81826,1
90269,1
35562,0
76972,0
3939,0
16728,1
51705,1
351,0
45981,1
74648,0
92389,0
45774,0
66555,0
79981,1
64795,1
36046,0
7158,1
88617,0
66674,1
86851,0
347,1
58055,0
54280,0
50700,0
64145,0
98627,1
59688,1
2778,1
43384,1
61493,1
23684,1
30565,1
58318,0
95077,1
96780,0
81371,1
80672,1
32257,1
16258,0
99904,1
13052,0
3998,1
71860,0
65500,1
554,0
13973,1
40425,1
101855,1
69217,0
61798,1
17105,1
58445,1
102523,1
56587,0
86326,1
99465,0
7256,1
91099,1
71895,0
1074,1
81242,1
36756,1
31029,0
72521,0
72090,0
38597,1
73817,0
26081,0
61986,0
15696,0
53954,1
38812,1
4075,1
93087,0
95957,1
69078,0
33845,1
72188,1
48881,1
71236,0
91255,1
77245,1
84031,0
74973,1
99043,0
35482,0
57992,1
25740,0
38919,1
66992,0
43202,1
91688,0
51305,0
40890,0
1837,1
85488,0
11420,1
84723,1
51296,0
52349,0
4872,1
9833,1
56684,0
67434,0
58853,0
77520,0
23481,0
82352,0
5546,1
94976,0
51065,1
48860,1
73661,0
10508,0
13467,0
40640,0
37883,0
86016,1
10390,0
54319,0
82408,0
84469,1
20500,0
68364,0
46240,0
37146,1
3187,1
89663,0
54272,0
80590,1
32192,1
71940,1
21101,0
38917,0
42037,1
42521,0
7650,0
45181,1
99821,0
70964,0
55844,1
100193,0
69726,0
20226,1
91031,1
91008,0
15801,1
100378,1
42850,1
100142,1
88389,0
55294,0
40717,0
49499,0
95367,0
90098,0
78833,0
8605,1
23263,0
21184,0
103453,0
18111,0
25407,0
44240,0
69664,0
22598,1
28999,1
39541,1
11973,0
57789,1
49914,0
66860,0
30992,0
95897,1
66918,0
61739,0
44712,0
59293,0
43821,1
13209,0
95465,1
101705,1
35782,1
20677,1
75202,0
22204,1
80160,1
75719,1
3118,1
17757,0
11599,1
1347,1
19154,0
64216,0
79269,0
82761,0
79061,1
84633,0
76514,0
13242,1
17065,1
89145,0
15176,0
28380,0
47510,0
100179,1
1515,0
89723,1
8070,0
37980,1
79949,1
103874,0
2761,0
77603,0
48747,1
64348,0
76374,1
49108,1
81750,1
57845,0
74339,1
77353,1
33242,1
44614,0
78098,0
77877,1
13709,1
13373,1
389,1
36311,1
432,1
59082,1
8306,0
98254,1
59941,0
64940,0
47440,1
29849,0
30723,0
53540,0
92343,0
91260,0
7296,1
5731,1
98433,0
45668,0
47283,1
66291,1
21631,1
47533,0
101015,1
88712,1
36240,1
93827,0
51760,1
79028,0
46374,0
3436,0
100777,0
30338,1
90490,0
17126,0
54391,0
92393,1
45375,1
47349,1
50861,0
7135,0
15922,1
53806,1
81457,0
20598,0
75066,0
42501,1
92874,1
60015,1
88901,0
11378,1
2152,1
9235,1
43691,0
32943,1
29923,0
34568,1
65378,0
56573,0
50241,1
35926,1
27607,0
44504,1
24738,1
100898,0
64757,0
19944,0
67312,0
77881,0
2681,0
95113,0
88676,0
26551,1
94415,0
5523,1
60185,1
6553,1
11709,1
40755,0
64994,0
31064,1
29382,1
29839,1
88834,1
37531,1
40815,0
67892,1
51619,1
88755,0
96892,0
88112,0
87735,0
27852,0
1440,0
16195,1
3363,0
100177,1
5973,0
51666,0
93168,0
99097,0
28293,0
54377,0
73365,0
14109,0
98191,0
72158,1
102652,1
79769,0
61399,0
74308,1
21285,1
99101,0
73467,0
9529,0
14158,1
56642,0
73490,1
17787,1
73506,0
383,1
41952,0
36700,0
69952,0
49418,0
973,0
69882,1
85321,0
15697,1
18280,1
93097,1
31371,0
99693,0
92390,1
104483,1
2496,0
86332,0
4207,0
83898,1
39749,0
86610,1
16860,0
81251,0
96817,0
75909,0
5537,1
29301,1
87245,1
60039,0
73737,1
28381,1
11697,0
57633,0
3482,1
37921,1
30367,0
10112,0
81273,1
104548,1
4120,0
57426,0
21607,0
84783,1
60989,1
24904,0
14795,1
74007,0
67386,1
104533,0
7127,0
60812,1
21324,0
16772,0
23737,0
97972,0
17652,0
85622,1
12165,0
87419,0
74029,0
66964,1
98355,1
48080,1
16830,0
84867,1
36090,0
16402,0
3569,1
24897,0
16637,1
81539,1
95608,0
52748,1
26011,0
85108,1
78738,1
86173,1
104573,0
26821,1
22643,0
54669,1
63061,1
44085,1
53107,0
87746,1
51206,1
103035,1
104621,0
29257,0
4461,0
17716,1
29475,1
98222,0
100474,1
79173,1
19676,0
4890,1
49268,0
80062,1
99273,0
1461,1
60740,0
83777,0
37162,1
13063,0
36532,1
68559,1
91371,0
43143,1
24888,1
34008,1
41029,0
84963,0
36485,1
79345,1
100766,1
59034,1
7534,1
22650,1
28964,0
67490,1
9044,0
20114,1
85382,0
44544,1
101859,0
37666,0
58951,1
40232,1
49036,1
33800,0
47978,1
48318,1
12702,0
70972,1
6004,1
58672,1
104835,1
1230,0
34554,0
47549,1
102452,1
91092,1
70829,1
87689,1
16263,1
98126,1
69368,0
34357,1
69147,0
75672,0
66501,0
76365,1
6419,1
78961,0
4185,0
94815,1
25269,0
104351,1
78981,0
45062,0
443,1
25126,1
12848,1
66036,1
46437,0
46030,1
10455,1
56490,1
100286,1
24467,1
43939,0
90915,0
29900,1
6680,1
64753,1
98775,1
10809,1
84894,0
1692,0
917,1
101833,0
28599,0
56649,1
71305,1
51403,1
42678,1
90306,0
68043,1
78926,1
9526,1
73721,1
65917,1
16032,0
4590,1
27172,0
67785,0
18109,0
65375,0
40393,0
86341,1
52547,0
94768,0
92625,1
49275,1
87725,1
36109,0
28656,1
69752,0
38274,1
50447,1
9150,1
4265,0
25259,0
87082,1
38065,1
30675,1
40654,0
29739,0
25954,0
80454,1
69869,1
20393,0
73971,1
63921,1
7833,0
68922,1
87703,0
42654,0
7806,1
97612,0
5479,1
71649,0
76210,0
5553,1
62744,0
38992,1
6098,0
29062,1
18030,1
38193,1
30550,1
96149,0
15739,1
71942,0
29805,1
37246,0
64252,1
39650,0
69454,0
46466,1
7951,1
51246,0
46867,1
63950,0
53680,1
92025,0
27400,1
84081,1
95647,0
3902,0
44308,1
61323,0
40591,1
82123,0
90297,1
83484,1
61018,0
24403,0
78725,1
27637,0
57747,0
9550,1
54576,1
80874,1
91785,0
26242,1
90851,0
67349,1
17288,1
19608,1
84675,1
80986,1
6293,0
14220,1
14729,0
41038,0
64550,1
33647,0
89182,0
7167,0
4527,1
31054,1
69072,0
51632,1
99225,0
64147,1
16529,1
34906,1
8302,0
23709,0
61179,0
67116,0
47622,1
41284,0
66761,1
21514,0
75315,0
71569,0
71177,0
15212,1
27112,0
15288,1
73421,1
17919,1
71117,1
9122,1
15379,0
53070,0
4669,0
12239,0
92508,1
13332,1
39965,0
73846,0
62917,0
3008,1
78838,0
45929,0
98504,0
96117,0
17562,1
47574,0
23041,1
43879,0
43473,1
275,0
29727,0
85986,0
22713,0
37015,1
80350,1
92115,1
82738,1
54232,0
59465,1
88732,0
90814,0
96288,0
55050,0
72055,1
52403,0
17359,0
61796,1
32475,1
104616,0
5176,1
17157,1
42025,0
5594,1
76489,1
97120,1
1921,0
78698,1
32999,0
56303,0
55429,0
17934,0
95124,0
87166,1
5312,1
11536,0
103668,1
88529,1
83001,0
102024,1
10259,1
1451,1
23573,0
26507,0
18387,1
74021,0
6007,0
38753,0
52072,1
52089,0
68804,1
66041,1
86771,1
29028,0
10415,1
555,1
15980,0
21956,0
4520,1
21933,0
59805,0
21534,1
96534,1
79868,0
18338,1
54650,1
32154,1
44019,0
59604,1
34643,0
27969,0
103235,1
10914,0
50903,0
37227,0
87925,0
23442,0
104419,0
55605,1
103750,0
34224,0
8436,1
92220,0
96948,1
16778,1
88885,1
24582,1
56138,1
97602,0
87376,1
73307,0
90333,0
17598,0
90587,1
27107,1
93202,0
34670,0
80796,0
84380,0
96233,1
91577,0
100761,1
94737,0
91033,0
12715,0
50002,0
52316,0
98341,0
39500,1
55859,0
95719,1
33903,1
73864,0
83042,1
21029,1
59740,1
26563,0
17533,0
72565,0
36350,1
69357,1
85561,0
44243,1
33407,0
29578,0
20415,1
63331,1
42035,1
66168,1
37314,1
27989,1
32603,0
21077,1
15326,0
15298,1
37918,1
7239,0
22848,1
49867,0
101127,1
91584,0
81439,1
14530,1
81574,1
41249,1
45611,1
95196,0
52809,0
103282,1
39308,1
88988,1
64774,0
10860,0
63645,0
71196,0
100139,1
71902,1
40986,0
100403,1
71404,1
8576,1
70878,1
41982,0
3405,1
65753,0
55388,0
25614,0
32939,1
12747,0
97868,0
92783,1
30161,1
37496,1
29405,0
47408,1
13411,1
51257,0
72859,1
12692,0
44607,0
41025,1
81365,0
45458,1
35191,1
55669,1
7237,0
47315,0
36213,1
79158,1
34569,0
21266,0
91741,1
77616,0
54625,1
26135,0
4062,0
30561,1
45,0
81930,1
9018,1
84805,1
11371,0
76988,1
44802,1
59362,0
54987,1
7653,1
13686,0
38219,0
16000,1
86538,0
18860,0
48705,0
45198,0
68332,0
12607,1
78832,0
30272,1
10184,1
100679,0
15366,0
102504,0
41880,0
68687,1
69093,1
44122,0
43445,0
12691,0
52251,0
56126,1
68093,0
85079,1
37220,1
20291,1
36218,0
46808,0
10899,1
18166,1
48056,1
2246,1
94580,1
29235,1
28008,1
77859,1
82150,0
16487,0
98325,1
39271,0
102456,0
40761,1
55055,1
62668,1
35653,1
65130,1
43223,1
53378,1
87710,1
27638,0
17507,1
36345,0
87098,1
69632,0
8577,1
78112,0
24029,0
24737,0
82757,0
36354,1
24317,1
98686,0
50203,0
68211,0
18440,0
5018,1
69661,1
11213,1
12443,0
28652,0
24371,0
3507,1
49208,1
92991,1
23095,1
100046,1
100770,0
54102,0
85383,0
91635,0
60945,1
30779,1
5799,1
104406,1
57565,0
2689,1
77134,1
29518,1
58051,0
92248,0
65737,1
37629,1
46618,0
13538,1
28973,0
68289,1
45505,0
4951,0
90153,0
74229,1
71439,0
99546,1
18573,0
5007,1
13528,0
10807,0
2020,0
41589,1
41998,1
75971,0
72239,1
62144,0
63486,0
60759,1
59008,1
29915,0
74588,0
34950,0
16436,0
39298,0
92278,0
20139,1
71326,1
71149,1
103654,1
57331,1
52385,0
10510,1
21125,1
101304,1
47339,0
14963,0
42986,1
29173,1
53685,0
31215,1
22453,1
76015,0
14166,1
40028,1
8591,1
56557,1
38576,0
30480,1
53333,0
51491,0
39732,0
42901,1
14484,1
77895,1
41775,1
11979,0
17535,0
6746,0
95813,1
11670,1
62099,1
27913,0
80920,0
100993,0
90182,1
14519,0
88903,1
86190,0
35032,0
16216,1
99774,1
77075,0
63357,0
84416,1
61338,1
56462,0
75396,0
873,1
55737,1
36765,0
45780,0
60257,1
36794,1
990,0
79728,0
53160,1
14236,0
90457,1
60165,1
96806,0
94497,0
34850,1
74351,1
53370,1
55017,0
104387,0
85034,1
40062,0
56850,0
38832,1
40085,1
15073,1
93213,1
64288,0
88666,0
12056,1
65701,0
48003,0
42196,0
73524,0
13366,1
19394,1
82830,1
80858,1
12616,1
9918,1
70634,0
64511,1
40238,1
88095,1
46151,1
53266,1
32380,0
39954,1
37702,1
15373,0
76273,0
18918,0
33113,0
4489,1
64285,0
86249,1
80828,1
64485,1
28625,0
70595,0
89323,1
11192,1
15819,0
15170,0
54417,1
65303,0
15896,1
22027,0
69554,0
52640,0
69219,0
71905,1
5787,1
103175,1
40278,0
68582,0
20818,0
4811,1
69701,0
63301,1
50878,1
27747,1
25839,1
54917,0
374,1
60965,1
75227,0
4223,0
29757,0
65597,1
25439,0
7031,1
81232,0
37600,0
75291,1
21964,1
58427,1
35381,1
53706,1
49768,0
26227,1
23123,0
45923,0
40681,1
36729,1
7945,0
4501,1
79480,1
64568,1
76221,0
56005,1
47490,0
25267,1
66505,1
12857,0
50929,1
64337,0
35496,0
40423,1
52180,1
20044,0
81184,0
95074,1
41187,1
8034,1
94469,1
79649,1
87955,1
53472,1
99479,1
80977,0
12594,1
22762,1
37345,1
63631,1
76098,0
27703,0
73205,0
53401,1
55502,0
23310,0
44459,0
91027,1
55666,0
51690,0
47152,0
86436,1
50919,1
23437,1
57139,0
11501,1
102732,0
54244,0
12805,1
78009,1
98190,1
56239,1
84949,0
32416,0
23188,1
33382,0
25202,0
18398,0
7757,0
51292,0
48471,0
32542,1
20408,0
49845,0
88145,0
4882,1
85182,0
36170,1
70354,0
61903,0
97928,0
30742,0
44561,0
10429,1
20575,0
94950,0
68325,0
35879,1
71325,1
97348,1
84891,0
19666,1
103532,0
44720,0
43624,1
78921,0
16276,0
8009,0
42470,0
91329,0
99463,0
88956,1
66031,0
86125,0
96705,1
84013,1
83134,1
86921,1
82263,1
19946,1
23604,0
7037,1
95210,0
101465,1
86261,0
99191,0
82209,1
45916,0
94720,1
6665,0
81085,1
21426,0
14882,1
15256,0
895,1
87179,1
18335,1
96488,0
2889,0
60547,0
70479,0
13280,1
72613,1
10774,1
39359,0
54068,1
102524,0
95724,1
21024,1
45588,0
90487,0
81405,0
17858,1
63657,0
27929,1
18490,1
26899,1
33442,0
26229,1
95978,1
89288,1
49901,1
52017,1
55648,1
23622,1
42619,1
8994,0
47318,1
14573,1
86709,1
99854,0
13430,0
14716,0
42917,1
82975,0
83733,0
92781,1
87399,0
97600,1
30455,0
77033,0
104102,1
18180,0
26989,1
84850,0
42143,1
35591,1
89107,0
19529,1
102837,1
92369,1
102057,0
101927,0
52573,0
92265,1
57441,1
52630,1
103174,0
39694,0
64545,1
18940,1
16354,1
62984,0
81873,0
59458,1
10377,0
13350,1
34988,0
72938,1
43186,1
77358,1
77908,1
86347,1
99822,1
76975,0
49378,0
14399,0
23912,0
1811,0
53350,0
4344,1
34853,1
41257,0
65097,1
23804,0
54598,0
48876,0
25077,0
50261,0
48655,0
19260,1
15987,0
60823,1
35274,0
23578,1
60424,0
35760,1
14784,1
57495,0
98534,0
81088,1
42115,1
9168,1
26958,0
86008,0
71979,0
75943,0
39365,0
25737,0
104594,0
79222,0
18493,1
57267,0
101482,0
25054,0
66458,0
58460,1
10329,0
71990,1
45786,0
17745,1
96930,0
58340,0
10141,0
96032,1
65674,0
46505,0
24545,0
82437,1
27762,1
62939,0
31787,1
18061,1
52963,0
66052,1
25602,0
76637,0
45881,1
12403,1
57125,0
81493,1
22245,1
66332,0
86773,0
1932,1
93565,0
40616,0
50231,0
41630,0
13497,1
72968,0
39963,0
20008,0
66188,0
81604,1
80065,0
21277,1
72008,1
85105,0
24362,1
41286,1
37263,1
50305,0
71768,1
19598,0
68243,0
89557,1
57220,0
83602,1
31965,1
42314,0
78226,0
91587,0
77483,0
102593,0
25422,1
29358,1
57683,0
95536,0
36642,1
43450,1
52750,0
19812,1
39102,0
58599,1
74829,0
25080,0
45219,0
1175,1
84913,0
86211,1
8440,0
54056,1
45365,0
85818,0
86927,1
52679,1
41783,0
69328,1
31856,1
58366,1
62860,1
10828,0
41002,0
86323,0
28294,0
9971,0
58541,1
2617,1
14872,1
62807,0
38122,1
47518,0
60475,0
98913,1
35142,1
14426,1
41846,1
37848,0
82719,0
84158,0
39877,0
101138,1
76587,0
41365,0
21343,1
96957,0
39662,1
18864,1
94198,1
67992,1
33154,1
67793,1
79377,1
52486,0
69642,1
46065,0
101446,0
68833,1
17530,0
63473,0
39953,1
42378,0
5748,0
84569,0
52889,0
44628,0
93349,1
26216,0
94285,0
3228,0
56909,1
5713,0
53075,1
40694,0
23690,1
84654,0
54623,1
73470,1
97294,1
32462,1
87336,1
52061,0
29334,1
53492,0
81722,1
9732,1
76714,0
7689,0
73894,1
44237,1
92051,0
1386,0
8262,1
48313,1
12058,1
70508,0
58182,0
92229,0
54961,1
47295,1
75166,0
46332,0
81958,0
102192,0
68060,0
8696,1
11789,0
7024,0
86777,1
84615,1
70266,0
33317,0
10670,0
101062,0
62834,0
52279,0
19951,1
48175,0
13012,1
27162,0
103187,0
11841,0
89477,1
42279,1
20489,1
95879,0
71815,0
38112,0
80740,1
100606,0
61833,1
71199,0
32886,0
104215,0
55525,0
26627,0
24991,1
44779,1
13924,1
24515,1
99536,0
36907,1
1076,1
80801,0
6760,1
48774,0
98548,0
53893,0
68632,1
79344,0
87805,1
53193,0
68940,0
50938,1
27663,1
87994,1
20599,1
46528,0
31481,0
36290,0
11507,1
70783,0
83271,0
70181,0
16720,0
70494,1
1856,1
42063,1
95791,0
31001,0
98507,1
38038,0
53296,0
57837,0
98486,1
77627,0
4867,1
6936,1
48234,0
65515,0
28757,1
58753,0
88677,0
38987,1
38942,1
79110,1
7161,0
9477,1
40871,0
28997,1
63913,1
21490,1
12801,0
102694,1
23453,1
82821,1
82623,1
68845,0
70373,0
55421,1
103830,1
81499,0
97679,0
23152,1
83587,0
102265,1
31086,0
17747,1
92718,1
44012,1
57652,0
39290,0
62273,1
83551,0
40218,0
29469,0
65492,0
25168,1
46416,0
15613,0
557,1
29667,0
22299,0
56540,0
71834,1
48149,0
18677,1
96655,0
88841,0
39019,0
51461,0
70153,1
90252,1
33983,1
82403,0
79309,0
38085,1
85201,0
20349,1
10164,0
24664,1
16374,0
94228,1
7954,1
51693,1
100288,0
101523,0
33641,1
18185,1
98260,0
71501,0
56464,0
81296,1
2654,1
20767,0
44066,1
68369,1
11233,1
23902,1
90880,0
88054,1
43357,1
104700,1
28091,1
65867,0
63341,1
4938,1
2701,1
30726,1
23980,1
6952,1
59554,1
98184,1
10237,1
104151,1
61026,1
100562,0
102794,0
4027,0
34023,1
87400,0
27181,0
86641,0
27948,0
33441,0
93615,1
98186,1
60436,0
60312,1
98202,1
77746,1
19337,1
71426,1
35999,1
62139,0
81188,1
42781,1
7764,1
66829,0
64024,1
60874,1
32787,0
66541,1
64848,0
53238,0
97667,1
94130,0
40332,0
37111,0
12771,1
79825,0
22899,1
69683,1
30876,1
92876,1
32975,1
63040,0
96986,0
22836,1
44397,1
75216,0
100278,1
89883,0
63785,0
44040,1
83392,1
88287,1
42105,0
12223,0
36133,0
53351,0
4422,0
1055,0
82902,0
62437,1
103351,1
47403,1
7371,0
61669,1
17781,0
95511,0
7680,1
6569,1
68070,1
7019,0
93503,0
75805,0
94747,0
87207,0
48346,1
59842,1
95399,0
26997,0
66277,1
4617,1
57400,1
98642,1
48772,1
61264,0
8467,0
96078,1
78547,0
72351,0
27570,1
34416,1
57878,0
88147,0
39376,1
326,0
34120,0
35595,1
73022,1
30647,1
56608,0
58803,0
44522,1
29879,1
89009,0
94122,1
65686,0
52059,1
63169,1
23348,0
13061,0
18123,0
77233,0
18339,1
70370,0
3445,0
24718,1
63259,0
77831,1
58111,1
73407,1
54925,1
84880,1
85572,1
93204,0
68190,1
45688,0
59631,1
26048,0
86822,0
93453,1
30974,1
19548,1
7889,1
8853,0
92506,1
49093,1
69769,0
9739,0
68151,0
93081,1
33197,0
50749,1
61738,1
95221,1
78446,1
94648,0
55832,1
94105,1
26657,1
35773,1
66587,0
56428,1
87025,1
71102,0
28637,1
64984,0
31483,0
91065,0
28488,0
3248,1
38354,0
19665,1
22296,0
65658,0
94316,0
97230,1
14187,1
8882,0
87267,1
74869,0
40552,1
28663,1
18756,0
86635,0
52969,0
66868,0
49765,1
23266,0
83723,1
40784,0
13005,1
57284,1
3045,0
39462,1
93826,0
51732,1
63580,1
16582,1
34797,0
92774,0
102460,0
61343,0
7497,1
84300,0
102262,0
52398,0
20401,1
74163,0
88927,0
68889,0
14350,0
48599,0
59776,1
55072,0
50841,1
103892,1
20702,0
28905,0
33259,1
34156,1
93677,1
71630,0
63942,1
32349,0
95325,0
40258,0
45436,1
85303,0
20947,1
46730,1
69733,1
42634,0
36342,1
62155,0
53285,1
37608,0
20918,1
46714,1
100752,1
75265,0
47420,1
27779,1
94704,1
27333,0
66595,0
10422,0
30957,1
43655,1
55309,1
59650,0
70253,0
50662,0
65427,1
11395,1
95365,0
21049,0
5996,0
62523,1
63212,1
48971,1
8960,0
64996,1
27997,1
31527,1
86739,0
96648,0
65187,0
8665,0
29788,1
82856,1
99481,1
78072,0
8847,1
48212,1
99328,1
85175,0
56654,0
23172,1
77337,0
61140,1
90938,1
28554,0
4708,1
81577,1
77891,1
95357,1
63532,1
28827,0
20752,1
71409,1
39731,0
10698,1
7879,0
66197,0
71977,1
50623,1
4824,0
46536,1
97852,0
40909,1
94978,1
15943,1
100303,0
4917,1
26244,1
55067,1
20897,1
4198,1
21123,1
52782,1
49563,0
100454,1
55724,0
35695,1
100664,1
50437,1
85552,1
2877,1
37445,0
31915,1
57628,0
74679,1
40998,0
92252,1
34206,0
68473,1
92260,1
11004,0
24775,1
6550,1
12634,1
5525,1
60484,0
17399,0
55094,1
13530,1
47777,1
14534,0
73856,1
93835,0
92104,1
8587,0
23545,0
31131,1
80364,1
89692,1
35304,0
35126,0
71173,1
76185,1
12308,0
44499,0
76910,0
72831,0
25097,1
47459,0
99707,0
95370,0
34124,0
50056,0
90867,1
6099,1
38004,1
58525,1
38514,1
77046,1
67257,1
78033,1
97691,1
71128,0
40861,0
88384,0
43045,1
34131,0
13630,1
63674,0
102532,1
11641,1
70161,1
67834,0
66803,1
5936,1
47928,1
24006,1
39199,1
60627,1
30812,1
30168,1
8144,0
16648,1
37596,0
60135,1
31008,1
18613,1
70557,1
79418,1
47812,1
11921,1
83313,1
96899,1
20006,0
65336,1
38026,1
5279,0
56588,0
58873,1
36903,0
45056,1
64533,1
92877,0
24318,0
91547,0
58833,0
26900,0
51977,0
44204,1
40313,1
29620,1
25639,1
39563,0
64467,1
49455,1
12923,1
48880,0
13496,1
1229,1
36866,1
58898,0
15292,0
79492,0
47542,0
23700,0
52921,1
71245,0
82578,1
8935,1
39520,0
13494,0
65458,1
35512,1
86314,1
38236,1
63216,0
94749,1
89896,0
89139,0
102651,0
83607,1
73486,1
13163,1
50915,1
12115,1
99237,1
16285,0
27268,1
6946,1
5006,1
27855,0
91257,0
19596,0
5806,1
58584,0
84241,1
36644,1
57176,0
21772,1
80884,0
45989,1
37067,0
85776,0
23880,1
80701,1
6224,0
34030,1
54130,0
60804,0
59171,0
7894,1
9095,0
20852,0
96536,1
44298,1
3110,1
40244,0
71759,0
26660,1
70990,1
54270,1
61335,0
65452,1
49170,1
44816,1
32458,0
39595,1
43781,0
63039,1
36302,1
96417,1
19142,1
12380,1
17262,0
83363,1
34607,0
71151,1
70037,1
101910,1
48863,0
82510,1
104446,0
5709,1
43458,1
24337,0
61045,1
69322,1
30657,0
102223,1
17347,0
104099,1
32338,0
54339,0
32527,1
101800,1
10555,1
62733,1
85810,0
9905,1
35402,0
9261,0
52968,0
54578,1
89050,1
71069,1
49624,0
77578,0
68010,1
92280,1
55154,1
1673,0
24525,1
24761,1
31815,0
63179,1
25085,1
89400,0
57954,1
21117,1
19330,0
97584,1
71148,1
17703,0
74348,1
70985,1
39608,1
90909,0
21947,1
84007,0
3328,0
60163,1
63996,0
89583,1
104274,0
29184,1
96683,0
15219,1
39606,1
64437,0
11055,0
87330,1
12112,1
54025,1
37965,1
93641,1
102273,1
90879,1
27402,0
46601,0
95039,1
55109,0
82907,0
32559,0
29379,0
24584,1
94562,0
44905,0
98461,1
14699,1
29192,1
92015,0
98048,0
44557,0
83921,1
43444,1
1756,1
59181,1
6210,0
62667,1
57870,1
11191,1
80226,0
91453,0
49561,0
101707,0
23608,1
32632,1
25316,1
22207,1
85358,0
51452,1
85085,0
76068,0
12075,0
72170,1
97522,1
32322,0
74442,0
23794,1
10517,1
104334,1
12899,1
92162,0
37023,1
94876,0
1262,0
37072,1
101878,1
94541,0
19651,1
35173,0
18425,1
40838,1
74151,1
103485,0
56234,1
103241,1
68186,0
20069,0
80545,0
50000,1
34722,0
84418,1
79069,1
86458,0
79953,0
53705,1
38166,0
48621,0
13422,1
39205,0
86528,0
90606,0
33871,0
70591,1
76819,1
93198,1
88450,0
75342,1
36259,0
93929,0
76013,0
1943,1
36656,0
41473,1
96839,0
1287,0
50882,1
46360,1
75351,1
29380,0
46206,1
68131,1
91928,0
53247,0
17526,1
36478,0
5238,1
58126,1
66960,0
35789,1
89554,1
64236,0
102128,1
28506,0
30208,1
3214,1
101226,1
23408,0
82292,0
103647,1
76649,0
88568,0
103486,0
91829,0
11307,0
98607,0
98237,1
60829,0
77532,0
57962,0
98740,1
5428,1
41414,0
3095,1
30030,1
85527,1
31775,1
92734,1
29562,0
49832,1
77212,1
91776,1
25832,0
14066,1
28512,0
50352,0
73223,1
72429,0
85563,1
26110,0
38968,0
78197,1
62516,0
31112,0
68126,0
17279,1
24031,0
50734,0
40682,0
82671,1
42140,1
15183,1
273,1
53276,1
92168,1
56168,1
62072,1
19349,1
37584,1
44130,0
34128,1
87821,0
101003,0
20571,0
8790,1
81311,1
98049,0
103330,0
3812,0
90798,0
78735,0
22715,0
85210,0
91245,1
64099,1
9769,1
67910,1
36171,1
999,0
103126,0
76448,1
16472,1
87988,0
330,1
79666,1
1726,1
59636,1
1030,0
54614,0
101100,0
104611,1
61536,1
67782,1
37725,0
4284,1
74875,0
8631,0
79248,0
66760,0
70774,1
87341,0
59117,0
30231,1
91441,0
64087,0
83829,0
101448,0
57434,1
79408,1
100491,0
73630,0
20730,0
52502,1
100851,0
18317,0
76455,0
1215,1
25222,1
8429,1
95998,1
13735,1
41687,1
23793,1
50848,0
76229,1
31927,1
100553,0
98011,0
41217,0
21660,0
53101,1
4936,1
86141,1
26241,1
10662,0
88469,1
16428,1
67215,1
10721,1
38846,1
94272,0
54181,1
84102,0
28332,0
92031,1
52984,0
1375,1
25808,1
62057,0
74273,0
75089,1
32885,1
70259,0
94806,0
58463,0
73743,0
98805,0
69464,0
25883,1
96160,1
40446,1
24922,0
82017,1
4730,0
79326,1
13488,1
86527,0
99557,1
84946,1
52851,0
39295,0
2412,1
88825,1
30305,1
80030,0
45508,0
75285,0
98211,0
61898,0
34805,0
37853,0
100583,1
90142,0
27812,0
24866,0
41224,1
98977,1
52620,1
79839,0
7731,0
51843,0
92531,1
9499,1
52444,1
76219,0
62899,1
96761,0
18552,0
104175,0
102493,0
63416,0
19756,0
35021,1
7975,1
234,1
87769,1
43198,0
72962,1
24169,0
71095,0
94544,1
19292,0
102592,0
41359,1
49648,1
16612,0
20788,1
64046,0
67364,1
8405,0
103707,1
23595,0
2192,1
28819,1
44341,0
57060,0
74342,1
14893,0
24129,0
80809,0
73591,1
36080,0
50086,0
74133,0
17795,1
31203,1
94024,1
39037,0
54131,0
67925,1
101995,1
79297,1
59291,1
3637,1
23650,1
54944,1
84833,0
59269,0
101286,0
87904,0
59898,1
44127,1
46289,0
84276,1
17412,0
50533,0
103615,1
99578,1
64150,1
28888,0
413,1
11956,1
17665,1
92559,0
104558,1
54888,0
101931,0
57823,1
101363,0
100171,1
98929,1
97811,1
2895,0
83610,0
27820,0
79962,1
25016,0
102939,1
27280,1
28107,0
9858,1
103521,1
32049,1
78284,0
104623,1
83423,1
54142,1
11977,1
29792,1
52100,0
81025,0
22931,1
72481,1
90594,1
78693,1
57799,0
75765,0
24699,1
18701,0
16200,0
39881,1
35949,1
97825,0
93933,1
43685,1
100041,1
16687,1
64916,1
2187,0
26417,1
18225,1
38021,1
3321,0
33273,0
56830,0
36241,0
85843,0
79766,0
3737,1
25251,0
79066,0
34583,0
54817,0
44747,0
381,1
42538,1
53235,1
41789,0
57475,0
93781,1
5148,0
51678,1
39336,1
55248,1
32012,1
84413,1
62728,0
44648,0
101746,0
78186,0
57889,0
64836,0
74478,0
41340,1
93101,0
16094,1
2884,0
62837,0
62080,0
37114,1
80428,1
83137,1
81868,0
72561,0
4850,0
79985,1
10933,1
43312,1
49117,1
40767,1
24938,0
67937,1
22898,0
10763,1
77887,1
41444,1
86360,1
55226,0
14358,0
71693,0
99977,0
18848,0
86107,0
38206,1
97344,1
58529,1
59852,0
82325,0
65117,0
14080,1
32835,0
81530,0
55232,1
34190,1
7768,0
12866,1
51710,1
93804,0
88393,1
20741,0
101816,0
13887,0
24527,0
44,1
11346,0
76402,1
62198,0
19295,1
60462,0
43265,0
2766,1
9243,1
30097,1
77929,0
100874,0
64674,0
62042,0
17750,1
48958,0
86559,1
76717,0
104258,0
88231,1
11267,0
13064,1
44896,1
96102,0
85706,1
3531,1
65017,0
73905,0
71950,1
21272,1
101666,1
1317,1
67671,1
74175,1
40532,1
96960,1
47394,0
100468,1
67735,0
27459,0
31818,0
7493,0
6335,1
2109,0
85565,1
96925,1
28304,0
77372,0
101882,1
102811,1
49504,0
82684,0
75692,0
58738,1
101596,0
54023,1
99445,1
78011,0
10338,0
93534,1
44133,1
24368,1
6184,1
64525,0
40319,0
62183,1
58910,1
17814,0
67227,1
79186,1
52947,1
51496,0
13478,1
6412,0
91890,1
43366,1
18399,0
8765,1
18175,0
25878,0
50151,0
20549,0
92740,1
57085,0
100064,1
43214,1
51157,1
908,0
1660,1
64708,1
32664,1
21008,1
48237,1
103146,1
53199,1
55,1
53655,1
25036,1
19463,1
90455,0
47235,1
95392,1
88787,0
44993,1
49598,1
82021,0
69440,0
37789,0
54826,1
103967,0
103534,1
103778,0
29185,0
88358,0
19157,0
13863,1
26211,0
36585,1
60509,1
49168,0
32609,0
84457,1
23350,0
73671,0
86757,1
2722,1
40390,0
72645,1
13667,0
20589,0
32135,0
44272,0
5446,0
55411,0
94925,0
16816,1
4911,0
97586,0
5628,0
100088,0
44153,0
32224,1
78417,0
54267,0
60160,0
25485,0
1054,0
98157,1
80191,0
46912,1
55606,1
23267,1
54847,0
62433,0
67618,0
40854,0
31416,1
7622,1
81595,0
3675,0
84445,1
77197,0
90782,1
41674,1
58391,0
35526,1
60276,0
44660,0
54796,1
34943,1
83963,1
2263,0
4881,0
71765,0
50621,1
54306,1
33349,1
29013,1
25382,0
91912,0
69297,0
38160,1
49398,1
88785,0
97167,1
58062,1
5637,0
74409,0
19816,1
75313,1
15539,0
89784,0
5306,0
70796,1
50750,0
58777,1
79905,0
5323,0
60322,1
57818,1
84564,0
112,0
76669,0
84599,0
63889,1
70481,1
79490,1
88907,1
58894,0
25927,1
46362,0
95374,1
20790,1
52897,0
80255,1
51439,1
5140,0
78855,1
22590,1
30768,1
48426,1
49400,0
89202,1
87204,0
87620,1
21524,0
67442,0
49266,0
103601,1
28875,1
7306,1
45982,1
96629,0
28747,1
61952,1
29066,1
50950,1
27355,0
947,1
62251,0
20484,1
23683,0
15913,1
15097,1
58036,1
15874,1
47883,1
63553,1
32026,0
98439,1
80083,1
92422,1
28467,0
75771,0
21505,1
70236,1
77555,1
54225,0
85344,0
16662,0
102627,1
70192,1
94010,1
67338,1
97432,1
15937,1
7312,0
22708,0
38742,1
66172,0
44898,0
97119,1
60157,0
97473,1
38010,0
38780,0
28798,0
49180,1
21897,0
6707,1
38964,1
62467,1
80073,1
103099,0
71803,1
72317,1
38760,1
60041,0
13854,1
98754,0
2770,1
34998,1
33019,0
47439,0
68622,0
65750,0
48538,0
88681,1
63302,0
39093,1
40434,1
85739,0
42400,1
26535,1
34262,0
95138,0
96438,1
12525,1
99134,1
23040,1
75614,1
34886,1
47323,0
52610,1
74587,0
16711,1
76692,1
49136,1
31508,1
91937,0
24249,1
5072,1
50453,1
57381,0
18724,1
20538,1
101510,0
14856,1
59432,1
91485,1
35257,1
937,1
16531,0
70327,0
95353,0
94723,1
78250,0
92392,0
92818,1
90251,1
100317,0
61908,1
95242,1
92110,1
79587,1
95650,0
84910,1
86162,0
38797,1
19383,0
97330,1
68051,1
91062,1
1870,1
45652,0
21578,0
93624,0
17612,0
7568,0
58116,1
81077,0
77454,0
35235,0
69375,1
48884,1
66807,1
54912,0
12472,1
23301,0
15389,1
65948,1
24732,0
95744,1
83087,1
8762,0
46575,1
23001,1
97537,0
3464,0
33944,0
14159,0
17672,0
94605,0
95796,1
8992,1
62404,1
73871,1
91015,1
14469,1
36321,1
72320,1
72107,0
1628,1
53056,1
40652,1
79803,0
39493,1
16599,0
7009,1
32310,0
68649,1
29921,0
63021,1
29131,1
96092,0
63123,1
27869,0
44787,0
54228,1
94981,0
78075,0
52086,1
79774,1
68200,0
71454,0
103117,0
25534,1
93185,0
21778,0
75160,0
84757,0
98448,1
82313,0
67505,1
100261,0
29108,0
4484,1
13481,1
26961,0
60294,1
45606,0
28909,1
26136,0
88944,0
79449,1
24849,1
31981,1
90558,0
39904,0
27799,1
78102,1
68548,1
10500,0
77518,0
41595,0
37194,0
101080,0
7782,0
13340,0
46793,1
66014,0
25087,1
70080,1
18814,1
28335,1
95320,1
4131,0
4143,0
48052,0
22807,1
4742,0
74166,0
15537,0
25491,0
39930,1
52718,1
44256,1
82032,0
97124,1
41522,1
17643,0
97790,0
101775,0
28575,1
29700,1
80261,0
23725,1
33863,1
77841,1
57234,0
57071,1
40435,0
26497,0
9532,0
41377,0
20236,1
101162,0
41114,1
104068,1
53365,1
19391,1
18336,0
34885,1
68083,1
94895,1
70941,1
25726,0
20888,0
69373,0
90654,0
97829,1
50726,0
52205,0
359,1
68103,0
57087,0
97616,0
101322,0
25250,0
70278,0
38488,1
21678,0
89742,0
62711,0
83004,0
6010,0
27244,0
21363,0
58715,1
497,1
55195,1
61969,0
92354,1
94330,0
104437,1
38684,1
84680,0
18352,1
17581,1
80308,1
86883,0
7132,1
19760,1
75053,1
56719,0
801,1
87915,0
81136,0
72520,0
45373,0
96348,1
70045,0
10932,1
70152,1
633,0
81832,1
14994,0
53878,0
74358,1
89872,0
8293,0
54437,1
56071,0
77204,1
37011,0
99517,1
51471,0
91258,0
93130,1
102973,1
21098,0
23043,1
58118,1
25355,0
70849,1
3626,0
73294,0
61691,0
50033,0
96853,1
14836,0
102749,0
50073,1
5819,0
59374,0
11326,1
80087,0
26531,1
68605,1
41519,1
85729,1
1935,1
10996,0
27942,1
40765,0
56959,0
21026,1
29288,1
86400,1
99295,0
93966,1
87001,0
93949,0
36362,0
53164,1
41827,0
57108,1
74545,1
52283,1
52365,1
55608,0
51357,0
11208,1
44156,0
14184,1
51962,0
64955,1
90156,0
80630,1
86021,0
29785,0
38808,1
70169,0
84554,1
82414,1
8545,1
58660,0
1447,1
8061,1
67677,0
104223,1
76870,0
85876,0
2638,0
52462,0
63582,1
11089,1
18557,0
36733,1
22844,0
66294,1
42284,1
43224,1
98776,0
102590,1
23333,0
723,1
11794,0
80783,1
75376,1
103000,0
29728,1
83802,1
95643,0
79178,1
51270,1
33869,0
70456,1
10911,1
72752,1
49376,0
2885,0
85189,0
63589,1
14035,1
68212,1
60218,0
70374,1
15343,0
44987,1
85309,1
26352,0
38323,0
17024,0
9649,0
76267,0
14457,1
11553,1
5804,0
97399,0
69566,1
16414,1
94299,0
78454,1
43266,0
4142,0
98061,1
7927,1
82344,0
44757,0
97240,1
45731,0
93118,0
83333,0
31425,0
79719,0
98659,1
65014,1
22753,0
24264,1
89870,1
92066,1
83074,0
85104,0
81097,1
22739,1
95295,0
77684,1
63941,0
39026,0
36630,1
99072,1
22212,1
33109,1
28694,1
80625,0
22330,0
104779,0
80331,1
28915,1
26539,0
35828,0
101245,1
44717,0
20635,1
82070,0
100361,1
40863,0
79532,1
85098,1
88320,1
3579,0
94314,0
42554,0
8997,0
74731,1
45687,1
33489,1
37442,0
85935,1
1975,0
76486,1
31907,0
86387,1
53940,1
20442,1
69286,0
7216,1
77413,1
52073,0
56560,1
22304,1
14785,0
86575,0
13026,0
39383,1
25231,0
48225,1
55321,0
12420,0
75488,1
26886,0
20068,1
15147,1
97035,1
11441,1
65450,0
86872,1
78087,1
88744,1
78041,0
85008,1
29215,1
36178,1
34071,1
16542,1
93217,1
39430,1
40262,1
10240,0
72548,0
62486,0
27506,1
54911,0
76831,1
70672,0
63632,0
85162,1
104114,1
82654,1
47782,0
93232,1
81243,0
11473,1
96468,0
24314,0
55385,1
71327,0
74261,0
12016,1
103105,0
40472,0
51755,0
54647,0
10029,1
88984,1
55482,1
90733,1
39185,0
63025,0
59152,1
85266,1
79597,0
14039,1
76525,0
59946,0
22815,0
52639,0
46847,1
36746,0
20920,0
66644,0
56739,0
101185,1
100552,0
29245,0
34374,1
13732,1
44784,1
1750,0
26020,1
42357,1
8932,0
15715,1
17556,1
62546,0
4531,1
33743,1
81914,1
6336,1
82232,1
3600,0
47311,1
16661,0
78679,0
61287,1
13224,1
38402,1
18122,0
40367,0
2952,1
97321,0
91043,1
28045,1
17693,1
37372,0
60112,0
43543,1
67342,1
62110,1
17494,0
80382,1
80537,0
73435,0
35807,0
1674,1
83153,1
5538,1
59728,0
18728,1
81883,1
70653,1
86058,0
104369,0
3125,1
82547,1
67291,1
85044,0
55785,1
28206,1
26796,0
20224,0
75173,0
91687,0
104485,1
53186,0
27003,1
101570,1
91795,1
34769,1
49464,0
56142,1
29109,1
27797,0
24635,0
63652,0
101120,1
7264,1
35239,1
35840,0
91818,1
75846,0
74438,1
90138,0
88791,0
33567,0
89774,1
99193,0
4283,1
28197,1
67743,0
84563,0
22985,0
56443,0
52852,1
86180,0
54124,0
49154,0
40045,0
102676,0
95767,0
104040,1
7781,0
62495,0
27490,1
51460,1
104424,1
66891,1
98892,1
98947,1
38675,0
103070,0
84955,1
39524,0
7450,0
90489,0
84475,0
56441,0
3334,1
67665,0
48246,0
7463,0
27578,1
82843,0
6860,1
68298,0
71465,0
86998,0
45729,0
101325,1
38935,0
91680,0
2824,0
31437,1
84829,0
77126,1
68393,0
102549,1
69583,0
102174,1
34541,1
86530,1
89168,1
22852,0
75108,1
11023,1
84355,1
75890,0
102943,0
25062,0
97443,0
103527,0
20844,0
13993,1
54446,0
16424,0
99846,0
1031,1
10290,1
22206,1
68818,1
52347,0
86897,1
94741,0
13293,1
91898,0
789,0
56354,1
36634,0
39055,0
27337,0
74481,0
98305,1
7801,0
102250,1
8809,0
9201,1
18599,0
82912,1
69355,0
16255,0
61003,1
79972,0
37861,0
55580,0
44395,1
7858,0
101963,1
34575,1
76999,1
20425,1
87066,1
25522,0
98509,0
70336,0
13297,1
38341,0
45484,0
9259,0
60369,1
24326,1
28137,1
9315,1
51010,1
2312,0
60329,0
102757,0
90462,1
102210,0
80870,0
61942,0
94840,0
90139,1
58788,1
19400,0
85939,1
3333,1
56258,1
30134,0
15317,1
13245,0
12050,0
22411,1
17679,1
64208,0
50555,1
64811,0
49737,1
4993,0
82234,0
15159,1
84603,0
26510,0
73893,1
99980,0
10280,0
98104,0
18241,0
60814,0
5501,0
26873,1
31397,1
8855,0
60974,0
5316,0
12636,1
104109,1
36873,1
56067,1
6551,0
66840,0
58498,0
58623,0
16006,1
89386,1
50850,1
71240,0
52423,0
47702,0
16377,1
842,1
46990,1
50953,0
12532,1
12468,0
39310,0
66985,0
53579,0
25071,1
15427,0
62005,1
14544,0
10833,0
5477,0
46759,0
88048,1
14186,0
75747,1
76979,0
5337,1
97951,0
49019,1
8993,1
55282,1
75887,0
71447,0
26307,1
47446,0
62071,0
24744,1
82971,0
100003,0
98691,1
4099,1
74732,1
32854,1
89582,1
51575,1
96638,0
35581,1
88730,1
75180,1
39538,0
102099,1
21111,1
101399,1
97620,1
100831,0
100870,1
89667,0
62474,1
3872,0
68764,1
73511,0
16230,1
60663,0
24975,1
87474,0
42916,1
9810,0
58195,0
103202,0
793,1
31420,0
62277,0
104284,1
18194,0
51368,1
77768,1
51741,0
87345,0
30263,1
7681,1
88574,1
9950,0
17390,1
75518,0
4558,0
20964,1
92045,0
96687,0
70293,0
93552,1
58350,0
18117,0
102123,0
102111,1
19096,1
97453,1
53552,1
50432,1
70136,0
53645,0
19818,1
69787,0
89380,0
56213,0
7492,1
7169,0
54782,1
65093,1
95943,1
84220,0
57699,1
32762,1
75501,1
104119,0
58083,0
65672,1
35627,0
16193,1
19313,0
13435,0
98141,0
16957,1
36113,0
54686,1
92112,0
4398,0
94767,1
31497,1
95381,1
101104,1
512,0
15530,0
49760,1
95924,1
78429,1
58676,1
61868,1
72879,1
94936,0
84644,0
32601,0
35863,1
35527,0
80223,0
57887,1
78080,0
53841,0
28580,0
53971,1
2744,1
47914,0
23419,1
37562,1
26296,0
50724,1
64366,0
87757,0
104461,0
52786,1
49042,0
838,1
49403,0
72666,1
9173,0
75757,1
72111,1
82165,0
66752,1
7510,0
84886,1
92332,0
6320,0
30874,1
6769,0
62738,0
88847,0
102935,1
56085,0
51613,0
31511,1
46678,1
30901,1
5906,1
18345,0
30987,1
42787,1
9305,1
36727,0
61048,1
28703,0
93667,0
63247,0
82872,1
72944,0
10485,1
1610,1
25159,0
47093,1
59745,1
70970,1
42646,1
59157,1
45988,1
75782,0
95275,0
68641,0
42405,1
84776,0
85356,0
81437,1
58315,0
7056,0
61367,0
47083,0
23906,1
6,1
2905,1
39394,0
94935,1
28822,1
60004,1
78910,1
44835,0
56669,0
27712,0
12300,1
77876,1
1404,1
52064,1
16533,0
76437,0
102042,1
99452,0
6365,1
7301,0
10435,0
104718,0
12729,0
22826,0
12390,1
92043,0
19276,0
86028,1
69064,0
69255,0
29810,0
87036,1
42960,0
19,1
69166,1
50,1
74156,0
51278,1
54819,0
70009,1
39970,0
94785,1
90441,0
6559,0
57588,0
30544,0
13946,1
104539,0
16126,1
75717,1
74625,1
99006,0
98128,0
104633,0
44774,0
30471,1
18310,1
85099,0
12609,0
104120,0
1548,1
70144,0
57347,1
37047,1
65152,1
89349,1
51823,1
87483,1
53774,0
28855,1
25811,1
21444,0
103624,0
85430,0
40796,0
33046,0
97320,1
993,1
79900,0
39715,0
46835,1
64877,0
73088,1
10139,1
30476,1
92161,1
68392,0
69622,0
69541,0
14397,1
45248,1
88955,1
31576,0
10269,1
90283,0
8038,0
34630,0
76052,0
104288,1
85373,0
77976,1
36335,1
37765,0
71493,0
22185,0
79300,0
33088,0
3501,0
38106,1
72216,1
92358,1
97226,1
57659,0
53931,1
103569,0
99658,1
57259,1
66457,0
38303,1
51967,0
18040,1
442,1
47056,0
35066,1
45501,1
16456,0
26114,1
99739,1
93962,1
91277,0
82811,1
94445,1
32806,1
90723,1
79910,1
27600,1
72194,0
83746,0
94125,1
28702,0
82497,0
45199,0
4191,0
29865,0
21452,1
26606,0
53921,1
15289,0
17645,0
8742,1
100632,0
41346,1
58635,0
70854,1
34745,1
85144,0
84799,1
47582,1
84108,0
49137,1
9341,1
18099,1
66069,1
7518,0
103517,0
34139,0
46291,0
20878,0
67403,0
80505,0
88120,1
23052,1
55106,1
49878,1
14456,1
71801,0
10695,0
83003,0
49794,0
77973,1
67762,0
72151,0
27205,0
15048,1
97385,0
44559,0
44307,1
56868,0
33630,1
59031,1
55593,0
82421,0
25736,0
20780,1
88583,0
86372,1
69080,1
58294,0
64512,1
21178,0
3949,1
45822,0
84922,1
9571,0
46734,0
53059,1
73744,0
30422,0
59747,1
44670,0
70455,0
2773,0
72129,1
45587,1
100823,0
8102,0
7799,1
82717,0
42254,1
80708,1
77905,1
90833,1
73570,1
102721,1
65045,1
94736,1
40396,0
94369,1
80518,1
83935,1
89348,1
49971,1
77938,1
7949,0
11094,1
50001,1
40345,1
104420,0
104172,1
82860,1
56433,0
35590,0
26822,1
102764,0
91038,1
85449,0
27803,0
24451,0
18622,0
62026,0
75261,0
48268,0
9372,1
67727,1
38568,1
62341,0
32858,1
27748,1
63309,1
74171,0
102019,0
65342,1
61408,0
99768,0
24746,1
61485,1
25807,0
99841,0
69042,0
17704,0
16551,0
21622,1
24205,0
74075,1
7283,0
53895,0
10432,1
55194,1
28955,1
77722,0
17867,1
10883,0
4128,1
53944,0
72206,0
26731,0
94332,0
38376,0
59706,1
35261,0
99784,1
95057,1
56550,0
56291,0
73291,0
6299,1
87058,1
103625,1
17474,0
19061,0
2184,1
14996,1
8139,0
15025,0
19980,1
60,0
36366,1
100876,1
13173,1
29003,1
90523,0
28643,1
95307,1
29551,1
75977,0
72362,1
37880,1
33573,0
41872,1
10241,0
61234,0
15384,0
31243,1
271,0
15957,0
74136,1
89343,0
60504,1
65132,0
5391,0
4906,1
44016,1
72700,0
61204,0
48847,1
12303,1
28803,0
30978,0
72725,0
35518,0
63599,0
85671,0
93625,1
90574,1
18460,1
62444,0
72459,0
1792,1
5767,0
22355,0
20071,0
9934,0
104323,0
80276,1
27282,1
85719,1
83108,1
87460,1
102443,1
99509,0
90159,0
29806,1
31053,1
57148,0
14762,0
38887,1
10298,0
68385,0
38834,0
35306,0
44872,0
67154,0
96763,0
18855,1
47356,1
31405,1
25372,0
36535,1
31446,1
72929,0
13755,1
34092,1
8581,0
19044,0
54268,1
78107,0
76582,1
56095,0
16704,1
4712,1
100448,0
51106,0
61631,0
12703,0
18508,0
41554,1
70668,0
16670,1
92484,0
14204,1
75751,0
67401,0
63450,1
68629,0
39548,0
92544,0
59219,0
50300,0
99259,0
104457,1
11828,1
11944,1
22658,1
47660,0
33734,1
23102,0
72621,0
41762,1
75417,0
57913,1
28511,1
7193,0
83710,1
7523,0
29171,0
52710,0
24173,0
4310,1
62170,0
27778,1
58499,0
45769,0
23600,1
100662,0
63943,0
36415,1
11373,0
11522,1
11076,1
35522,1
101916,1
68538,1
36091,0
71274,0
75305,1
53106,1
87937,0
50546,1
86319,1
29344,0
81517,0
3028,1
77943,1
48164,0
34062,0
96498,0
9969,1
14609,0
8441,1
104417,1
78203,1
30885,0
51104,0
35337,1
30813,1
45072,1
1500,0
60482,1
34657,1
44919,1
86712,0
100295,0
67675,1
16803,1
62801,1
90011,1
49316,0
69505,0
13206,1
43122,1
70062,0
72262,1
22044,0
40166,1
62207,0
94403,0
6560,1
50488,1
104363,1
57548,0
30033,1
66235,1
22065,0
43909,1
30751,1
34304,1
78635,0
82293,1
75858,1
85237,1
50217,1
97435,0
29445,0
2688,0
28356,0
50466,1
5453,1
57585,0
46880,1
87368,1
4653,1
84322,0
50578,1
12614,0
100341,1
103861,0
9118,1
34256,1
22516,0
45696,0
104606,0
70804,0
52800,1
57213,1
70843,0
90550,0
87205,1
30284,0
6984,1
25678,1
24674,0
39860,0
22701,0
50598,1
49995,1
36062,1
70747,1
13546,0
76409,0
40455,0
55637,1
62916,1
66159,0
30520,1
266,1
81871,0
70011,1
46634,1
1219,1
16359,1
76206,1
73103,1
65263,0
57023,1
65252,0
44620,1
82965,0
41220,1
104818,0
75522,1
83509,1
33002,0
72134,1
28614,1
102345,1
10107,0
38135,0
59324,0
18629,0
3288,1
16768,0
51944,0
43095,0
94832,0
53653,1
76045,0
32398,0
63934,0
96739,1
67000,0
4193,1
9685,1
40539,1
27134,1
63619,1
98352,1
66654,0
57797,1
84760,1
73414,1
92223,1
76797,1
3777,1
36382,1
89463,0
79481,1
100677,0
87313,0
77490,1
52493,1
39255,1
13617,1
51534,0
2965,1
25603,0
14833,0
8928,0
99588,1
61220,1
82636,1
84515,1
72021,0
36279,1
30166,1
17135,1
22332,1
37571,1
38078,0
57592,1
77405,1
78726,1
67160,0
9091,1
49205,0
71280,1
10261,1
81282,1
3652,0
85275,1
72733,1
23163,0
78089,0
64086,0
87602,1
20910,0
88188,0
21835,1
16340,0
99652,1
45049,0
99843,0
17393,1
91461,1
79016,1
73266,0
84908,1
96577,1
37909,1
11080,1
45535,1
17261,1
26027,0
29672,0
6722,1
103628,0
34752,1
43076,1
11274,1
52254,0
93281,1
23888,1
83211,1
38884,0
91417,0
1456,1
96500,1
26157,1
34340,0
56022,0
68099,0
63786,0
90822,0
35491,1
42427,1
2202,1
49410,1
92268,1
4646,1
88148,1
61575,0
103688,0
54720,1
22536,1
40202,1
68876,1
78450,0
68241,0
87502,1
54410,0
7207,1
68790,0
15228,1
4312,1
25854,1
28907,1
76179,0
48060,1
103776,1
43440,0
89174,0
21870,1
7223,0
49270,1
15129,1
85369,1
21512,0
14433,1
15587,1
87730,0
83766,1
6394,1
14945,0
10631,0
74374,1
75150,1
96758,0
8990,0
38324,0
104210,1
7057,1
49110,1
4897,0
51380,0
30937,0
35608,0
94852,1
89830,1
22945,1
80603,1
40006,0
52754,1
24095,0
101217,0
24120,1
68661,1
78939,1
41068,0
4576,1
51111,0
44090,0
78018,1
98826,0
97761,1
69326,1
19018,0
37663,1
54553,0
87558,1
33421,0
46418,1
8328,0
26231,0
9634,1
17171,0
61604,1
79373,1
58978,1
96974,0
83319,0
23929,1
24752,1
68585,0
72757,0
21367,1
11171,0
49673,1
41404,1
17855,1
39133,0
409,1
63440,1
46193,1
89662,0
47293,1
28814,0
9427,0
25365,1
35152,1
57600,1
79567,1
8880,1
85331,0
93649,0
51933,1
91143,1
30677,0
48054,0
53603,1
27722,1
95171,0
54692,0
77208,0
31587,0
15266,0
5988,1
61893,1
37984,1
80330,0
10596,1
388,0
83717,0
65544,1
1058,1
84835,0
2090,1
104250,1
76704,0
23472,0
3010,0
89726,1
59889,1
61188,0
94945,1
61266,1
101323,0
735,1
26086,0
59195,0
21183,1
81771,1
26857,1
12832,1
38286,1
38200,0
29943,0
65944,0
33509,1
61862,0
14761,1
44117,1
93134,0
50905,0
58345,0
63979,0
34636,1
4888,1
88925,0
16871,0
18431,0
74205,1
10382,1
36039,1
36304,0
93073,0
28815,0
62979,1
83188,1
587,0
3504,1
4245,1
44151,1
81691,1
35856,0
8826,1
104776,1
77787,1
98661,0
98452,1
33706,0
23019,0
61135,1
71808,0
87116,1
92989,0
14853,0
55250,1
7522,1
99899,0
13400,1
40300,1
45148,0
70803,0
43759,0
19667,0
37403,0
51552,1
90871,0
44485,1
47686,0
92166,0
49297,1
25601,1
76854,0
18531,1
68314,0
3410,1
85656,0
69495,1
8641,1
51886,1
53391,1
2425,1
35937,0
71986,1
33637,1
98745,0
51784,0
84346,1
14695,0
21991,1
85404,0
33378,0
76237,1
7413,1
100004,1
52266,0
89608,0
57649,1
16016,0
16060,1
33195,0
67517,1
11748,1
35044,1
43537,0
63687,0
45235,0
9178,0
41466,0
102851,1
33751,1
102514,0
61283,0
9535,1
73410,0
72555,0
12947,0
9124,0
99756,1
46539,0
80819,0
6714,0
95678,1
28341,1
40046,0
60836,0
97817,0
73331,0
78484,0
5416,1
17635,1
12379,0
87141,0
55408,1
69488,1
34974,0
42109,1
67908,1
28177,1
14823,1
85076,1
47744,0
72174,0
16140,1
19738,0
74172,1
30189,1
8793,0
25025,1
8252,0
38769,1
23787,1
69778,0
45045,0
27241,0
11574,0
65882,1
41934,0
32708,0
31936,1
50309,1
97934,1
24726,0
63759,0
24931,1
11404,0
26793,0
88438,0
33664,1
49838,0
53274,1
59559,1
62233,1
93897,1
43346,1
63630,1
27230,1
61972,0
87011,0
59812,0
85005,0
74651,0
28832,1
60146,0
37730,0
41974,0
21508,0
22158,1
76965,1
97729,0
33747,0
56919,0
81220,0
28727,1
78218,0
6997,1
11895,1
73440,1
76357,1
81238,0
40131,0
48001,0
80188,0
40869,1
88366,0
102729,1
61911,0
25908,1
12064,1
42339,0
58817,1
49026,0
22941,0
14226,0
14114,0
28606,0
39723,0
529,0
66775,0
22910,0
17375,1
80320,1
74459,0
84222,1
38513,0
98175,1
71556,1
67088,1
82127,0
96305,1
10147,1
59259,1
90517,0
92474,0
30137,0
33294,0
98852,1
22015,0
10627,1
68583,1
83084,0
75612,0
22504,0
76727,0
52328,0
81412,1
3131,0
43555,0
52950,1
90048,0
23098,1
33603,1
16376,1
6692,1
66869,1
79620,1
91256,1
41739,0
102576,0
25805,0
68920,0
29504,0
16664,1
37814,0
59108,0
29610,1
92318,1
80103,0
79495,0
34448,1
10550,0
67061,1
9872,0
70967,1
97062,1
3310,0
66253,0
9401,1
18284,0
104444,1
36526,1
18464,1
65218,0
92024,0
13008,0
34209,0
92105,1
91341,0
11421,1
35872,0
53732,1
61539,1
58769,0
57484,1
17093,1
92151,0
5684,1
20588,0
48443,0
47148,1
51175,1
39823,0
61483,1
25580,0
89092,1
18826,0
83176,1
31932,1
88181,0
53784,0
59436,0
13604,0
17994,1
10341,0
57455,0
60749,0
76860,0
71911,1
52189,0
65156,0
71214,0
38699,0
90311,0
43353,1
63449,1
101462,0
67128,0
6493,0
65365,1
7694,1
26636,0
74536,0
42008,0
23215,0
54060,0
92619,1
69051,1
21794,1
101904,1
102271,1
40420,1
70315,0
58050,1
53605,1
53933,1
52394,1
10786,0
65471,0
77900,1
83164,1
9227,0
97552,0
65609,0
6909,1
32132,1
24978,0
12264,0
93052,1
23143,1
37590,0
90127,1
47370,0
86035,0
4939,0
79466,0
6191,0
42523,1
10711,1
53879,1
104094,1
85051,1
1153,0
62852,1
57876,0
24735,0
56985,0
58494,0
36636,1
49986,1
70678,1
11918,1
69254,0
70722,1
9963,0
30041,0
59572,0
42982,1
68841,1
85167,0
85149,1
85709,1
47520,0
32089,1
102007,1
5575,0
93658,0
67759,1
99294,0
51779,1
3426,0
44396,0
51191,1
96170,0
86007,0
34751,0
83249,0
62645,0
104033,1
34623,0
27382,1
53271,0
15853,1
63484,1
30377,0
38724,0
8942,0
7187,1
4379,0
31239,1
97509,1
75356,0
59905,1
99349,0
504,1
9737,1
8458,1
87506,0
27270,1
91482,0
79852,1
44500,1
13821,1
96689,1
69085,1
54708,1
35940,1
60532,1
104240,0
69868,0
32962,0
103168,1
8024,1
97152,1
102639,1
99234,0
26546,0
46556,1
98370,0
98959,1
38667,0
51374,1
23695,1
25868,1
76572,1
10919,0
90954,1
35471,0
45808,0
4233,0
89241,1
19495,1
32486,1
61767,0
97058,0
93010,0
9666,1
49888,0
6661,0
53827,0
17070,1
9378,1
85405,0
10227,0
99722,0
13045,0
24793,1
103821,1
102485,1
95467,1
4956,0
54241,1
47962,1
54520,1
85744,0
65611,0
11258,1
61411,0
85048,1
35955,1
69403,1
101216,0
12061,0
2038,0
12018,1
27604,0
78433,0
1102,1
97752,1
82387,1
32692,1
50813,1
95610,1
40702,0
40864,0
98155,1
79040,0
79150,1
76310,1
90163,0
3286,0
69880,1
84609,1
46006,1
30373,0
36388,0
83816,1
32725,1
21192,1
99410,1
98075,1
2888,1
88154,1
42626,0
41489,1
45623,1
4842,1
48908,0
33302,1
44415,0
80412,0
52568,1
3634,0
12987,1
51765,1
66130,1
61125,1
25570,0
66742,0
42895,0
93289,0
27827,1
52828,1
80852,1
11067,0
75924,0
13108,0
25787,1
62078,1
51774,1
60634,0
17324,0
2990,1
59489,1
12718,1
74086,0
29594,1
96250,0
65099,1
72525,1
88353,1
5530,0
6668,1
55399,1
31546,1
32925,0
47785,1
67630,1
30314,0
9914,1
81600,1
26404,0
10637,1
3867,1
16145,0
78512,1
36288,0
774,0
68194,0
83356,0
55297,1
49925,1
59268,1
1850,0
70321,0
13539,1
46420,0
56349,1
97942,0
60957,0
67790,0
26642,1
69998,0
81342,1
52849,0
101039,1
17370,0
47756,1
15186,0
13239,0
56159,1
95478,1
44621,1
62332,0
71071,1
93075,1
69272,1
40902,1
27164,1
88743,0
67523,0
28569,1
11247,1
7482,0
5812,1
43753,1
93996,1
74289,0
29971,1
86338,1
51707,0
39114,1
90826,1
70615,0
101834,0
6002,0
48113,1
88406,0
28695,1
33728,1
12697,1
56292,1
7179,0
1130,1
54799,1
89613,1
86553,1
60700,0
29980,0
79801,1
25605,0
56711,1
76877,0
1432,1
100743,1
45679,0
94686,1
14672,0
68756,0
37264,0
38018,1
93618,1
60576,0
74164,1
42134,0
66493,0
102467,0
67814,0
102422,0
8952,0
100564,0
11887,0
81819,0
82995,0
78023,1
91598,0
10746,1
53211,0
80211,0
36595,1
54478,0
78140,1
30886,1
52174,1
73609,1
47009,1
86214,0
46642,0
99560,0
27481,1
31400,0
7307,0
72297,0
53986,1
27649,1
19160,0
27438,1
93412,1
13059,0
64649,0
77108,0
44760,0
61333,1
101668,1
1890,1
74694,1
70472,1
82338,0
90713,1
32741,1
64393,0
19369,1
24198,0
50593,1
58564,1
63135,1
30397,0
15220,0
104155,1
102553,0
77299,1
79077,1
72095,0
21390,0
55860,0
32087,0
65820,0
94069,0
28468,0
104292,1
104349,1
8160,0
51521,1
39436,1
89475,0
30524,1
12716,0
85871,0
22550,0
79244,0
9619,1
3358,1
66850,1
41197,1
8209,0
45693,0
40336,1
57361,1
79693,1
97734,0
82792,0
11488,0
41991,0
40747,1
70525,1
89249,0
97940,0
33834,0
65747,1
65785,0
21570,0
87643,0
92767,1
5272,0
85178,1
41460,1
3022,0
56516,1
28838,0
87722,1
33742,0
37993,0
75492,1
51603,1
90294,0
14717,1
27192,1
13015,1
26013,0
78293,1
88173,0
88365,1
92204,0
89101,1
21199,0
83664,1
19412,1
43956,0
65928,1
75544,1
36199,0
25636,0
97485,0
100518,0
28469,1
45025,1
48910,1
81572,0
81274,1
102727,0
20867,0
99530,1
25847,1
5685,0
7665,0
3068,1
48662,0
58936,1
3781,1
60688,1
58970,0
46001,0
12470,0
8766,0
15297,0
32746,1
79000,1
80579,1
88802,0
43291,1
44434,1
30459,1
10940,0
19204,1
1558,0
44114,0
101440,0
37305,0
29903,0
96850,0
14991,0
68452,0
97103,0
95476,1
28653,0
38280,0
103057,0
32987,0
47557,1
76986,0
75900,0
65151,1
91541,0
58724,0
66772,1
87342,0
84159,0
72996,1
76282,1
20196,0
80878,0
48475,0
6870,1
37885,0
88375,0
61068,0
23395,1
1129,0
98760,1
34696,1
38957,0
86590,0
21169,0
60742,1
29890,1
39934,0
16192,1
4397,1
18066,1
65105,0
74565,1
22816,1
96908,0
35748,1
333,1
73204,0
9390,0
35766,1
6954,0
16337,1
88049,0
19258,0
62066,1
10283,1
4394,0
81592,1
101093,0
54081,0
85296,0
73797,0
22522,0
100147,1
88089,1
69126,1
93294,0
81555,1
63317,1
46804,1
95403,1
98617,0
57746,0
21084,0
16349,1
44046,0
3345,0
89122,1
61535,1
20367,1
47199,1
30290,0
90309,0
82174,0
12364,0
4238,0
45817,0
26126,0
23124,1
103141,0
45204,1
16083,1
80477,1
65157,0
89567,1
60721,0
89228,0
18711,0
35190,1
39742,0
90170,0
78654,1
19178,0
11450,0
20483,0
22047,0
28087,0
69948,0
57063,1
27375,0
94934,0
37362,1
83782,0
5961,1
87688,1
26164,1
45917,1
102003,1
39343,0
35987,1
2474,0
47138,0
40193,0
89049,1
47376,0
43560,0
57882,0
4826,0
62761,1
100756,1
18602,1
402,0
5853,1
99334,0
6983,1
7511,0
41219,0
49184,0
21481,0
27838,0
76327,1
43627,1
13598,0
11282,1
13955,1
15248,0
7571,1
31954,1
19052,1
70289,0
27108,0
29140,1
69480,1
17378,0
88433,0
77481,1
23234,0
40411,1
35587,1
7563,1
23730,0
9209,1
59459,0
52872,0
10840,1
21257,0
23421,0
88578,0
1719,1
12698,1
50949,1
28707,0
54360,0
70200,1
72660,0
96996,0
4087,0
3608,1
63221,0
61061,1
92670,1
44546,1
9768,1
85088,1
5844,0
53768,0
72470,0
40708,1
98150,1
6252,1
52672,1
66364,1
10404,0
8211,1
91221,0
4575,0
69408,1
39116,0
81471,0
11504,0
52580,1
41706,0
89061,1
96098,0
71763,0
39849,1
100239,0
65357,0
33822,1
6039,1
64090,1
34564,1
18478,1
22150,1
58932,0
95129,1
96232,0
11775,0
41756,1
18740,1
87367,1
73250,0
68029,0
87554,1
34868,1
7287,1
96408,0
83977,1
46393,1
96471,0
68899,1
54540,0
40516,1
59095,0
21059,0
448,0
67587,0
4600,1
13563,1
10213,0
80389,0
9696,0
29656,1
101487,1
11512,0
5423,1
61039,0
77855,1
90231,1
78872,1
59271,1
74816,0
46848,0
83460,0
44925,1
47227,0
45294,0
81645,0
99917,0
59737,1
43895,0
71161,0
89405,0
30698,1
69738,0
21197,0
69783,0
58200,1
13295,1
64198,1
14782,1
86293,0
27976,1
53396,0
13648,1
43675,1
64745,1
95330,1
62925,0
48906,0
86237,1
55214,1
5456,1
86265,0
23676,0
92101,0
1889,1
45707,1
100425,1
52907,0
54159,0
59910,0
99248,0
41572,0
31580,1
70598,0
53736,0
14001,0
34133,1
102591,0
94847,0
22486,0
94729,1
86585,1
48205,1
97122,1
104064,1
39680,1
8683,1
14396,0
66586,0
9123,1
17659,0
81732,1
30122,0
40378,1
59110,0
27418,1
43663,0
102124,0
36933,1
103724,0
95225,1
51259,0
76628,0
50064,0
58825,1
33660,1
82225,0
16172,1
59909,1
79217,1
15060,0
22771,0
90828,0
22014,0
91137,1
82444,0
95811,0
60785,0
62167,0
82645,1
104774,1
17372,0
73191,1
104268,0
34355,0
85500,1
1902,1
7334,1
26233,0
66886,0
71641,0
63456,1
81472,0
13219,0
99389,0
92035,0
18265,1
18294,1
67491,1
47465,1
65681,0
399,1
79808,1
52657,1
80119,0
16121,0
74582,0
103786,1
90929,1
68036,0
81341,0
30410,0
37392,1
95838,0
100490,0
49055,0
62173,1
41230,0
12868,0
8640,0
17551,0
80361,0
33165,1
8417,0
33657,1
51559,1
74023,1
72116,1
42679,0
30997,1
90861,1
36404,0
47058,1
43382,1
24808,0
30004,1
1071,1
53856,1
78616,1
92175,1
620,0
50961,1
74128,1
1638,1
33949,0
61846,1
12154,0
34433,1
93206,0
53848,1
72566,0
4383,0
62008,1
57916,0
5910,1
92654,0
66176,0
40337,1
90637,1
85921,0
67254,1
72866,0
19635,1
94224,1
33393,0
41221,0
79602,1
46926,1
87243,1
50715,0
72272,0
61001,0
8437,0
12387,0
36487,1
81744,0
49584,1
51498,0
14542,1
31789,0
102148,0
41243,0
66533,1
86673,1
26479,0
24206,1
70507,1
103890,0
36707,1
92524,1
92894,0
87549,1
15430,0
87638,1
73288,0
80764,1
54684,1
61240,0
10706,0
54594,1
100408,1
46403,0
28527,1
56537,1
73756,1
14592,0
65781,1
33564,0
35,1
63253,0
25747,1
605,0
21574,1
32823,1
72015,1
50776,0
58621,0
92664,0
78624,1
85439,0
81275,1
47011,1
56953,0
75898,1
75033,1
27594,0
61313,1
41333,0
53055,0
70897,1
78847,1
22301,1
61361,0
59460,0
40806,0
73697,1
41288,0
79988,1
85411,0
10750,1
26611,1
14508,1
68702,0
75634,0
56511,1
73523,0
81156,1
72441,0
44402,1
656,1
5505,0
7742,0
9380,0
97554,1
90857,0
17309,0
2737,0
26206,0
81262,1
104188,1
11942,1
28354,0
53840,1
60765,0
8077,1
18727,0
89483,1
75014,0
15462,0
49430,0
82814,1
29734,0
27295,0
101261,0
3389,1
19649,0
76371,0
103536,1
62316,0
61268,1
43918,1
81724,1
101131,1
19491,1
47156,1
98041,1
12625,0
30355,1
103726,0
100201,1
24634,0
102895,0
24870,0
3703,1
42876,0
8977,0
84059,1
26061,0
70241,0
81569,0
45491,0
58891,0
69402,1
30640,1
58088,0
63560,1
26742,1
67066,0
1199,0
66121,0
65383,1
66647,1
32256,0
24818,1
98748,0
103329,0
11060,1
99033,1
20502,1
22936,1
67015,0
79920,0
93462,1
71675,0
96538,0
92632,1
1910,1
99093,1
27198,1
14463,1
64207,0
55073,1
53223,1
44278,0
94352,0
93845,1
95628,1
72379,1
29091,0
51450,1
9762,0
94208,0
62163,0
52322,0
103649,0
3380,0
49895,0
104062,1
71203,1
48077,0
62162,1
77153,0
93941,0
30094,1
8168,1
255,1
54934,1
96013,1
51791,0
77322,1
96302,1
12164,0
15595,1
44599,1
21954,0
38490,0
33106,0
25513,0
101437,1
95324,0
1716,1
81334,1
22312,0
49694,1
25976,1
15028,0
90352,1
92194,1
15431,0
50515,1
60642,0
67336,0
93815,1
52801,0
41479,1
23621,1
73709,1
64149,1
12416,1
63094,0
103393,1
44416,1
81559,0
87951,1
56837,1
5703,0
85720,0
10114,0
82381,1
98181,1
74105,1
100654,1
102817,0
33474,0
62334,1
93423,1
85545,1
22322,0
62553,0
62835,0
98178,1
2463,1
70851,0
79043,0
77731,0
45325,0
39107,0
24604,1
93163,1
54164,1
104207,1
13678,0
5025,1
47409,1
50880,0
48654,0
103434,0
104352,1
39818,1
33652,0
59589,1
11529,1
13424,1
84006,0
31265,0
62058,1
56676,0
78508,0
17572,0
11848,1
102288,0
7393,1
31277,1
3524,1
5359,0
38829,0
83527,1
81719,0
16284,1
4455,1
64850,0
15408,0
87666,1
89445,1
14896,0
52456,0
14652,1
103418,0
95482,0
96743,0
46306,1
68415,0
39513,1
36856,0
23841,1
95892,1
41082,1
20742,0
26131,1
43477,1
40612,1
32459,1
75375,0
48720,0
75995,0
72753,1
44260,1
22483,1
78117,0
57496,1
27211,0
86505,0
76343,1
53694,1
34281,1
60198,1
78592,0
41799,0
34747,1
82718,0
40076,1
29244,1
12030,0
102754,1
1901,1
24202,1
23271,1
51804,0
93914,1
92412,0
71494,1
47967,1
40674,0
65774,1
76960,1
13929,1
28232,1
69125,1
58691,0
42257,0
76095,1
54516,1
9314,1
25032,1
80208,0
103529,0
59610,1
82453,1
17040,0
46038,0
5000,1
96182,0
18779,1
42879,0
98189,1
101343,1
38885,0
64223,0
19538,0
19736,1
50176,0
50431,1
80292,0
49764,1
76589,0
64514,1
64576,1
71904,0
99948,1
8651,0
96423,0
102270,0
103635,1
43718,0
9309,0
2720,1
89693,0
21616,0
66067,0
36665,1
78315,1
9217,1
1535,1
21529,0
11312,1
10799,0
72203,0
61930,1
48115,1
11362,1
62621,0
40954,0
31486,0
1122,0
66282,1
19322,1
2384,0
61726,0
69512,1
45904,1
30863,0
52293,0
101189,0
32187,1
84202,1
34845,1
82571,0
92062,1
83748,1
104044,0
65371,1
69061,1
46798,1
38932,0
98927,1
48990,0
54115,0
83962,1
36692,1
17464,1
83045,0
7666,0
72858,1
88247,1
64936,1
81221,0
20184,0
4959,0
99593,0
82417,1
34011,0
60514,1
100853,0
40143,1
68838,0
83870,1
69762,1
26274,0
11645,0
52673,0
12299,0
51988,1
84136,1
75710,0
12595,1
9443,0
100692,1
100750,0
41684,0
66029,1
64497,1
51335,1
21768,0
546,1
67485,0
68773,1
45568,0
74010,0
59172,1
45476,0
100006,0
45426,1
93814,0
25836,0
70314,1
30852,0
23900,0
64992,1
10693,1
1963,0
104624,0
5608,1
2125,1
11909,1
80638,0
67696,1
12731,0
30473,0
102949,1
45327,1
28416,1
27116,1
44031,0
23767,0
6557,1
20176,1
10776,0
63082,1
38550,1
104354,1
68771,1
97406,1
74347,0
34645,1
85240,0
13699,0
77465,0
93768,1
28054,0
72724,1
49337,1
22148,1
64185,0
1211,1
11935,0
84587,1
23554,0
60665,1
12332,0
57980,1
45586,1
15394,1
102750,1
54957,1
37821,0
8352,1
30428,1
47610,0
78995,0
40119,1
15904,0
17566,0
57073,0
6511,0
20525,1
70533,1
35169,1
103213,0
104308,1
78279,0
51737,1
83679,0
104069,0
69337,1
82065,1
15754,1
64830,1
25284,0
72166,0
103465,1
5975,1
24476,0
94711,0
8823,1
34907,0
81640,1
58535,0
46845,0
91875,1
79845,0
78560,1
90000,0
57850,1
99449,1
18898,1
24186,0
13471,1
81476,0
56335,1
64683,0
51249,1
30016,1
54922,0
54558,1
25412,1
13904,1
55936,1
56677,1
55473,1
11774,1
12011,0
76233,1
13308,1
46764,1
58802,1
12764,0
14671,1
84497,1
30113,1
55211,0
99828,1
33423,0
971,1
72205,0
91878,0
33287,1
59911,0
36926,0
88950,1
55418,0
49300,0
48877,0
15290,1
75300,0
104327,0
45550,1
15545,1
72675,0
36032,1
87734,0
73542,1
96012,0
43644,0
19213,0
93874,1
23165,0
99307,1
27513,0
34905,1
101134,0
71347,1
99650,0
37471,1
67306,0
41052,0
61307,1
6487,0
5022,0
103954,1
60251,1
1203,1
90566,1
55433,0
3174,1
82728,1
23363,1
44466,1
64481,1
98837,0
37689,0
23219,0
97296,0
73956,1
27652,0
5805,1
21521,0
86639,0
58492,1
9970,1
77942,0
50409,0
32979,1
32522,0
10625,1
18973,1
93646,1
25191,1
51132,0
12137,1
27517,1
28903,1
59765,1
38227,0
81936,1
49432,1
49512,0
34208,0
22090,1
21674,0
102906,0
8391,1
66145,0
43390,0
3818,0
18449,0
42894,0
41266,0
61218,0
53760,0
41665,1
53925,1
15217,1
82650,1
97532,0
60641,0
39751,1
99326,1
7082,1
92990,0
89021,1
2114,1
75095,0
89751,0
100948,0
99435,1
98785,1
95419,1
3572,0
77255,0
7659,1
48134,0
8213,1
6904,1
29695,0
90731,0
67625,0
36951,0
72545,1
20625,1
32800,1
42153,1
102093,1
7676,0
102688,0
98002,1
99760,1
20262,1
33206,1
49732,0
43845,0
10831,1
14261,1
32759,1
61559,1
13335,0
71142,0
92963,1
19287,1
82800,1
68350,1
5227,1
44539,0
45955,0
2293,0
81582,0
96215,0
103477,0
67674,0
48410,1
79686,1
64652,0
35885,1
8439,0
31252,1
37545,1
65970,1
87853,0
10974,1
84486,1
27696,0
93651,0
86469,1
60206,0
66213,0
92755,1
20204,0
67406,0
51180,1
102881,1
55286,1
41788,1
13231,0
18219,0
38196,1
77654,1
92821,0
103219,0
22306,1
66346,0
62764,1
26452,0
71048,0
90381,1
4832,0
96213,1
18717,0
50222,1
96924,0
86642,1
50487,0
48038,1
6308,0
46605,0
21904,1
59427,0
46739,0
30828,1
36278,1
29973,0
95006,0
79674,1
88251,0
28113,0
19728,0
76764,1
58736,0
58870,1
5571,0
23688,0
33935,1
23966,0
61644,1
19845,1
39217,0
27931,1
9672,0
59035,1
23785,0
2575,0
86110,1
3822,1
42191,1
95014,0
92233,0
54543,0
16303,1
31476,0
42577,1
98746,0
7247,1
56576,0
18697,0
89634,1
28153,0
104577,0
23989,0
86903,0
64743,1
1714,1
22436,0
66974,1
17884,0
28664,1
80297,1
90401,1
10495,1
50204,0
88140,0
33696,0
29912,0
12604,1
76513,0
93730,1
67709,0
95837,0
96112,0
3462,0
34552,1
75826,1
76802,1
68233,0
15638,1
397,1
4607,1
80645,1
35678,0
63438,0
8888,1
96620,1
78499,0
14925,0
80465,0
38748,1
2010,1
66527,0
25767,1
16848,1
51767,0
89976,0
70660,0
1849,0
75896,0
36629,0
50464,1
16298,1
104480,0
85878,1
5964,0
69540,0
31187,0
18644,0
51260,1
35121,0
56062,0
3601,1
28543,1
104549,0
53998,0
98891,0
1149,1
11799,0
42092,1
61621,0
17862,0
5524,0
27873,1
76456,1
2561,1
23285,0
40004,1
7869,0
44728,0
859,1
17958,0
20011,0
5601,1
33905,0
42974,0
19781,0
44908,1
99664,0
104013,1
37441,1
10108,1
101391,0
22223,0
78863,0
78816,1
74499,0
85198,0
10318,0
7939,1
27068,0
90942,0
2211,0
93767,1
70760,0
83496,0
30903,0
84784,0
11109,0
62789,0
67858,1
79959,0
23084,1
42670,1
861,0
89932,0
67556,0
66166,0
66566,1
23051,0
31439,0
49014,1
36095,0
72598,0
36741,0
86406,0
68839,1
84643,1
59609,1
48451,0
20427,1
49028,0
93220,0
93392,1
67978,0
2849,0
83844,1
80486,0
80092,0
49787,1
93807,0
30407,1
6479,1
17342,1
69377,0
36451,0
41561,1
93191,0
48925,1
88473,0
17982,1
31523,0
45354,0
91942,0
73126,1
61598,0
28361,1
57174,1
19095,1
29929,0
69930,0
99751,0
13631,0
80891,1
11096,1
38305,0
47586,1
66467,0
81637,1
69856,0
89647,0
89564,0
15402,1
19755,0
98980,0
52469,1
7280,1
75841,0
71198,0
99958,0
72911,0
83600,0
22841,0
57005,1
24740,1
38410,1
28238,0
57602,0
74268,0
33009,0
17395,1
24300,1
92543,0
56856,1
17430,1
35062,0
27967,0
27097,0
44719,0
102292,1
64691,1
40200,1
80355,1
18617,0
102423,1
17802,1
100765,0
155,0
21810,1
43300,1
23731,0
78798,0
71580,1
13915,1
90900,1
13846,0
14154,0
32298,1
47070,0
21840,1
29642,0
77367,1
24633,1
29147,0
12033,1
67957,1
42504,0
61719,1
18797,1
93535,1
62848,1
1601,1
93142,0
96491,1
24792,0
12360,1
74787,0
67009,0
30217,1
5677,1
87064,0
66845,1
15302,1
100332,0
96734,0
27161,0
18188,0
62272,0
14651,1
10938,1
40329,1
104559,0
34174,1
38268,0
93915,0
81413,0
83190,0
29364,0
42413,0
104526,0
1268,1
67073,1
41347,1
9556,1
31730,0
65907,1
84320,0
46133,1
71037,1
55772,1
99212,1
27718,0
91333,1
23755,0
102577,1
99113,0
98517,0
42761,1
90940,1
20623,0
3948,1
77082,0
36303,1
26301,0
44558,1
82168,1
75682,1
27542,1
88647,0
21114,1
32282,0
19006,0
101807,1
7636,0
93977,0
25444,1
14196,0
1148,1
33609,1
93961,0
70718,1
99161,1
52157,1
31776,1
7625,0
69323,1
73626,1
24728,0
49759,0
99013,1
79942,0
87221,0
101725,1
41118,0
93844,1
48573,1
57370,0
46244,1
68249,0
34119,1
41851,1
7278,1
51602,1
60397,0
14581,0
93259,0
42985,1
2633,1
49660,1
35408,0
74441,1
61506,0
32830,0
14143,1
83950,1
14260,1
707,0
18853,1
45493,0
63347,0
66833,1
69559,1
68913,1
17779,1
6645,1
61156,1
34241,0
94777,1
6175,1
36261,0
86337,0
59780,1
6100,1
6817,0
35445,0
30834,1
4114,1
91171,0
77390,1
93377,1
37579,0
96612,1
94607,0
39592,1
20144,1
60754,0
13367,0
48240,1
102869,1
49063,1
51199,1
53076,1
102606,0
9867,0
629,1
49510,1
1205,0
6376,1
23623,0
826,1
96725,1
35954,0
4186,0
39417,1
58395,1
16671,1
79748,1
41295,1
22456,1
104003,1
43250,0
16630,1
68429,0
100149,0
26834,1
35467,0
75105,1
103926,1
96055,0
52206,1
13030,0
63956,1
45599,1
65348,0
65516,1
33402,1
27674,0
70805,1
22639,1
101576,0
72676,1
23027,1
80907,0
96505,1
68448,0
22079,1
62425,0
57504,0
12047,1
29686,1
98077,1
73884,0
70629,0
73738,0
81318,1
41237,0
43544,1
35438,0
52873,1
31495,1
761,1
11393,0
33588,1
69144,0
99990,0
56961,0
36226,1
34466,1
93272,1
12542,1
76703,1
76381,0
61060,1
46117,1
2836,0
72833,0
73924,0
53715,1
575,0
15272,1
34301,0
33446,1
36174,0
84565,1
20827,0
7524,0
9729,1
31055,0
53389,0
71568,0
72665,1
95091,1
62683,0
50786,0
79902,1
62901,1
33403,1
103495,1
11409,1
99502,0
104822,1
48932,0
15714,1
34273,1
46807,1
98219,1
63353,1
104705,0
47560,0
104226,0
61315,1
59376,1
35604,0
53045,1
4067,0
56101,1
58581,1
100550,1
73865,1
6151,0
24334,0
84909,0
64897,0
28720,0
87236,0
13034,0
65432,0
58314,1
86399,1
89731,1
18586,1
85914,0
75284,1
76621,1
48814,0
24703,1
45570,1
22538,1
78722,1
46572,0
65808,0
68300,1
31045,0
14046,0
54287,1
38083,0
19606,1
78208,0
31726,0
23428,1
103672,1
100140,0
54337,0
30309,1
70052,1
89346,1
3140,0
78120,1
4194,1
97282,1
95882,0
31355,1
31890,0
98546,1
53372,1
98515,0
90592,0
12410,1
74379,1
102314,0
32711,1
87355,0
75760,1
104277,0
24960,1
68141,0
15282,1
31379,1
88319,0
18653,0
93125,1
74405,0
39129,0
66783,0
53139,1
96668,1
76241,0
59904,1
6397,1
7688,1
995,1
3408,0
14288,0
95229,1
902,1
86808,1
76308,0
96973,1
98545,0
90829,0
24753,0
4822,1
33134,1
54609,0
18433,1
6889,1
39014,0
19940,0
102666,1
55023,1
20541,0
5467,0
74387,0
97360,0
29969,1
92394,0
47633,1
29002,0
19587,1
55888,0
40611,1
79749,1
3040,0
5235,0
56160,0
68374,1
59593,0
103493,0
5581,0
86683,1
60678,0
102080,0
92996,1
54476,1
2856,1
28544,1
58238,1
988,0
40896,1
36493,1
63915,0
69977,0
27992,0
77906,1
40853,0
34902,0
30400,1
9797,1
100694,0
60184,0
2628,0
40095,1
5348,1
24948,1
58034,1
6384,0
59508,1
84301,1
18803,0
21788,1
6396,0
44634,1
68711,1
77962,1
9774,0
93483,1
75354,0
13428,1
63737,1
68073,0
42662,0
17875,0
65800,1
43858,1
98388,1
49699,0
23551,1
14781,0
1749,1
12409,1
13519,1
69292,0
22427,1
14298,0
73067,0
99610,1
47452,0
43022,0
68199,1
25778,1
103629,1
63383,1
38492,0
31701,1
73751,1
34196,1
51723,0
56772,0
76842,0
100574,0
92999,0
73411,0
74896,0
30320,1
22085,0
58707,0
33568,0
60797,1
23905,1
52458,0
104434,1
61929,1
26210,0
78199,0
40335,0
13232,0
56936,0
43410,1
92569,1
99866,1
13594,1
41442,0
15851,0
39647,0
64492,0
57667,1
4463,1
96818,1
13524,1
3472,0
36352,0
10537,1
97710,1
90476,1
85639,1
93603,0
5932,0
59733,1
84278,0
97346,1
55526,1
65415,0
85353,0
21436,1
33253,1
20798,1
94214,1
51002,1
44115,0
103369,1
41478,0
22570,0
3011,0
75731,1
87224,0
18329,1
99929,1
80951,0
25608,0
6663,1
82449,1
76400,1
46180,1
2794,0
88949,0
59065,0
40215,1
8647,0
66446,0
13628,0
21816,0
60175,1
102743,0
57639,0
4276,0
76699,1
24374,0
3534,1
10819,1
32820,0
61696,1
98615,1
54167,1
57198,1
92885,0
23196,1
104855,0
23916,1
57410,0
674,0
74004,1
32094,1
19014,0
64112,0
22649,1
24212,0
53231,1
88857,0
72026,1
69225,1
71206,0
4801,1
26732,1
11699,1
30782,1
47887,1
44572,1
80774,1
70859,0
97792,0
86716,0
21063,0
61176,0
51553,1
101652,0
39519,1
15626,0
59613,0
96036,1
77750,1
30729,1
20804,1
4306,1
27075,1
85359,1
62238,0
45961,0
59254,0
5647,0
81207,0
89060,1
44753,0
57382,0
94957,1
50937,0
42661,1
7403,1
23362,1
24959,0
52361,1
66777,1
14927,0
20416,0
1087,0
32602,0
61442,0
74462,0
99770,0
26166,0
64420,1
30128,1
81279,1
10884,0
59284,1
61987,0
71315,1
2906,1
72153,0
23752,0
51586,0
41956,0
22146,0
39909,1
78602,0
603,0
104300,0
69705,1
59892,1
98941,1
64934,1
79441,1
16851,0
100910,1
89433,0
27322,1
74238,1
76353,1
2325,1
68188,0
5878,1
32743,0
31351,1
10617,0
77288,0
103798,1
22343,1
47922,0
58452,0
15054,1
14089,1
54452,0
10152,0
60659,0
35537,0
60049,0
69503,1
62138,1
104628,1
83813,0
89520,0
75232,0
4891,0
45447,1
48368,0
79229,0
66789,1
51255,1
25339,0
61917,1
79921,1
25473,0
38694,0
58520,0
101082,1
96265,0
50951,1
27540,1
37324,0
13792,1
26429,1
101574,0
58042,1
1736,1
47761,1
6016,0
83622,1
58179,1
36052,1
23035,1
21258,1
40120,1
13827,1
80794,0
33589,1
6145,1
63031,0
43147,0
61291,0
41598,1
19193,0
73796,1
65945,1
80286,1
64973,0
91744,1
72668,0
99041,0
55536,0
12339,1
12415,1
3212,0
54696,0
17721,1
62487,0
99037,0
89426,0
25297,1
86996,0
37651,0
15764,1
16350,1
57640,0
36292,1
48719,1
21741,1
78510,1
27984,1
101264,0
10172,0
86029,1
66986,0
75984,0
97665,1
87942,0
84100,0
13911,1
40162,0
63516,1
101734,1
18351,1
4594,1
11087,1
70190,0
103879,0
42211,0
96465,0
64346,0
8327,1
47474,1
97749,1
3208,1
54393,1
56828,0
28353,1
3829,0
104037,1
3562,1
38104,1
25010,1
99069,0
4541,1
85400,0
96897,1
83926,1
4691,0
45674,1
69979,0
33653,0
36894,0
15785,1
56279,0
92595,1
13599,0
50147,0
44708,1
33924,1
95177,1
78895,1
92577,0
10349,1
80047,1
22971,0
56451,1
34671,0
19858,1
57035,1
77103,0
97944,1
67638,0
7955,1
65717,1
26743,1
73100,0
59714,1
1158,1
3901,0
99705,0
98106,0
73330,1
46045,1
5969,1
21537,1
77955,0
31074,0
89920,0
70125,0
36953,0
30302,1
20468,1
2834,1
48255,1
75037,1
3418,0
25495,1
20893,1
80680,0
12125,0
16250,0
22251,1
18991,1
61258,1
79754,0
9423,0
62651,1
11474,1
69598,1
8956,1
26695,0
8879,1
40696,1
63655,1
2210,1
64048,0
7485,1
69595,0
33319,0
59699,0
91188,0
11041,1
101379,1
76858,1
38123,1
46583,0
70090,1
12997,1
87995,1
48011,1
11865,1
62143,0
51861,0
63828,0
20976,1
32065,1
63969,0
42249,1
34409,1
39939,0
104397,0
46322,0
97157,1
10128,1
63342,0
22568,0
37987,0
55629,0
95860,0
2969,0
93873,0
27099,0
31964,1
44262,0
23218,1
66982,1
71980,1
29914,0
38149,1
72993,0
95380,1
61223,1
44612,1
86708,0
11541,1
49416,0
73909,1
63708,0
81400,0
93776,0
66928,1
5249,1
67684,0
42827,1
72375,0
99277,1
74714,0
5784,0
67959,1
92698,0
100740,0
84916,1
50425,0
27281,0
62612,0
25559,1
68956,0
13806,0
86140,0
73866,1
11623,0
77061,1
66373,1
87395,0
49291,0
69569,1
794,1
40462,0
11287,1
4571,1
8583,0
51596,0
57836,1
40011,1
48832,1
79861,1
61799,1
80017,0
43060,0
97893,1
26536,1
20994,1
73114,0
30193,1
10990,0
91664,0
52058,0
87673,0
56650,0
61324,1
54277,0
46737,1
25059,1
2875,1
17267,0
94739,1
94226,1
15934,0
78737,1
5190,1
42830,1
103565,0
97182,0
78525,0
22939,1
63654,1
87574,1
62488,1
36679,1
31710,1
70185,0
35371,1
46468,0
92601,1
102072,0
53803,1
90916,0
88889,1
96873,0
45793,1
52371,0
77765,0
74465,1
34869,1
38981,1
9548,1
31935,1
50299,0
103835,1
12065,1
83247,1
78637,0
46949,0
86879,0
66662,1
61334,1
14883,0
42409,0
17066,1
28616,0
2743,0
24167,0
23169,1
983,1
88763,0
33768,0
73649,1
61611,1
16342,1
37699,1
65094,1
102134,1
86142,0
47018,1
32781,0
39446,0
42543,1
8571,0
85775,1
27133,0
90430,0
26852,0
34703,0
64681,1
81155,0
67774,1
7228,0
11085,1
44810,1
80458,0
93060,0
103833,1
24204,1
34678,0
71758,0
65060,0
23306,1
64123,0
97045,1
77110,0
63202,0
37355,1
13712,0
99858,1
92815,0
64364,0
54106,1
59467,1
4667,0
75521,0
61966,1
37289,1
43315,0
68972,0
59888,0
1883,0
16579,1
57430,0
84775,0
33229,0
100422,1
77565,1
55651,1
53870,1
54463,1
101129,1
89605,1
39243,0
77678,0
87659,1
56050,0
78313,1
12489,1
65219,1
10913,1
89874,0
65056,0
28781,1
34823,0
91592,0
78551,0
96970,0
32765,1
56371,1
10803,0
13450,0
13514,0
30638,1
42067,0
37207,1
100538,0
17847,1
53533,1
95597,0
70017,0
97592,0
99690,0
63539,0
9476,0
45841,1
88109,1
60487,0
70565,0
87403,0
95994,1
17784,0
58147,0
34421,0
93836,1
10985,1
46659,1
17698,0
22854,0
96104,1
74750,0
100737,1
104035,1
103428,0
54959,0
40984,0
29744,1
91915,0
42775,0
8876,0
6971,1
5795,0
36875,0
29055,0
3332,0
46327,1
36566,0
94690,1
7154,1
32492,0
10644,0
2444,0
91923,1
10705,1
104086,1
2476,1
37791,1
15791,0
92579,1
96133,0
95492,1
103085,1
45183,1
81071,1
60844,0
14468,0
52853,1
57279,1
69842,0
100022,0
22656,1
68906,0
56555,1
47172,1
44667,0
98118,1
67326,1
16297,1
56262,1
39152,0
32433,0
85853,1
71876,0
79169,0
58880,1
80753,1
11435,0
71829,0
102526,0
47165,1
44438,1
11781,0
70669,1
10880,1
4573,0
78711,1
92842,0
55812,1
73436,0
5026,0
15042,1
80224,1
72361,1
11726,0
21016,1
49886,1
43129,1
37749,1
83945,1
35563,0
56964,1
98492,1
38198,0
498,0
51718,0
4105,0
76568,0
104015,0
14338,1
42111,0
52924,0
90240,0
90047,0
2564,1
22020,1
5388,1
34432,1
22860,1
99102,0
181,0
71879,1
98493,0
97111,1
96929,1
42029,0
39562,1
37827,1
26343,0
92635,0
57568,0
49710,1
167,1
34588,1
98156,1
19971,1
51566,1
57297,1
18887,0
24283,0
22359,1
99104,0
49807,1
35546,1
56427,1
44463,0
3105,0
19023,0
48701,1
97582,1
69651,0
89263,1
30817,0
17333,1
95304,1
31781,1
71030,0
89619,0
36148,1
89947,0
42736,1
72045,0
93119,1
16379,1
95174,0
16191,0
66557,0
24827,1
54656,1
75954,1
27035,1
34839,0
71770,1
83608,1
2161,1
73885,1
57209,0
85734,0
79327,0
52171,0
10196,1
51882,1
46290,0
4885,1
45015,1
42821,0
16523,1
23303,1
80786,0
9019,1
74476,0
28783,1
53702,0
54334,0
69536,1
99818,1
9505,1
53683,0
74430,0
26553,0
49609,0
44756,0
42485,0
70352,1
15601,1
91854,0
104,1
103437,1
10754,0
97475,1
100411,1
23116,1
62286,1
96871,0
18124,1
95222,1
94883,1
59341,1
40019,0
52298,1
21004,1
99276,1
71500,0
29782,0
5454,0
44318,0
48868,1
39236,0
87851,1
44781,1
61760,1
100221,1
4504,1
52923,0
30378,1
69123,0
100746,1
7779,1
58671,1
50665,0
3696,0
90697,1
27366,0
30682,1
27868,0
7494,0
10894,1
51772,0
45048,0
100275,1
58899,0
21937,0
48030,1
90373,0
74764,1
42422,1
20279,0
57802,1
53926,0
26145,0
18203,0
45907,0
30678,0
19519,1
62940,1
79155,0
876,0
79876,0
30297,1
39070,0
77643,1
31141,1
90727,1
15124,0
9986,1
18872,1
48998,0
60941,1
7796,0
66741,1
44676,0
8548,0
71559,1
69691,1
95483,1
46423,0
98376,1
86253,1
56074,0
67522,0
43827,1
50744,0
60456,0
4705,1
16758,1
26737,0
35495,0
13800,1
55483,0
55278,0
40248,1
101672,0
54382,1
49808,1
13125,0
96479,0
13742,1
65739,1
19211,1
94507,1
50785,1
93635,1
23297,1
3762,1
55030,0
59242,1
44502,1
18419,0
49441,0
97041,0
68063,0
14894,0
29404,0
98708,0
40757,0
67710,0
43283,1
46003,0
92439,0
38997,1
24327,1
80257,1
1702,1
21765,0
23178,0
14078,0
48511,1
44845,0
100963,0
64438,0
25274,1
28530,1
102336,0
38836,0
9273,1
81796,0
44059,0
58513,1
9098,0
11971,0
14296,1
53269,1
3992,0
73358,0
73776,1
72123,1
74543,1
27047,1
69844,1
69333,1
74303,1
495,1
94958,0
51754,1
48439,1
93870,0
104113,0
61912,0
34035,1
97077,0
24200,0
62532,1
72071,0
86941,0
13352,1
33036,0
79304,1
17925,0
70031,1
20868,0
7683,1
11485,1
88809,1
50499,0
35843,0
86333,0
59727,1
72150,1
67093,0
60824,0
7013,1
19424,1
84230,0
25094,1
39987,0
82177,0
72110,0
85512,0
71941,1
38840,1
37409,0
35463,1
56476,1
52552,0
79515,0
94575,1
9886,0
81017,0
47715,1
7942,1
82933,0
31559,0
66995,1
37780,0
30118,1
19430,0
77681,1
32203,1
94227,1
1609,1
4266,1
24195,1
25576,1
14185,1
25515,1
101998,1
76446,0
11049,0
87567,1
50592,0
32694,1
65443,1
52256,0
46611,0
54999,1
33283,0
72180,1
67253,1
54331,0
69316,1
7368,1
67799,0
50142,1
27135,1
48020,1
38814,1
35480,1
38408,0
50888,1
81461,0
42588,0
55092,0
68785,0
61265,1
86220,0
75073,1
55354,0
27294,1
103018,1
63474,1
16189,0
62871,1
30043,0
48584,1
15732,1
94719,0
83023,1
65735,0
82391,1
14630,1
21734,1
69581,0
15189,1
65040,0
12291,0
13850,0
29715,0
50981,0
80798,0
78219,1
42863,0
26220,0
29172,0
99974,0
77664,1
1106,0
95673,1
21457,0
63911,1
87964,0
45097,0
19560,0
34792,0
88458,1
21849,0
36621,1
27853,1
8737,1
87312,1
91215,0
8359,0
46013,1
31541,0
36559,0
20651,1
71482,0
47917,1
21318,0
80115,1
11224,1
3148,1
19388,1
84594,1
91516,1
86166,1
82151,1
100404,0
43293,0
31946,1
36055,1
650,0
100062,1
35313,1
61550,1
86096,1
64742,1
19897,0
19103,0
60603,1
72460,0
34953,0
29582,0
88898,1
51799,0
50545,0
100667,0
56116,1
36245,1
93293,0
15741,0
23277,0
59369,0
42877,1
40818,1
63107,1
63669,1
13086,0
70280,1
72898,1
95532,0
64883,0
32624,0
21759,0
89197,0
71665,0
59771,0
38472,1
60885,1
76629,0
95182,0
37150,1
28861,0
26302,1
99710,1
33939,1
55383,0
47354,0
30412,1
97150,1
77383,1
900,0
31489,0
7118,0
46952,1
3058,1
32768,1
33387,1
7981,1
87990,0
88118,1
370,1
43803,0
104252,1
29519,1
56657,1
95289,0
102701,0
97030,1
83091,0
18816,0
64798,1
46165,1
12557,0
38603,1
54626,0
55602,0
42927,0
77717,1
75138,1
37815,0
75395,0
14481,1
7677,1
80390,0
54948,0
93513,0
46918,1
54805,1
23555,0
31331,1
60595,1
6050,1
76070,0
609,0
42997,1
60821,0
33481,1
4285,0
11483,0
87169,0
74038,1
71718,0
73465,0
62949,1
93775,0
51230,0
103011,0
61297,0
23487,1
48478,1
43621,0
75766,1
69360,1
103001,0
75140,1
69088,1
87619,0
59424,0
26319,1
59158,1
29993,1
45170,1
100516,0
72058,1
36893,0
70416,1
94656,1
25090,0
64944,1
66193,1
97967,0
52868,0
33162,0
96961,1
27687,1
76571,0
44167,1
80775,0
55775,1
3763,1
52681,0
17307,1
98683,0
81886,1
48508,0
12876,0
93237,1
67976,0
71591,1
96089,0
66573,0
83555,0
36669,1
35672,1
63838,0
86934,0
19233,0
13964,1
37804,0
84508,1
80373,0
41803,1
80434,0
3427,0
58223,1
5766,0
33683,1
102189,1
29337,0
41634,0
42277,1
96216,0
87275,1
42701,0
55866,0
37059,1
93785,1
54555,1
52767,1
100579,0
80282,1
80473,0
1118,1
81166,0
70220,1
17863,0
66824,1
54924,1
42219,0
30784,0
77468,1
13254,1
31377,0
94877,0
91495,0
36422,0
49943,0
69720,1
751,0
90158,1
84521,0
3272,0
32182,1
84330,0
102765,0
77945,0
22977,1
93803,0
69906,0
16481,1
71130,1
67721,0
72394,1
61058,1
83138,0
88552,1
49961,0
78769,1
12066,1
87596,1
81109,0
31910,1
54527,0
35182,0
459,0
79596,1
83897,1
50402,0
80178,1
74737,1
17364,0
77665,0
53977,0
71613,0
6766,0
65696,1
20858,1
61107,0
83783,1
23750,0
90003,0
26556,1
104367,1
74400,0
3486,1
95087,1
92472,0
83381,1
66353,0
92370,1
104341,1
71244,1
26767,0
48069,1
54513,1
80097,0
92694,0
43754,1
72098,1
5963,1
3128,1
65703,0
63300,0
40608,0
12082,1
29538,1
88498,0
31132,1
104364,0
93590,0
15885,0
12786,1
3151,1
69568,1
102293,1
93823,0
50269,0
53899,1
101140,0
15911,1
28681,1
81295,0
28661,0
40993,1
87936,0
20206,0
84488,0
49128,1
21796,1
78538,1
90601,1
82534,0
43160,1
98000,0
66051,1
30,1
69905,1
50323,0
93331,1
2511,1
102150,0
103446,0
73413,1
45529,0
66430,1
100867,1
48852,1
69037,0
73290,0
83888,1
13879,1
8376,1
65507,0
47469,0
83712,1
5777,0
11570,1
2372,0
103312,0
37221,0
45545,0
72839,0
30470,1
40788,0
56721,1
8703,1
89703,0
27221,1
49225,0
60616,1
15139,0
40483,0
57102,1
99928,0
15991,1
61406,0
95296,1
16958,0
95537,1
63811,1
13856,0
19278,1
23092,0
39532,1
715,0
52603,0
65714,1
60737,1
53306,0
84357,1
23023,1
35963,0
8869,1
53844,1
92289,0
15883,1
103559,0
93810,0
100620,1
43006,1
42070,1
79308,1
4260,1
50223,0
68381,0
67258,0
28877,1
93099,1
99833,0
51949,0
18012,0
12552,1
25945,0
73051,0
93686,1
34054,0
32075,1
42620,1
63117,0
1574,1
32417,0
9370,1
51935,1
66384,0
49001,1
34548,0
81576,0
13545,0
5015,1
54907,1
35136,1
60152,0
104221,1
92494,0
35763,0
81649,1
10613,0
91987,0
27576,1
82591,0
45994,0
84318,1
29014,1
3681,1
11768,0
64544,1
87220,1
53797,1
24569,1
57432,1
37177,1
74301,0
80024,0
15717,1
77014,0
41497,0
43305,0
37886,1
57855,1
98301,0
2256,1
36606,1
61923,0
84782,1
4057,1
103020,1
58659,1
99386,0
27371,0
19453,1
80112,1
91531,0
69915,0
37587,0
89669,1
5361,0
99564,0
28296,0
72271,0
65879,0
87559,1
7163,1
90964,0
102249,1
39301,1
47939,0
64559,1
18900,0
45527,1
79609,0
32037,1
32572,0
61440,1
96010,1
26647,0
17945,1
53810,1
83080,1
28882,1
63010,0
51244,1
103033,0
73179,1
64025,1
99830,1
35573,1
84350,1
40679,0
35027,1
1464,1
58457,0
103226,0
82674,1
40573,1
67745,0
16991,1
27794,1
671,0
64487,1
50128,0
71599,1
21586,0
23191,1
87944,0
49723,1
27275,0
104715,0
55275,1
70273,1
77510,0
12429,1
13210,0
29018,0
1398,0
9973,0
51775,1
9311,1
94578,1
67609,1
39961,1
29207,0
58329,0
30450,0
17478,1
22196,1
17094,1
101842,0
16647,0
101857,0
55736,1
73376,0
6219,1
14265,1
57964,1
80557,0
104412,0
36035,1
49442,1
69329,1
103582,0
68052,1
50759,1
91615,0
94622,0
64392,0
68527,1
100066,1
97121,1
102059,1
55674,1
25308,1
34453,0
35857,1
278,1
2591,0
7218,1
8710,0
50055,1
88333,1
71682,0
73445,0
85985,0
29153,0
14269,1
35335,1
82784,1
1744,1
38475,1
28901,0
15548,0
31360,1
55810,1
12102,1
20781,1
5875,0
104422,1
80714,1
1324,0
90150,1
23192,0
50767,0
98502,1
39786,1
61396,1
94365,0
100554,1
41800,0
46047,0
99216,1
52236,0
20882,1
70085,0
25571,0
96368,1
9674,1
93464,1
3989,0
41019,1
20352,1
57560,0
83105,1
91028,1
90622,0
16407,0
48067,0
73309,1
67203,1
54946,0
22935,0
51299,0
79385,0
68654,0
16922,0
62060,1
46266,1
104489,1
70953,0
8523,1
51759,1
25654,1
80469,1
4805,0
72687,0
60180,0
67591,1
103350,1
13807,0
22227,1
18187,1
29319,0
24727,0
37394,1
17978,0
47139,1
54965,1
88153,0
98704,1
55413,1
95372,1
29451,0
104081,0
33282,1
10702,1
76331,0
60876,1
100095,0
74013,1
64504,0
96943,0
22571,1
76115,1
68507,0
79411,0
40108,1
61789,0
46985,1
47073,1
45443,0
102343,0
35616,1
102691,0
34620,1
56574,1
14958,0
51150,0
38183,0
14488,0
34644,0
71799,1
5171,0
53009,1
47768,1
31894,0
81864,0
54465,0
29583,1
39405,0
69832,0
35525,0
66055,1
32974,1
13131,1
19181,0
83716,1
78702,0
856,1
44635,1
104132,0
33490,1
85997,1
47901,1
35500,1
67777,1
24057,0
93882,0
78590,1
101841,1
79924,0
104725,0
39834,1
20409,0
70709,0
6081,1
3592,1
22309,1
65936,0
55269,1
2287,1
78597,0
60713,0
55721,1
95999,0
69942,0
82535,0
80483,0
9254,1
38890,1
83720,1
34001,0
64163,1
66240,0
71098,1
3750,0
24951,1
104375,0
55567,1
69700,1
67700,0
66733,1
53639,0
38223,1
33953,1
56252,0
80150,1
55892,0
79448,0
42592,1
50396,0
49552,0
35418,0
84610,1
37648,1
6295,1
76002,1
75923,0
22510,1
51669,1
17525,1
24909,0
1316,0
104500,1
65639,0
34963,0
17005,0
31154,1
101888,0
89193,0
49214,0
46011,0
100015,0
3779,0
74015,1
103723,0
34705,0
16271,0
39918,0
95213,0
59492,0
17609,0
13838,1
48693,0
78977,1
4743,0
85587,1
6505,1
2892,0
92931,0
9695,1
58944,1
94116,1
95864,0
28535,1
15455,0
71755,1
16499,1
87590,1
2467,1
14178,1
85247,0
14968,0
70511,0
4657,0
2930,0
69399,0
71375,0
57943,0
49084,0
55254,1
7711,0
73666,0
77969,0
86549,0
22287,1
142,0
41535,1
73657,1
89430,1
84016,0
67582,1
29880,1
87106,0
60072,0
9543,0
61023,0
27857,0
54171,1
45249,1
79430,1
62151,0
66507,0
101254,1
102905,1
36497,1
35144,1
27723,1
14058,0
81343,1
11203,1
65923,0
69251,1
49538,0
72052,1
29262,1
103891,1
46,1
5916,1
96464,1
47213,0
68002,0
75946,1
89332,1
66550,0
64825,0
56847,1
9721,0
93675,1
77662,1
30656,0
7433,1
37304,0
14482,0
4500,1
32109,0
9583,1
101704,0
43149,0
91790,0
31189,1
97,1
79161,1
71222,0
94824,0
77562,0
56312,1
87751,0
81696,1
13088,0
90010,1
41571,0
13956,0
84672,0
17340,1
24823,0
82820,0
40310,0
67396,0
89456,1
61393,1
57051,0
90327,0
25719,0
33063,0
2541,1
27105,0
21967,1
64135,1
103087,1
20329,0
89080,1
14015,0
62959,0
89540,0
101653,1
8180,1
50031,0
20996,0
97950,1
85817,1
46813,0
82921,1
31241,1
93593,1
6838,1
43282,0
2783,1
60060,0
891,1
89266,0
44374,0
93956,1
97784,0
19565,1
40012,0
3459,0
35958,1
94830,0
24373,1
104516,0
97287,1
4384,1
46294,1
79639,0
75189,0
39300,1
76416,0
54618,1
48222,0
343,1
84111,1
63167,1
20463,1
12795,1
23702,1
53408,0
48098,0
40911,0
103567,0
100778,0
78792,0
61100,1
70657,0
66411,0
64369,0
89302,1
38349,1
62960,0
53548,1
77307,0
82495,1
63626,1
30405,1
61590,0
73478,0
47463,1
66672,0
92070,0
33829,0
1070,1
60593,0
25463,1
101975,0
40733,0
70070,0
46791,0
74638,0
69478,1
98903,0
5377,0
97581,1
64188,0
73112,0
42251,0
86147,0
20456,0
46534,0
22741,0
97457,0
87251,0
27384,0
16556,0
102071,1
59163,0
20760,1
3127,0
70999,1
59165,0
21173,0
75359,1
54872,1
27271,0
26583,1
92470,0
21722,1
103233,0
14005,0
84851,0
46453,0
13944,1
98428,1
100534,1
65777,1
40687,1
33982,1
74423,1
74958,1
45040,1
25574,1
29177,0
26609,0
31944,0
47647,0
19130,1
93666,1
16235,1
617,0
14117,0
74382,1
1734,1
15488,0
5626,1
19376,0
5990,1
33694,1
60280,1
86939,1
27177,0
101868,0
9157,1
37514,1
21475,0
93189,1
75097,1
78050,0
22602,0
27882,0
34100,0
90405,1
12085,0
1619,1
69418,0
81641,1
32460,1
31030,0
58657,0
55961,1
51709,1
88790,1
1517,1
59723,0
84691,0
89330,1
37284,0
78628,0
76176,0
100065,0
23491,1
39920,1
69530,1
51028,0
25635,0
101501,1
34683,0
79776,1
85638,0
67379,1
26256,0
18896,1
79655,0
36111,1
37527,1
30689,1
84160,1
65170,0
35404,1
36172,1
35548,1
37796,0
29010,1
88040,1
25237,1
12151,0
26122,0
13020,1
55332,1
62326,1
30502,0
24384,0
78232,0
72553,0
79606,0
82505,0
78500,1
28646,0
1700,1
78869,0
81419,0
54833,1
37252,1
93560,0
58417,0
55607,1
33650,1
37481,0
101494,1
35845,1
100817,0
102094,0
74893,0
45228,0
30777,1
52784,0
75541,0
100087,0
95868,0
69340,0
17664,0
7862,1
43770,1
64105,0
41032,1
39069,1
1312,0
45487,1
86384,0
52118,0
87476,1
31654,0
59864,1
64313,0
19724,0
1096,0
59797,1
94528,0
10234,0
80901,0
65058,0
70168,1
2070,0
70366,0
38249,0
43194,1
62393,1
15928,0
45615,0
52807,1
75484,1
94966,0
21146,0
18771,0
93477,0
31551,1
92419,0
96553,1
92880,1
88618,1
32290,0
103381,1
68595,0
48749,0
97134,1
40821,0
40133,0
84448,1
49936,1
22089,0
55104,1
19348,1
61177,0
25177,0
87630,1
5371,1
65478,0
39774,0
100093,0
61209,0
23556,0
83052,0
13371,0
49352,0
101870,0
36440,1
390,1
9944,0
39136,1
99737,0
101184,1
22866,0
85758,1
20663,0
26528,1
57449,1
3523,0
59266,1
42080,0
58472,0
49872,1
62507,0
69549,0
103965,1
2715,1
29163,0
59591,0
29566,0
16749,1
39507,1
49230,0
77569,0
29422,1
33093,1
46022,1
41035,0
59389,1
9675,1
57715,1
94303,0
46014,1
15313,1
5424,0
58730,0
59289,1
56382,1
81065,1
59260,0
89385,0
89287,1
60370,0
91111,1
23081,0
20613,0
5513,1
34084,1
4509,0
41041,0
91791,0
59434,1
104751,0
83820,0
3717,0
35047,0
7370,0
41397,1
76650,1
17326,0
5438,1
55879,0
87054,0
6241,1
77601,0
56928,1
50565,1
33656,0
79299,1
63700,1
43816,0
61905,0
98910,1
58082,0
93043,0
100576,0
64310,1
73945,0
56783,0
4244,0
71393,0
2072,1
34237,1
43721,0
22961,1
30590,0
49097,1
17593,0
75253,1
70600,0
99934,1
89825,1
55757,1
67001,1
92525,1
95923,0
75952,1
62855,0
51113,1
68303,1
9734,1
90528,1
6594,1
103139,1
58810,0
22192,0
9225,1
78686,0
79958,0
79485,1
24183,1
9878,0
56272,0
21069,1
103162,1
98241,1
91004,0
15893,0
90210,1
31736,0
85022,1
67969,1
20203,0
7758,0
59775,0
102540,0
68928,0
49024,0
27895,1
89730,0
75716,0
45673,0
97524,0
79536,0
76868,0
103333,0
66539,0
62883,0
102332,0
25949,0
87895,1
21088,1
60252,1
79507,0
37718,1
26604,1
66418,1
53173,1
86844,1
71423,1
2908,0
94220,1
35222,0
7851,1
78490,0
9052,1
23810,1
47200,0
76084,0
55061,0
45107,0
29652,0
65743,1
28732,1
31575,0
86450,0
102848,0
44218,0
55522,1
80658,0
79003,1
124,0
65087,1
37750,0
69447,1
91856,1
20049,0
8111,1
59762,0
66668,0
3590,0
88114,1
68544,0
59211,1
33679,0
16057,0
59167,1
102866,1
43893,0
18407,1
30384,0
49152,1
1132,0
9104,1
91128,1
53966,1
79463,0
25810,0
16780,1
87325,1
59521,1
25857,1
32017,1
84250,0
63613,0
68078,1
86943,0
59115,0
92208,1
82377,0
19709,1
61214,1
99497,1
30210,0
91182,0
65637,1
102264,1
53376,1
82041,0
97042,0
5017,0
75895,0
15713,1
86798,0
99369,1
25543,1
93954,1
94279,1
87642,0
79144,0
37933,1
47381,1
71370,1
33721,0
70788,1
85302,1
88279,1
89342,1
100488,0
5859,0
59135,1
45053,0
38702,1
60817,0
57575,1
64193,1
5636,1
4291,1
72941,1
1459,1
36154,1
24715,1
90781,1
77011,1
58530,0
11014,1
9936,0
59126,0
39677,1
33583,0
55958,1
10123,0
33584,1
8076,0
20940,1
19555,1
64342,1
56203,0
100148,1
21350,1
60682,0
23947,0
14606,0
4782,1
32779,1
50075,1
98098,0
90319,0
8228,0
75506,0
54384,1
61222,1
6256,0
8723,1
29121,0
37638,1
15128,1
82519,0
7139,0
50358,1
41985,0
21690,0
41432,1
92490,1
26751,1
3253,0
72056,0
38757,0
71956,0
29075,0
38538,1
99743,0
68794,0
39945,0
96637,1
94572,0
93306,0
50843,0
65168,1
84226,1
86963,1
30531,0
86558,1
2950,1
56903,0
63285,1
1952,1
24014,1
41874,0
97056,1
66473,1
67429,1
6105,0
7845,1
75293,0
10308,0
51308,0
35619,1
24126,0
66421,0
94855,1
99757,0
43842,1
45103,0
98227,0
50782,0
58534,0
102622,0
31199,0
15935,0
42512,0
54800,1
85970,1
40525,1
16512,0
56230,0
53284,0
34495,0
55242,0
98114,1
18690,1
26375,0
3142,0
33200,0
83183,1
67750,0
43101,0
84774,1
74709,0
96129,0
11315,0
9219,1
71884,0
54368,0
77351,1
89344,1
85904,1
94070,0
35711,0
29149,1
81261,0
79543,1
75540,0
59430,1
104431,0
22728,1
56195,0
92401,0
93310,0
65804,0
56549,1
79228,0
79127,1
17988,0
73210,1
88197,1
67612,0
13268,1
84552,0
17423,1
2785,0
18412,0
12374,1
64116,1
30589,1
74844,0
10907,1
30552,1
58017,1
24862,0
76075,0
83021,1
78451,1
35948,1
78527,1
36374,0
12629,1
1812,1
88176,0
96309,1
98272,0
96507,0
8338,1
9582,0
14745,0
58354,0
37981,1
88880,0
4767,0
77318,0
62869,1
37484,0
9813,1
38647,1
38049,1
52961,1
70348,0
28742,0
97149,0
16085,0
73054,0
2440,1
84450,0
41170,1
40594,0
3273,0
100971,1
31323,0
63149,0
53575,0
95317,0
86523,0
10185,1
92571,0
69436,0
27751,0
5554,1
90827,1
89819,0
14335,1
28537,1
7181,0
69996,1
100810,1
68396,0
58976,0
50658,0
98836,1
80316,1
40405,0
17036,0
95657,0
41143,1
96394,0
46316,1
62483,0
54454,0
99107,0
104757,1
9244,0
76323,1
78481,0
3347,0
53190,0
45776,1
43591,1
55124,1
16019,1
1653,0
54755,1
82226,0
23660,1
83279,0
13111,0
24965,1
9117,1
35355,0
63752,1
19084,0
84698,0
40320,1
28229,0
14322,1
100105,1
74979,0
42893,0
75273,0
92523,1
26146,0
19326,1
26615,0
67310,1
44482,1
103008,1
82561,1
52651,0
67458,0
55349,1
84110,0
8817,1
15684,1
58102,1
8284,1
27500,1
47546,0
6619,1
35769,0
55574,1
71084,1
86086,0
69442,1
13253,1
28485,0
3381,0
29756,0
42424,0
20748,0
6471,1
16892,0
50839,1
12226,1
79982,1
89788,0
34487,1
219,1
77652,0
3051,0
97633,1
50987,1
5679,0
77723,0
18699,0
16247,0
15905,1
80256,1
28754,0
82004,1
89592,1
54144,1
85767,1
96711,0
29937,1
49125,1
26763,0
25742,1
51011,0
64197,1
30266,1
20319,0
25547,1
97536,0
22834,1
34362,0
82420,1
30846,0
52762,1
104648,0
67538,1
77116,0
75478,1
39705,0
3629,0
44679,0
49178,1
23577,1
99095,0
17076,0
34177,1
71371,1
76457,1
15860,1
94722,1
16089,1
78020,1
14818,1
97899,1
100739,0
52223,1
15238,1
86092,0
66250,0
21532,1
68048,1
27419,1
74852,0
9186,0
70968,1
25558,1
90534,0
6583,0
49818,0
72199,1
80277,1
15452,0
6868,0
42152,1
28799,0
21431,0
52391,0
21055,1
57169,1
94951,0
100601,0
16876,0
99383,0
102507,1
90314,1
15418,0
13899,0
44081,0
42082,1
85066,1
84426,0
93627,1
81554,0
51340,0
8310,0
58587,0
1643,1
80671,1
3313,1
97615,0
100955,0
56182,0
18385,0
5195,0
3903,0
2662,0
34479,0
89225,1
48652,0
72284,0
22980,0
81370,0
62705,1
67368,0
12132,1
95983,1
86638,1
35015,1
103995,1
76564,0
30896,0
25712,1
69275,0
68707,1
101344,0
4893,1
23096,0
53877,1
6178,1
69367,0
82682,1
74178,0
55222,1
92761,0
96433,1
84585,0
10027,1
55025,1
47896,0
13882,0
41660,1
74927,1
88502,0
26448,0
41362,0
62165,1
49514,1
85202,1
9336,1
15043,1
8480,0
90754,0
84754,1
46099,1
8941,1
36012,1
15761,1
68155,1
17425,1
10665,1
47908,0
69389,1
18558,1
70497,0
41631,1
48635,1
16826,1
89198,1
84472,1
43635,1
31960,1
10140,0
93957,1
104185,1
50863,0
25643,0
91869,0
1337,1
83051,0
50989,0
104719,1
100605,1
9200,1
86813,1
1868,1
102481,1
87926,0
17902,1
66798,0
90134,1
30760,1
38542,1
4931,1
51786,1
35740,1
102031,0
30135,1
42299,0
52129,1
1689,0
29671,1
11894,1
78729,0
44610,0
62460,1
49261,0
32678,1
27994,1
73395,0
98139,1
31934,1
80225,0
40148,1
47694,1
9920,0
73360,0
47484,0
42587,1
62550,1
73185,1
62657,0
76794,0
67010,0
42563,0
103804,0
20646,0
30869,1
28968,0
90359,0
8771,0
52739,1
22457,0
30558,0
73681,0
71840,0
87467,1
24319,1
58010,1
45736,0
5418,1
60522,0
11952,0
28756,0
44403,0
15924,0
28019,0
67261,0
98779,1
53214,0
93955,0
23388,1
97684,1
19924,1
72982,0
89645,0
49264,1
76454,1
41471,1
103718,0
70782,0
70640,0
94657,1
75806,1
65329,1
39475,1
78727,0
45096,0
100544,1
6556,0
71481,0
18673,0
101262,1
101235,1
3928,1
90423,1
6830,0
67870,0
47267,1
78157,1
60108,1
62868,0
63783,1
13652,0
18854,0
66223,0
3748,1
34660,1
4300,0
94718,0
84531,0
13777,0
79514,1
13861,0
13465,0
89137,1
77706,1
80787,1
51519,1
24497,1
85955,1
35934,1
30258,0
102687,1
3884,1
71686,0
60870,1
49771,0
92103,1
65536,1
56143,1
53175,0
4765,0
96750,1
19148,0
79874,1
31830,0
101050,0
65568,0
31978,0
54211,1
24018,0
88750,0
40251,1
51757,1
93964,1
14277,1
59851,0
49516,0
67589,1
98399,0
63325,1
18372,0
3642,1
55807,0
101861,0
29920,1
3026,1
97133,1
103432,0
55290,1
54960,0
80578,1
559,0
48452,1
98590,1
102317,1
102641,0
18131,1
39734,0
67660,1
57562,1
32949,1
60143,1
28582,0
27584,1
82045,0
6046,1
80475,1
64636,0
29722,1
93796,1
96406,1
76924,0
57258,0
31973,1
71398,0
14274,0
65501,1
53560,0
92669,0
54278,0
36736,0
77648,1
87374,0
103267,0
14208,0
54136,0
52022,0
19031,0
13602,0
98397,1
46368,0
88715,0
48696,1
46346,1
84762,0
22930,0
70061,1
37306,1
52028,1
29679,1
76447,0
31758,0
99689,1
70586,1
91471,1
33770,0
43339,1
2977,1
44179,0
98038,0
31799,0
34694,0
29674,1
49298,0
31108,1
14764,0
14133,1
11031,1
78966,1
66387,0
39503,0
3024,1
31179,1
8895,1
16014,1
50752,0
93353,0
19614,0
52595,0
22462,1
79745,1
8210,0
18036,1
78998,0
69959,1
34537,1
74902,0
35922,0
7399,1
7155,0
56,1
99810,1
96856,1
16458,0
2816,0
27130,0
23847,0
89416,1
102700,1
31247,1
27565,0
97775,1
97092,0
39612,1
92438,0
77705,1
25834,0
50214,1
68919,1
5888,0
30579,0
58031,0
34154,1
73301,0
53426,1
71845,0
64030,1
82098,0
69104,0
2687,1
64340,1
44158,0
29498,0
46890,1
12957,0
8897,1
34766,0
11552,0
100783,1
102062,0
54504,0
67161,1
22911,1
35888,1
94485,0
24608,0
33291,1
95442,1
41621,1
15011,0
60413,1
27238,0
3522,1
45807,1
35234,1
72175,1
87576,1
15108,1
49335,1
93753,0
92283,0
76781,0
55520,1
18718,0
40377,1
28299,0
45573,1
49254,1
3547,1
20384,1
47413,0
86445,1
25978,1
28539,0
21449,1
86271,0
23200,0
31880,0
95668,1
90069,1
97845,1
50977,0
6431,1
48215,1
23432,0
7270,0
2273,1
101360,1
83713,0
37277,1
47842,0
19438,0
92800,1
61278,0
24996,0
32348,1
25341,1
85199,0
55932,0
43704,0
99032,1
73366,0
10292,1
90205,0
76632,1
28074,0
50278,0
28685,0
36291,0
88872,1
102968,1
29778,1
6104,0
100674,0
75241,0
45864,1
55823,0
89221,1
59761,1
26002,1
33677,1
99239,1
8159,1
24468,1
85718,1
88623,0
73754,0
80961,0
27156,1
44697,0
45875,1
94967,0
10576,0
101715,1
65845,1
83331,0
21300,0
60927,0
45020,0
103343,1
99168,0
27679,0
50314,1
95023,1
31289,1
48327,1
53267,0
57205,1
75792,0
39993,1
61133,1
11515,1
20350,1
40855,1
78350,1
82176,1
19241,1
58913,0
86569,1
70726,0
46023,0
45310,0
92095,0
86156,0
88332,0
84338,1
32291,1
98019,0
86731,0
84334,1
49795,0
19246,0
32902,1
59709,1
94189,1
20131,1
58274,1
11449,1
10597,0
100642,0
21048,1
38737,1
51627,0
45036,1
22188,1
20698,1
97414,0
63137,0
39790,1
81199,0
84273,1
85626,0
101627,1
80613,1
20366,0
41049,0
65335,0
77646,1
84619,0
97989,0
74092,1
1133,0
64661,1
2452,1
85187,0
77407,0
71369,0
29768,0
23840,1
98289,0
68239,0
4640,1
41692,0
13660,1
97422,1
67894,0
82158,1
28397,0
90265,1
35262,0
30929,1
18589,1
26381,0
33978,1
10724,1
83358,0
44123,1
73752,1
36376,0
83146,0
52945,0
23931,0
69758,0
13098,0
19222,1
10567,1
12436,1
83785,0
7555,0
95131,1
29690,1
55171,0
102884,1
90619,0
74689,0
69662,0
2311,0
30962,0
56088,1
39338,0
65463,0
40946,1
26462,0
100653,0
33823,1
80413,1
21212,0
92483,0
30306,0
60476,0
36610,0
33470,1
29250,0
41816,0
90689,0
31357,0
20153,0
41815,1
79697,1
3374,1
7465,0
64758,0
75004,1
50779,0
73455,1
103450,1
43829,0
64987,0
30701,1
91313,0
46091,0
32726,1
100255,1
19354,0
30262,0
46154,0
67276,1
102987,1
75445,0
70132,0
29279,1
46882,1
55544,0
29168,1
84186,0
82148,0
103183,0
81075,1
15507,0
28481,1
75673,0
89717,0
38383,1
29305,0
103969,0
39797,0
33496,0
3260,0
43583,0
85501,1
48961,0
38378,0
91267,1
95412,0
78347,1
78776,0
90600,1
736,0
58056,0
68033,1
24522,0
77918,0
79998,1
35849,1
35942,1
93725,1
15961,0
33746,1
61731,1
12514,0
25072,1
43799,0
27283,1
44187,0
67949,1
55405,0
25340,0
39696,1
80956,0
28541,1
9606,0
77785,1
58771,1
8307,1
81677,1
91449,1
85564,1
101579,1
9430,1
88286,1
64529,0
75459,1
91381,0
2334,0
13970,0
76263,0
94283,0
44312,1
74426,1
95496,0
46174,1
12885,1
55161,1
60937,1
75872,1
104238,1
39777,1
51763,0
72513,0
79004,1
74918,0
89392,1
85459,1
17213,1
98436,0
80441,1
18353,1
702,0
16832,0
45206,1
84758,1
35238,0
18297,0
59406,0
78125,0
8188,1
99814,0
66382,1
70098,1
22190,1
62491,0
90744,1
20950,0
16623,0
73710,0
91705,1
81157,1
28027,0
65197,0
22895,1
72238,1
48565,0
77225,0
34858,0
93577,0
104028,0
42094,0
1487,1
48243,0
19085,1
22298,0
7157,1
27119,1
52417,0
58501,0
15644,0
41294,0
70825,0
52107,0
84194,0
43215,1
31554,1
83467,0
86051,1
30087,0
68934,0
80397,1
67510,1
25353,0
28159,0
15725,1
85254,0
6124,1
7753,1
47180,1
54500,1
93250,1
51248,0
57340,0
57223,1
73535,1
27383,1
3596,0
60649,0
37683,0
87913,1
91398,1
87663,0
76722,0
60122,1
53631,1
38823,1
97418,1
4453,1
12665,1
55813,0
78712,0
74770,0
57129,0
1815,0
36686,0
102746,0
91789,0
84523,0
77478,0
68175,0
5308,1
29884,0
70216,0
57675,1
39196,1
38311,1
4213,0
75894,1
36183,1
86063,0
47760,1
36995,1
41959,1
38352,1
52091,0
77217,1
67518,1
96855,0
11605,0
60245,0
77016,1
51656,1
57354,0
18299,0
77043,1
70444,1
84172,1
5444,1
51614,1
20282,1
79797,1
86352,1
59412,0
52228,1
101318,1
19112,1
34047,0
20522,0
14870,1
67544,1
38845,1
24672,0
18748,1
35965,1
26060,0
101840,0
51941,1
74994,0
67628,1
78408,0
95472,0
20734,1
72686,0
76902,1
64573,1
10235,0
22573,1
5041,1
60841,1
43661,0
17438,0
32108,0
23732,0
93255,1
25902,0
9965,1
42130,0
88088,1
58115,0
21726,1
36168,1
83635,1
18014,0
90446,1
93579,1
83026,0
82721,0
36948,1
101397,0
92026,1
95541,1
8468,0
68597,0
17409,0
102742,1
72301,1
62556,0
59176,0
103941,0
10364,1
58421,0
22700,1
4562,1
18823,1
71795,1
59652,0
68767,0
43277,0
1035,1
57261,1
16401,0
91566,1
2134,1
31826,1
58264,1
67826,0
62734,0
3959,1
9854,1
62388,0
32645,0
76553,1
79478,0
87101,1
45112,1
90570,0
21396,1
32267,1
102679,0
17789,1
11021,0
38731,1
95672,1
66179,0
58514,1
20479,1
104156,0
82917,1
99592,0
14622,0
29934,1
11364,0
22719,1
83439,0
60467,1
103611,1
63625,0
98110,0
80196,1
91506,0
68022,1
98010,0
65015,1
37281,1
87731,1
104293,1
53087,0
84520,1
30327,1
83603,0
3911,0
100529,0
336,0
20115,1
71681,1
76386,0
34486,1
82974,0
40816,1
84480,1
60578,1
16839,0
83145,0
94126,0
99372,0
65676,0
21627,1
21912,0
15572,1
57533,1
82810,0
40872,0
80013,0
82635,0
86797,1
94579,0
95158,1
95703,1
42129,0
101819,0
61377,1
82082,0
6091,1
93613,1
77476,1
78301,0
95305,1
42491,0
45333,0
23819,1
14565,0
16784,1
47492,1
69801,0
67753,0
88302,0
41997,0
9484,0
65925,0
940,1
72263,1
13910,0
48824,1
34841,1
2860,1
95775,1
83685,1
24414,0
13364,1
538,1
45122,0
44134,0
462,1
53557,0
37937,0
74859,0
66068,1
69384,0
56732,1
85918,1
19305,1
102602,0
56491,0
21349,0
52920,0
22813,0
47876,1
101939,1
54541,1
73549,1
44705,1
103920,1
13103,0
31866,0
13770,0
23304,0
60743,1
1632,0
20556,0
2767,1
53723,1
87898,0
80268,0
1445,0
16779,0
37617,0
15814,0
84435,0
90147,1
94597,0
42201,1
59121,0
21763,1
96188,0
65729,1
103850,0
8129,1
50054,1
103013,1
70274,0
77216,0
32281,0
59210,1
50606,0
2115,1
85305,0
81855,0
66356,1
66139,1
5610,0
9473,1
20113,0
68989,0
39669,1
3092,1
57034,0
60501,1
4852,1
5307,1
48096,0
87682,0
57309,1
64665,0
88306,1
27697,0
23790,0
55287,1
44229,1
47137,0
89786,0
28329,1
9654,1
25721,1
20103,0
10037,1
104692,1
98469,1
51736,1
79121,0
19668,0
83403,1
86357,0
41330,1
31863,1
69039,1
36667,1
34834,1
100405,1
21781,0
71588,0
75571,1
26651,0
91769,1
77177,0
25944,1
14087,0
1723,1
96126,0
16264,1
86817,1
5429,0
102377,1
55070,0
26188,0
87448,0
77289,0
73811,1
49662,0
89738,0
77628,0
89581,1
20903,1
102118,0
15616,0
60500,1
49447,0
27867,1
66131,1
84873,0
17435,1
65272,0
92613,1
1407,1
46440,1
56563,0
7924,1
55228,0
47287,1
31690,0
28327,0
42222,1
15234,1
74641,0
71419,1
66503,0
94635,1
50562,1
85255,1
72018,1
76112,1
2343,1
52115,1
96229,1
40253,1
73688,0
104496,0
103951,0
45645,0
97670,1
71798,1
51205,1
34286,1
71710,1
62304,0
86723,1
20380,1
12044,1
61743,1
6082,1
62200,0
40727,0
55341,0
93669,0
64540,1
90585,1
102208,1
28255,0
55836,1
90288,1
83954,1
59166,1
95722,0
58555,1
93086,0
77355,1
101656,0
76784,1
90580,1
91452,0
44831,1
17555,1
9598,0
34782,0
18183,1
54352,1
70097,1
37731,0
59923,0
29230,0
38009,0
93935,1
60632,1
58491,1
40988,0
49241,0
66753,0
99966,1
10211,0
98415,0
76226,0
71582,1
91990,0
41879,1
57465,0
82296,1
25922,0
97843,1
85662,1
51934,1
79908,0
81313,1
85357,1
95586,1
66314,0
39124,1
84642,0
2500,1
55905,0
13661,1
76231,1
28916,0
70307,1
73974,0
21322,0
77389,1
14310,0
40527,1
55598,0
102310,0
58576,0
92719,0
24833,1
87690,1
12155,0
68670,0
96937,0
35269,0
43740,1
37504,1
69643,0
86473,1
2017,0
99777,1
39318,1
9883,1
39235,0
42994,1
56463,0
67651,1
56626,0
44164,0
21303,1
58923,0
78764,0
30280,1
29119,1
19445,1
9806,1
58572,1
36495,0
29506,0
103214,1
67536,1
87645,1
89304,0
51862,1
102966,0
50781,0
52309,0
82198,0
5863,0
45192,1
22970,1
47206,1
90917,0
4399,1
69135,0
49546,1
94351,0
62240,1
65483,1
56897,0
91412,1
21895,1
7863,0
3680,1
85460,0
57563,1
79199,0
73926,0
86232,0
75386,0
64345,0
19833,1
101614,1
94799,0
51432,1
79177,0
88636,0
33164,1
27795,0
13989,0
32437,0
6273,1
16076,0
13975,1
4041,1
52294,1
68599,1
72689,0
52995,0
83479,0
91040,1
21482,0
92,0
28241,0
19082,0
98802,1
99522,0
28072,0
103692,0
103123,0
63417,0
67177,1
86114,0
82796,1
42722,0
87323,1
41043,0
96007,1
7775,1
19165,0
75935,1
104295,0
100082,1
52556,0
43184,0
89596,0
14003,0
40870,1
46262,0
103100,1
29798,1
62708,0
11328,1
82319,1
98744,0
29816,0
59827,1
26152,0
2932,0
85068,1
12328,1
90872,1
104008,0
19770,1
37594,1
31621,0
68397,0
20530,0
37331,1
83817,1
88549,0
90735,0
89478,1
101660,0
17561,1
45644,0
22644,0
62039,1
72003,0
72582,0
23446,1
110,0
90300,1
93848,0
95765,1
74658,0
8784,0
42770,0
34814,1
17832,1
19125,1
85314,1
24260,1
76899,0
57582,1
101508,1
79203,0
43794,0
51112,1
27027,0
66629,1
5396,1
35158,0
48280,0
99675,1
101067,0
6450,0
55678,0
11691,1
58473,1
33494,0
18075,0
83672,0
92457,0
26921,1
67530,1
29415,1
36142,1
94382,0
68261,1
26926,1
88776,0
31838,1
10255,0
39260,1
100716,0
15940,0
48025,0
49511,1
19045,0
50611,0
42330,0
7616,0
98576,1
22655,1
42747,1
47280,0
19072,1
32003,0
86290,0
50992,0
59083,0
25801,0
50458,0
50225,0
5782,1
1291,1
64794,1
62637,1
70130,1
76155,1
104554,0
4385,1
66390,0
84636,0
2798,1
79116,1
93539,1
39027,1
56759,1
45215,0
48526,1
45868,1
66949,1
1206,1
100655,1
38692,0
23351,0
30254,1
47065,0
91465,0
2752,1
64218,1
1403,0
45267,1
83053,1
40209,1
51658,0
96076,0
90187,0
52290,0
31238,0
103811,0
98198,1
12197,1
36880,0
98652,0
27554,0
81090,1
95257,1
38218,0
17239,1
76257,0
70007,0
86670,0
27555,0
8727,0
40693,1
32909,1
102356,1
25961,1
99440,0
61480,0
83872,0
103157,1
63808,1
7170,0
65613,1
3453,0
46881,1
5265,0
47383,1
63901,1
30798,0
32299,0
69744,0
103263,1
88553,1
70435,1
13871,1
18815,1
57605,1
30614,1
61070,0
58583,0
35919,1
55479,0
86667,1
22605,1
17505,0
25800,0
76128,0
2468,1
15322,1
41430,0
32009,0
103112,0
33220,1
28125,0
89184,1
52007,0
79456,0
31479,1
41106,1
95255,1
61028,1
58283,0
50486,0
68775,1
73718,1
27051,1
14772,0
66424,1
75674,0
80514,1
47250,1
5958,1
17018,1
10791,1
17034,1
13033,0
19182,1
11898,0
59044,0
15651,0
16170,1
15828,0
77568,0
40716,1
104730,0
68511,0
49873,0
96016,1
29467,1
62410,0
74874,1
79236,1
52429,1
46627,0
55863,1
24021,1
63470,1
87494,0
101758,0
15686,0
75415,0
8103,1
43587,0
60423,0
16926,1
38612,1
101756,1
67495,0
47531,0
78254,1
68225,1
35558,1
27597,1
87999,0
100076,1
60445,1
58164,0
4234,0
53963,1
17118,1
8158,0
18076,0
99829,0
58394,0
2524,1
94641,0
81233,1
20759,1
83020,0
57774,1
22927,0
23120,0
103944,1
24887,0
3025,0
79670,1
8021,1
97767,0
22828,0
92668,1
7901,1
37467,0
85218,0
96283,1
35406,1
75126,1
102854,1
23151,0
42560,0
70837,0
31058,1
44569,0
65851,1
72443,1
87726,1
57031,0
19669,0
16919,1
94792,0
74652,0
100565,1
104642,1
39836,1
70969,0
80125,0
19469,0
1321,1
77612,0
61998,0
55824,0
81299,1
97159,0
14155,0
25629,1
68751,1
31328,1
96223,0
44125,0
57103,1
70772,1
25891,1
71749,0
95089,1
74363,1
17456,0
92655,0
40596,1
104748,1
57599,0
17687,0
91556,1
71835,1
55314,1
14983,1
9404,0
101331,0
21861,1
36773,0
38171,0
10816,0
72688,0
99229,0
44909,1
58364,1
89756,0
40049,1
72304,1
17021,0
15138,1
6701,0
68000,0
77384,0
29208,0
39830,1
9992,1
69727,0
7053,0
24588,1
19960,1
80957,1
91484,0
5175,0
17567,0
85627,0
58471,0
27209,0
94361,1
95694,0
88543,0
55308,0
57926,0
34842,1
21321,0
97697,1
87892,0
100889,0
2186,1
60331,0
49615,0
19569,1
88418,1
553,1
83690,0
32720,0
80575,0
22924,0
40549,0
47682,0
11577,0
7081,1
60446,0
50827,1
20404,1
81347,0
95671,1
14492,0
74616,0
68451,0
37982,1
64951,0
75377,0
36883,1
21241,0
22327,0
38996,0
99985,1
100227,1
11752,1
11787,0
61236,0
63949,0
27865,1
37233,0
102735,1
54052,1
48365,0
19503,0
11206,1
34254,1
86691,1
15627,1
48909,0
55465,0
52806,1
5939,0
103171,0
66564,0
54292,0
98111,0
9985,0
14263,0
42494,0
16850,0
32364,0
41693,1
39351,1
33820,0
55923,1
87687,0
28493,1
20110,1
43743,0
13896,1
102690,1
625,0
20480,0
65842,0
70454,0
34121,1
34028,1
104581,1
12754,1
83944,1
60567,1
45932,1
37550,1
26418,1
95200,1
88343,0
44444,1
25642,1
92448,0
51275,0
5248,1
40030,0
48367,1
14829,1
8216,0
44068,0
83147,0
83399,1
76822,0
96344,0
37529,1
93146,0
64575,1
15149,1
53388,0
11812,0
11856,0
96085,1
63311,0
32315,0
50543,0
79396,0
81713,1
17899,0
33912,1
7487,0
8325,0
58718,0
54071,0
61672,1
80238,1
32505,1
2326,1
101557,1
22143,1
38678,1
61940,1
37603,1
46894,0
46388,0
92728,1
53301,1
71316,0
82794,0
10489,1
49434,1
28254,1
95293,0
90581,1
19209,1
29678,0
33462,1
81384,0
88189,1
88220,0
49697,1
25754,1
92058,1
21703,1
74792,1
27725,0
78370,0
32021,0
49102,1
25567,1
78696,0
77293,1
65388,1
51033,1
37026,1
61902,0
69815,1
66759,1
68481,1
46025,1
74516,0
29457,0
77710,1
13597,0
37280,0
64754,0
81786,0
9801,1
34083,1
46862,1
33998,1
61899,1
4846,1
31352,1
35391,0
87528,0
85892,1
61129,1
37382,0
73138,1
67514,1
45521,0
64418,0
97669,0
100524,0
90342,1
37444,1
53725,1
75659,1
100470,0
31940,1
46157,1
66834,0
18101,0
19661,0
28196,0
372,0
18767,1
41822,0
87763,1
26468,1
84665,1
58433,1
90201,0
13771,1
71776,0
30406,1
14415,0
147,1
37245,1
69603,0
74560,1
61286,1
56860,1
100754,1
26174,1
5409,0
103915,0
5413,0
1261,1
5009,1
70283,0
73749,0
89897,0
16082,1
100813,1
63586,0
36331,0
12477,1
134,0
43904,1
89253,0
13262,0
77271,0
19111,1
49678,0
33533,0
12741,0
51363,1
29180,0
11296,1
24680,0
96323,1
71443,0
19639,1
96357,1
4766,0
91530,1
58566,1
51565,0
79135,0
51418,0
26107,1
51026,1
38781,1
54538,1
66707,0
85516,0
80825,0
23176,0
72718,0
80930,0
8536,1
2137,1
65955,1
42976,0
52940,0
100267,0
96824,0
96251,0
34632,1
47263,1
41838,1
30401,1
28445,1
59839,1
23201,1
68600,1
48952,1
3682,1
75776,0
83882,1
18618,1
23470,1
40176,0
50256,1
15939,1
41001,0
85330,0
66388,1
73153,0
55521,0
86662,1
22794,1
13235,1
32396,1
71416,1
89587,1
2276,0
81414,0
72453,1
47089,1
52445,0
91030,0
5602,0
53232,0
94941,1
14419,0
84381,1
25057,0
87920,0
76966,1
72770,1
103676,1
51812,1
96303,0
12735,1
32113,1
86700,0
94742,0
94237,0
57375,0
6641,0
5113,0
26069,0
40195,0
50996,1
93542,0
101078,0
36346,1
78273,1
62003,1
22177,0
28621,0
87347,1
86550,0
15491,0
99058,0
1703,0
104714,1
90777,0
70700,0
59532,0
80836,1
21646,0
81579,1
953,0
79395,1
78603,1
9758,0
80067,0
40002,1
101240,1
92751,1
13609,0
69680,1
98312,1
73319,1
77460,0
38241,0
20700,1
43446,1
53320,1
38900,1
56033,1
14393,0
94338,1
19477,1
63640,0
3392,0
93684,0
85407,1
96557,1
15611,0
70371,1
61530,1
58170,0
48731,0
42965,0
70189,1
98749,0
27775,0
72265,1
51314,1
10080,1
55270,1
27339,0
13469,1
37127,1
75685,1
23324,1
26490,0
16088,1
91649,1
46484,1
53919,1
63929,0
102145,0
1491,1
45102,0
76985,0
102668,0
41516,0
70754,0
103449,0
83762,1
43260,0
82084,1
33646,0
70248,0
44219,1
79756,0
66463,0
33376,1
62853,0
99714,0
5634,1
13587,0
75925,0
70426,0
41361,1
39569,0
25373,1
68601,0
16676,1
104360,0
92744,1
103957,1
16995,1
95080,0
47105,1
24132,0
7078,1
41839,0
7747,1
95710,1
56665,1
17865,0
35478,0
11770,1
21809,0
91063,1
100811,0
80093,1
60955,1
98575,0
5876,1
74570,1
15386,1
85476,1
17398,0
65981,1
58054,1
70122,0
75619,1
87285,0
17376,1
12560,0
33858,0
40255,0
15993,0
23842,0
86353,0
39528,1
12547,0
72905,0
68644,1
73648,1
96692,0
7101,1
53402,0
5603,0
85953,1
11426,0
80970,0
43334,0
86055,0
14088,1
6610,0
85002,0
57900,1
58227,1
102171,0
98203,1
58333,0
62540,1
83295,0
2329,0
76778,0
100047,0
80525,0
23467,0
82661,0
40236,0
135,0
71738,1
67419,1
79339,0
53073,0
56826,1
18703,0
99375,0
100106,0
45372,1
74828,1
20540,0
28938,1
96174,0
92852,0
98336,0
75161,0
22062,0
96364,1
11716,0
90065,1
94794,1
75104,0
39170,1
82388,0
101542,0
8758,1
104138,1
88724,1
14693,0
42791,0
36831,1
44111,0
7253,0
34603,1
88615,1
92172,1
6364,1
81987,0
57619,1
29935,0
13047,0
83157,1
5821,0
55745,1
42023,0
98167,0
51416,1
68525,0
71999,1
50954,0
7540,0
74811,1
97200,1
73195,1
68552,1
65150,0
57753,1
16552,0
8871,1
41463,0
73663,0
68150,1
103200,1
5092,0
92239,1
81933,0
59585,0
20596,0
57328,0
76686,0
78305,0
86804,0
72806,0
8251,0
58557,1
25323,1
65941,1
40745,0
78617,1
5678,0
22559,0
94532,0
18615,1
91524,1
31888,0
98553,0
54054,0
63409,1
80144,0
55497,0
85835,0
7840,1
78658,0
87905,0
117,1
87715,0
31682,1
964,1
101077,0
2290,1
87384,1
45598,1
83434,1
10794,1
82482,0
24232,1
6287,1
37070,1
20261,1
20162,1
90939,0
62973,0
33623,1
19170,1
37709,1
45770,1
75624,0
73284,1
1585,1
71277,1
4517,0
62814,0
83699,0
87542,1
74962,0
23225,1
70690,0
1419,1
20471,1
49478,1
93837,1
98435,1
24706,0
56370,1
12578,0
7584,1
102918,1
37528,0
30814,1
18601,1
82832,1
87935,1
48739,1
91868,1
94247,1
86174,1
27018,1
19404,0
68610,1
104310,0
50076,0
59634,1
38300,0
30996,1
66339,0
39188,1
3398,1
45675,0
64841,1
20215,1
65426,0
84802,1
84567,0
74057,1
76434,0
27907,0
101121,0
33135,0
38532,0
28331,0
57890,1
25729,1
62299,1
49157,0
30070,1
103583,1
83485,1
95094,1
56746,0
74090,1
11466,1
82621,1
68346,0
70021,0
41062,1
90860,1
8698,0
46789,1
69715,1
98954,0
47057,0
97979,0
27087,1
35250,0
80845,0
95707,0
56407,0
43669,1
56874,0
9262,1
103088,1
60979,1
40819,1
32351,0
82018,0
12306,1
16375,0
76423,1
46444,0
3135,0
97179,1
64901,1
2230,0
35702,0
68575,0
84595,1
54083,0
83833,0
67507,1
62115,0
91774,0
27399,1
92831,0
28495,0
59643,0
57783,0
80488,1
9214,1
63421,1
50811,1
72433,0
30348,1
53117,0
99856,1
41354,0
27449,0
196,0
81083,1
56749,1
39286,1
10570,0
83197,1
24454,0
10756,1
80019,1
50069,0
11749,1
74429,0
72950,1
57305,1
70469,1
3240,0
77139,1
83189,1
21223,1
83049,0
6777,0
21056,1
19140,0
81658,0
78201,0
20987,0
87237,0
67705,1
37290,1
77798,1
50338,1
4543,0
66794,0
88078,0
5276,1
103043,1
62514,0
45908,1
77923,1
54192,1
68114,1
35584,0
9912,1
59120,1
35071,0
88781,1
20354,1
53553,1
99130,1
92644,1
44937,1
54024,0
54984,1
4024,1
103161,1
34180,0
46600,1
31061,1
17531,0
12092,0
20866,0
68419,0
62228,1
56373,0
79951,0
72572,0
31178,1
17243,1
77947,0
78318,0
89035,1
3937,1
33973,1
97394,1
102769,1
28706,1
54839,1
88969,1
17497,1
44954,1
51485,1
43,0
104147,1
27608,0
15397,1
62414,1
1892,0
90233,1
28914,0
12276,1
54464,0
51484,0
76544,0
4411,1
34840,1
69410,1
50454,0
18521,1
57383,1
3213,1
55391,1
56361,1
71250,1
66025,0
2883,1
14359,1
57761,0
17885,1
91435,1
15216,1
76946,0
16124,1
19432,0
69775,0
68973,0
47674,0
56782,1
52258,0
91343,1
89889,0
89396,1
101154,0
27845,1
38257,0
7386,0
77752,1
14692,1
41821,1
69805,0
37234,0
91234,0
39972,1
25506,1
55955,1
72155,1
74316,0
20705,1
55313,0
5184,1
3404,0
58154,1
8063,1
93021,1
11684,1
70587,0
57696,1
87845,1
50541,1
73607,1
69782,0
96588,0
19707,0
102258,1
43986,1
38870,1
104174,1
40205,1
94297,0
65861,1
32640,1
13776,1
76693,1
28962,1
89938,0
22019,0
23628,1
38449,0
40915,1
31509,0
70811,1
104572,0
29015,1
35420,0
3443,1
77822,1
99869,0
6841,0
27525,0
38226,1
30116,1
75031,0
43835,0
30757,0
9022,0
25806,1
75913,0
169,0
59169,0
41533,1
20309,0
66988,0
12949,1
4023,1
68992,0
69936,1
39179,0
28794,1
2069,1
76982,1
96245,1
41528,1
39560,0
24234,1
23361,1
97793,0
65667,0
99014,1
44428,0
101018,0
34879,0
50885,1
92870,0
22305,1
78381,1
41772,0
96039,1
34919,0
83384,0
51345,1
72531,0
50855,1
78492,0
29725,0
68933,0
20106,0
85213,1
4386,0
7941,0
79772,1
60940,0
67559,1
88698,1
67097,0
19473,0
83968,1
66930,0
95603,1
46810,1
45928,0
78549,1
57372,0
26036,1
7294,0
6698,0
35750,1
15134,1
21374,1
18459,1
95849,1
13621,1
2366,0
5680,1
58912,1
103888,0
81395,1
99700,1
46779,0
36767,1
76934,0
71565,0
37967,0
24450,0
97099,1
44165,0
20991,0
43046,1
11363,0
34197,1
77902,1
18141,1
99269,0
16378,0
47690,0
58171,1
17815,1
75206,0
75402,0
5486,1
13725,1
47104,1
69338,1
69179,1
91499,0
46794,1
94623,1
82299,0
38658,0
75281,0
63072,1
30143,1
30702,1
46637,0
53711,1
91887,1
50801,0
57135,0
65178,0
61937,0
27443,1
65806,0
45405,0
69516,0
73474,0
21331,0
22689,1
28477,0
5024,1
68816,0
75941,1
69941,0
31462,1
28464,0
52871,1
45703,1
59903,1
91924,1
95280,0
47534,1
7369,1
62767,0
60084,1
34064,0
35171,0
57849,0
91833,0
71017,0
101539,1
28597,0
53991,0
37794,0
48874,0
21206,1
33092,1
61569,1
97580,1
69437,0
58940,1
49864,1
81567,0
86612,0
29202,0
67731,0
94805,1
59220,1
36778,0
85235,0
220,1
81245,0
100455,0
80745,0
12995,1
60973,1
58875,0
23933,0
14494,1
23670,0
62130,0
76268,0
35172,0
43226,0
4222,1
37322,0
28067,1
10769,1
30441,0
35831,1
34395,1
31898,0
11723,0
99563,1
53397,0
41146,0
87386,0
31877,0
87411,0
64990,0
29045,1
27053,1
2610,0
83709,1
99681,0
23353,0
103318,1
93365,0
32034,1
11728,1
66978,0
76228,1
38458,0
53729,0
86956,1
42321,0
36428,1
56700,0
10034,1
74298,1
47161,0
64294,1
51608,1
9141,0
72270,1
46436,1
14458,0
103406,1
70875,1
93287,1
769,1
79870,0
38263,1
82769,0
33176,0
13406,1
11620,0
65124,1
29362,0
102066,1
17413,1
40642,1
61164,1
57349,0
88650,0
15508,1
93152,1
85154,0
67819,0
45416,1
24382,1
15470,1
89783,0
104339,0
4876,1
68493,0
95306,0
94388,0
5182,1
2857,0
100771,1
63069,0
43435,0
63572,0
45865,1
63406,1
98555,0
47126,1
98657,0
8447,0
70737,1
87244,0
20121,0
94074,0
44707,1
58335,1
93083,0
79368,1
21779,1
82764,0
50653,0
85486,1
99575,0
68288,1
70636,0
72964,1
5506,0
13042,0
63932,0
228,0
63252,0
55414,1
51425,1
49854,0
74575,1
19880,0
56701,0
95068,1
79443,1
81779,0
14604,0
89064,1
5520,0
27832,0
19341,0
92860,1
104766,0
48050,0
14971,1
90794,0
63240,1
69686,0
44226,0
14725,1
4833,1
87813,0
64464,1
43134,0
89672,1
75434,0
98204,0
20680,1
96622,0
68291,0
13447,1
75699,1
99398,1
95606,0
131,1
5908,1
35716,1
42074,1
96767,0
11065,0
44551,1
43141,0
1991,0
53148,0
37218,0
51346,0
11851,1
99008,0
2780,0
46716,1
79966,0
65393,1
68783,1
13549,0
24710,1
97827,0
82432,1
96562,1
53938,0
63045,1
49351,1
14694,1
33110,0
38029,1
16117,0
73442,1
17046,0
31340,0
94262,1
85385,0
29006,0
20801,0
69582,1
81614,1
17339,0
1701,1
9199,0
28326,0
99637,1
39267,0
41728,0
65084,1
77632,1
10324,0
90237,1
13164,0
16810,0
57390,0
27884,0
14374,1
59859,1
55617,0
40331,0
26947,1
27650,1
38625,1
59533,0
471,0
67786,1
25781,0
36369,1
21739,1
12126,1
96069,1
50224,0
48997,0
61330,1
46874,1
66816,1
9979,1
78830,0
53869,0
9224,1
61932,1
30334,1
33068,1
54210,0
43389,1
65963,1
44387,1
52031,0
5897,1
16058,0
70325,0
41793,1
27642,1
10025,1
13512,1
50045,0
56809,1
74935,0
70608,0
29571,0
100825,1
81628,0
91454,1
43139,1
73769,0
18791,1
56844,1
74832,0
14027,1
2285,0
93077,1
49612,0
73124,0
61543,1
3471,1
49365,1
82348,1
12458,1
80985,1
9229,1
101143,1
42517,0
102333,1
3783,1
3648,1
5552,0
50386,1
43422,0
6244,1
10381,1
42296,0
35284,1
65539,0
16044,1
55704,1
8290,1
66242,1
63446,1
103680,1
97274,1
84722,0
91440,0
104723,0
4061,0
56625,0
50852,1
95964,0
98503,1
12366,0
8875,1
36774,0
12208,0
6672,0
83519,1
98670,1
103040,1
3776,1
38670,0
47567,1
50928,0
88690,0
15260,1
54751,1
104426,0
14342,0
47074,0
37539,1
104510,1
22361,0
23464,1
97454,1
45757,0
79895,0
54860,0
34182,0
93925,1
19973,1
15659,1
91392,1
77388,0
58016,0
1920,0
27655,0
36502,1
36195,1
74676,1
85103,0
93156,0
39487,1
10057,1
20357,0
30251,1
69012,0
81773,0
44511,1
96833,1
84062,1
44780,0
71735,0
55276,0
21692,0
9070,0
82163,1
36968,1
64209,0
58260,0
71101,0
65949,1
22041,1
66602,1
29103,0
76740,1
89402,0
81939,1
56775,1
72372,1
50321,1
78051,1
34178,1
20792,0
55878,1
25187,0
95723,0
85601,1
43447,1
4319,1
76129,0
28902,0
92382,1
4031,1
1718,1
92997,1
18626,1
86205,0
17120,1
58549,0
17255,1
80784,1
2588,1
102155,1
74225,0
45496,1
89178,0
47256,1
3419,1
51748,1
10427,1
100680,1
89341,1
35291,1
91645,0
60849,1
38727,0
101629,1
103382,0
84233,0
13677,0
10568,0
61165,0
63017,1
4666,0
62575,0
17274,0
5698,0
56814,1
87504,1
78533,0
26719,1
51174,1
52850,1
103618,1
64570,1
92597,0
8082,1
99503,1
40281,1
10666,1
98725,0
73660,1
8705,0
72273,0
47680,0
2886,1
36917,0
82343,0
25115,0
53507,1
96678,0
56447,1
39073,1
10876,1
58254,1
90862,1
63305,1
32596,1
98666,0
31444,0
36684,0
92700,0
934,0
66134,0
32933,1
41717,0
49209,0
91490,1
31764,0
11712,0
44359,1
95056,0
39393,1
1134,1
58510,0
37927,0
4200,1
98367,1
15776,0
6291,1
86847,1
101092,1
86984,1
89497,0
37236,1
18983,0
2419,1
55561,0
31641,1
98729,1
41933,0
44483,1
43989,1
55957,1
62032,0
14899,1
72487,1
81377,1
14107,1
55403,0
92454,0
53089,0
34499,1
23728,0
30766,0
59348,1
38239,1
67577,1
72044,0
14876,0
98562,0
102132,0
76929,0
53344,1
2616,1
57233,1
74533,0
65171,1
28998,1
58638,0
73183,1
82772,1
103179,1
59139,0
6992,1
51945,1
41612,1
87332,1
90440,0
17469,1
32683,1
7191,0
20675,1
91558,1
58532,1
814,0
55090,1
53360,0
51525,1
54082,1
6905,0
61827,1
71175,0
68432,0
11514,0
95956,0
7320,1
1155,1
103462,0
43958,0
100936,1
83522,1
86974,0
88718,0
67002,1
39156,1
54321,1
27206,1
66897,0
76757,0
58109,0
41246,1
48650,0
97864,1
8842,1
17952,1
15872,0
26373,0
70120,0
99183,1
35617,1
23999,0
63765,0
98344,1
73902,1
52326,0
47461,1
47031,0
39419,1
26576,1
22239,1
18316,0
66640,0
72093,0
50268,0
88274,1
72878,1
25677,1
34753,1
41379,1
7445,0
86113,0
75387,1
8236,0
63924,1
29128,1
82727,1
67842,1
25756,0
82440,0
7798,1
57527,1
32270,1
75088,0
33191,0
26073,0
48517,1
92735,0
46596,0
56933,0
91147,1
50883,0
42860,1
34844,1
61560,1
43873,1
80425,0
64788,0
43360,0
64764,1
64963,1
64355,0
74687,0
43964,1
42287,0
22619,1
59133,0
73593,0
67042,0
12110,1
59137,1
21411,0
7251,0
24992,0
21342,1
45450,0
13115,0
68424,1
87153,0
32661,0
58946,1
48408,0
54943,0
73921,1
17169,1
42638,0
50078,0
7910,1
7070,1
71757,1
93960,0
97704,0
38043,1
37027,0
59007,0
28231,1
91050,0
26177,1
425,1
73572,1
86083,0
66881,1
72663,0
64787,0
4237,0
37673,1
35399,1
12408,0
18914,1
49665,0
26053,1
16168,1
76302,0
96286,0
1989,0
39029,1
69528,1
18535,0
35063,0
42351,1
49260,0
13731,1
8535,1
11284,0
50563,0
64505,1
10994,0
102624,0
42575,0
8242,1
84961,1
12785,0
6603,0
88953,1
73623,0
45359,1
98273,0
40601,0
22822,0
48023,1
71485,0
39480,0
45526,1
49730,0
3121,0
8081,0
37542,1
25875,1
15122,1
61478,1
55595,0
85306,1
38866,0
55514,0
92901,0
76494,1
84825,0
27692,1
2291,1
11342,0
63286,1
42396,0
41878,1
4009,1
33534,1
2615,0
23229,1
99283,1
65740,0
48805,0
77409,0
19493,0
68179,0
78303,0
62461,0
78431,0
34518,1
33024,1
69348,1
34372,0
42344,0
85310,1
39819,0
41269,1
77751,1
98096,1
82308,1
22549,0
49591,0
29139,0
22128,0
47620,1
19032,0
16882,0
39908,0
62006,1
78244,1
19126,0
80327,0
17318,1
39756,1
45401,1
25411,1
76088,0
80247,1
90244,1
85695,0
103258,0
66852,1
78534,1
84877,1
59987,0
65320,1
8494,0
63110,0
95376,1
88603,1
80839,1
8490,1
50821,0
41276,0
85712,1
58702,1
98479,0
99450,1
9519,1
3295,0
68323,1
4929,0
88271,0
7289,0
82542,1
22386,1
18753,1
44018,1
5739,1
29751,1
4077,1
71086,1
103960,1
65275,1
31698,0
83411,0
72917,1
34733,1
65599,1
101536,1
95985,0
34095,0
19508,1
32236,0
75853,0
42312,0
13334,1
47913,0
34676,1
93151,0
5949,1
37242,1
67958,1
30220,1
20402,0
22497,1
79259,1
48745,1
58145,0
99208,0
94003,0
31902,1
31407,1
61391,0
21161,1
80741,0
56316,1
86910,0
81601,0
62676,0
54359,1
32156,1
26973,1
100210,0
93743,0
22678,0
783,0
94631,1
84990,0
81458,0
103555,0
59768,1
20233,1
65836,1
57938,1
5980,1
24241,1
17618,0
31282,0
64449,0
22785,1
93650,0
48861,1
31309,1
101484,0
53464,1
44136,0
49377,1
29361,1
77879,1
23585,0
11765,0
42600,0
36192,0
14566,0
42750,1
30884,0
23833,1
17176,1
20536,1
44962,1
17955,1
96609,1
97101,0
42615,1
5700,0
45184,0
82259,0
44138,1
43398,0
43073,1
90366,0
95110,0
81809,0
63289,1
58613,0
33279,1
87044,0
68097,0
13589,0
72662,0
66180,1
9137,1
79029,1
80,0
55013,1
91746,1
95413,1
23983,0
94773,0
46093,0
96375,0
75645,0
6784,1
77993,1
20902,1
9874,1
90914,1
81976,0
98176,1
39919,1
14233,0
11963,0
15047,0
17600,0
82884,0
93598,1
7249,0
86185,0
46438,1
90301,1
46347,0
88180,0
81037,0
95550,1
93600,0
78985,0
56662,1
70175,1
75545,0
2982,1
89590,1
1602,1
88261,0
78277,1
19588,0
72726,1
90090,0
15639,0
60377,1
63602,0
25820,1
51353,0
83489,0
88131,0
86328,0
99852,1
72997,1
79423,0
26983,1
77005,1
42969,1
98984,0
3479,1
79277,1
104148,0
46448,0
73700,0
67447,1
68980,1
58776,1
91730,1
89231,0
63523,0
13104,0
86717,1
82281,0
22420,1
96247,1
85742,0
81103,1
96953,1
82924,1
39802,1
53135,1
66841,0
96910,0
80616,0
11479,1
98369,0
73450,1
71193,0
101934,0
64906,1
26871,0
1463,0
3348,0
33878,1
74711,0
17197,0
38962,1
85467,1
57549,1
2318,0
46258,0
972,1
20511,1
94076,0
47763,1
1875,1
25136,1
18637,0
28033,1
76483,1
49436,1
101598,0
54421,1
98489,1
17583,1
4299,0
63096,0
65324,1
27421,0
69779,0
32531,0
89942,1
36651,1
88929,1
100644,0
81392,1
69983,0
5600,0
90103,0
89877,1
20438,0
44056,1
65352,0
96669,0
72398,1
5094,0
27874,1
60129,0
25436,1
28273,1
29804,1
87318,1
52528,1
12784,1
89998,0
96228,1
23507,0
98623,1
13466,0
55729,0
72505,1
17483,0
84947,0
2432,0
83414,1
34599,1
7828,0
11317,1
27417,0
12655,1
44302,1
96662,0
7152,0
88890,0
7654,1
45847,1
49411,0
104669,0
47278,0
15435,1
74599,1
90299,0
88720,1
41539,0
63954,0
96025,0
50230,0
89220,1
66706,1
77382,0
75195,0
1576,1
57200,0
74708,0
99698,0
50490,0
35295,1
103882,1
4976,1
7265,1
1676,1
47697,0
9486,0
45760,1
44709,1
68026,1
28160,1
19299,0
10798,0
67567,0
32088,0
46571,0
49041,1
16111,0
10408,1
65297,0
42450,0
33961,0
24344,0
39794,1
96008,1
71600,0
22358,0
79424,1
91597,1
23941,0
35532,1
73997,1
50463,0
60305,1
30880,0
76352,1
72895,1
78004,1
55100,1
66940,1
20986,1
40027,1
62802,1
22466,1
46431,0
81508,0
90675,0
17156,1
29198,0
51429,1
32890,1
11678,0
67473,1
57554,1
98882,0
22870,1
72605,1
37810,1
19012,1
69250,0
50123,0
11459,1
72269,1
81715,0
38619,0
12989,0
95107,0
70589,1
60926,0
102581,1
59473,0
79706,0
51487,0
33311,1
79727,0
47128,0
20159,1
20934,0
85532,0
29473,0
103627,1
82734,1
73695,0
102570,1
55760,0
40495,0
77362,1
66589,0
103870,0
103631,0
69443,1
56178,0
4214,0
33837,1
37214,1
817,1
54373,0
4953,0
63481,1
69995,0
20890,1
44393,0
10439,0
62079,0
1243,1
18390,0
99859,1
77223,1
93779,1
88680,1
60826,1
75021,0
26449,1
4204,1
29972,1
18929,1
28062,1
99038,0
97021,0
58721,1
40221,0
4793,1
70877,1
15637,1
76955,1
79573,0
52353,1
104333,0
98561,1
7970,1
33356,1
97116,1
27672,1
23383,0
60604,0
51865,1
20253,0
38243,0
23024,1
71874,0
44851,1
69768,0
72861,0
95065,0
83811,1
60367,1
19008,0
17856,1
58998,1
63520,0
101158,0
100794,1
60128,1
15344,1
73449,0
9414,0
3702,0
70284,1
102669,0
85231,0
6823,0
57021,1
85688,1
63819,1
99654,0
97458,1
20118,1
35560,1
63020,1
45385,1
86046,0
16131,1
393,0
14130,1
103092,1
74050,1
103855,0
54534,1
70140,1
33132,0
42415,1
59223,1
93395,1
100211,1
62505,1
13990,1
36238,0
66544,1
18669,1
98481,0
69450,0
83826,0
19361,1
47040,0
99092,1
78736,0
76059,0
17206,1
58523,1
90863,0
56507,0
53594,1
63379,1
62225,0
56036,1
75257,0
46681,1
84917,0
16190,0
59651,0
85891,1
67729,1
51885,0
18758,0
99438,0
37028,1
67898,0
73275,0
102738,1
70619,1
102731,1
46558,0
34931,1
96497,0
85113,0
68203,1
37554,1
99066,1
17095,0
32917,0
82211,0
17027,0
61756,0
102936,0
6330,1
22786,1
54367,0
53206,1
55199,0
34104,0
57454,0
86526,1
28534,1
93851,0
14512,1
82132,1
72099,1
16003,1
8274,1
73405,1
33510,1
79584,1
62827,0
10648,1
84546,1
51235,0
79451,1
70329,0
35280,0
36097,0
34712,1
40333,1
45213,1
58761,1
8298,1
35878,1
34189,1
19849,0
171,1
84071,0
74562,1
56821,1
27575,1
57644,0
68421,0
92934,0
28079,1
78233,1
76739,1
53946,0
91141,0
31941,1
81030,1
62816,0
100717,0
98459,0
74280,1
37274,1
16910,0
33956,0
75709,0
72680,0
11790,0
45618,1
10837,0
33951,1
61994,1
1247,0
35543,1
22611,0
93000,0
100226,0
32503,1
40326,0
16390,1
4878,1
87569,0
66365,0
49646,0
55764,0
93639,1
78038,0
79316,1
64088,1
25480,1
99792,0
87162,1
60106,1
86607,0
8380,1
8396,0
53259,0
57396,0
70538,0
43521,1
77290,1
95949,1
78179,1
74722,0
58548,1
3034,1
18537,1
60857,1
5905,0
65986,1
22159,1
7967,1
93348,1
94908,0
16740,0
7883,1
12251,0
96443,1
14113,1
76440,1
52518,1
70988,0
63648,1
85339,1
78317,0
87581,1
71519,1
69527,0
47762,0
15158,1
35013,1
60600,1
14108,0
32618,0
22963,0
23769,1
1083,1
88272,1
96272,1
25775,1
39137,0
30453,1
18346,0
36390,1
58933,0
93588,0
43118,0
39438,0
89631,0
22023,0
32557,1
86106,0
40936,1
73484,0
19985,0
60825,1
90370,1
89375,1
49918,1
706,1
36444,1
38624,0
52267,1
62981,0
23995,1
3188,1
78337,0
68812,0
89507,1
92232,0
6637,1
77743,1
12450,0
63780,0
63835,1
90203,1
94565,0
59884,0
88042,1
84904,0
83908,1
42555,1
58120,0
100990,1
77771,1
42102,1
33925,0
95830,0
44576,1
80480,0
100531,0
72807,1
26622,1
32068,1
17155,1
25779,0
74296,1
74568,0
78823,0
63340,1
78266,0
67933,1
11121,1
102234,0
65887,1
17700,0
35489,0
41558,0
46247,0
43762,0
18396,1
6749,1
91715,0
80432,1
38157,1
89666,0
3114,1
87555,1
35968,0
102064,1
843,0
95862,0
79479,1
103996,1
96395,0
60349,0
20971,1
56946,1
65930,0
80976,0
84509,0
4002,1
13600,1
13638,1
40906,1
39605,0
19777,0
14279,1
45789,1
96630,1
5913,1
8532,1
103538,0
99703,1
30980,1
23411,1
23314,1
78971,1
46953,0
35354,1
91946,0
3324,1
95559,1
98702,0
8551,0
7691,0
102285,1
75344,1
17354,0
75172,1
57362,1
22026,0
102828,0
83597,0
31544,1
52489,1
63587,0
54466,0
51201,1
72382,1
46473,1
70483,1
61926,0
87957,1
32300,1
25838,1
28102,1
29430,0
47828,1
39048,1
35579,0
59428,1
84901,0
62351,1
75507,1
79778,0
23162,0
30750,1
38064,0
64029,1
21357,1
46745,1
48219,1
76878,1
92838,0
82803,0
95878,1
54587,0
23515,0
44998,1
19567,0
40703,1
17462,0
45236,1
3508,0
75656,0
77928,0
36677,0
91523,1
45070,1
84223,1
60846,0
70195,1
91194,0
1699,1
82775,1
57154,1
56646,0
91677,1
53644,1
47091,0
94917,0
31779,1
53559,0
50604,1
44582,1
37557,0
18988,1
97815,1
98833,1
76067,0
75036,0
34746,0
53205,1
61839,1
84310,1
23104,1
3044,0
103030,1
89809,0
26045,1
19546,1
101010,0
27315,1
77364,0
56124,1
2140,1
67404,0
34883,0
268,0
2063,1
61004,1
47168,0
31447,0
57618,0
91232,1
93607,0
36786,1
34314,1
17320,0
27231,0
56861,1
50039,1
81060,0
51009,1
36867,1
14562,1
101774,1
64855,0
30616,1
50090,0
86048,0
67859,1
47217,0
103149,0
73166,0
64268,0
26499,0
29345,0
9993,1
53924,0
76253,1
71725,0
26785,1
83675,0
17921,1
65864,0
49941,0
44734,1
82680,1
56297,0
59304,0
21279,0
57974,1
93421,0
44861,0
23543,0
46449,0
88167,0
60673,0
3941,0
35415,0
24646,0
38698,1
88575,1
4324,0
3173,1
54017,0
69781,0
95449,1
75840,0
19029,0
5471,0
22723,1
28370,1
63235,0
44476,1
37642,0
75743,0
9223,1
35638,0
17913,1
56715,0
44010,1
78333,1
94848,0
104025,0
16900,1
78982,0
35727,1
24531,1
47008,1
89381,1
82023,1
24381,1
83819,1
50199,1
52311,0
22972,1
87452,1
4603,1
84503,1
10312,0
32220,0
77422,0
20231,1
31043,0
26893,1
58258,0
71961,1
55984,1
71901,0
59517,0
37748,1
61344,0
103273,1
41705,1
98807,1
24640,0
28133,1
79182,1
28496,1
15663,0
86424,0
8311,0
97251,0
80169,0
49757,0
7825,1
3716,1
40888,1
18895,0
26850,1
19686,0
8119,0
92131,1
6521,1
3537,1
58259,0
36353,1
42618,0
77445,0
43874,1
90012,0
34577,1
76312,0
46712,0
22335,1
93587,0
2471,1
90981,0
66116,1
4334,1
4614,0
66656,1
37333,0
76718,1
37176,1
102974,1
61119,1
31612,1
76872,0
58565,1
91254,0
37422,1
89829,0
53518,0
47905,1
9994,1
8087,0
39697,0
45596,0
38340,1
84404,0
102239,1
55334,0
5333,1
24671,1
6148,0
13433,1
48389,0
56652,1
56980,0
31501,0
65707,1
1009,0
76882,0
54305,0
68963,1
99851,1
38907,0
4203,0
24075,1
33715,0
13318,0
104456,0
4853,1
93378,1
100660,0
98351,1
249,1
57446,0
38593,0
29164,1
5255,1
39378,1
89675,1
32715,0
771,0
28553,1
59802,1
51388,1
92140,0
97364,1
94838,1
8243,0
39212,0
24731,1
98243,1
46604,0
64212,1
66142,0
81938,0
98516,0
85521,1
70908,1
84213,1
13727,1
5067,1
75192,0
35705,0
24542,0
65784,1
60640,0
86743,1
89214,0
41731,1
9421,1
12827,0
51446,0
53029,1
5422,1
91383,1
52076,1
1948,1
56988,1
81733,0
19832,1
45883,1
79929,0
33598,0
19695,1
57471,1
10829,1
22932,1
95948,1
85225,1
14843,0
32028,1
24209,0
50681,1
38601,0
68031,0
23131,0
17265,0
31073,1
26075,0
20884,1
100314,0
87394,1
98701,1
62779,1
61933,1
59530,0
11029,1
10251,1
60551,1
94730,0
12759,1
50360,1
27214,1
68373,1
85421,0
65380,1
20038,0
4450,0
103475,0
57937,0
80863,1
68267,0
99027,1
12271,1
20870,1
16005,1
3604,0
12828,0
56061,1
91933,1
92285,0
82251,0
15677,0
53943,0
30010,0
52410,1
95915,1
85641,0
14832,0
39679,0
13031,1
62755,0
34215,1
70146,0
6622,0
49390,1
83952,1
99611,0
77393,0
79101,0
103675,0
30525,0
59317,0
61642,1
104263,1
42366,0
13721,0
15781,0
80822,0
27558,1
78988,0
103341,0
66182,0
18456,1
12141,0
70671,0
53038,0
93131,0
65244,0
53170,1
20428,1
93355,0
39210,0
69213,1
28194,1
68927,1
61579,1
51721,1
44868,0
89422,1
49606,1
36410,0
8921,1
35671,1
10297,0
64601,1
3226,1
59862,0
62697,0
6704,1
87015,0
882,0
62674,1
51595,1
100764,0
24934,1
50803,0
31067,0
67157,1
57197,0
35153,0
58651,1
91533,1
30705,1
91911,1
59292,0
100220,1
52301,1
95670,0
98761,0
1387,1
24092,0
43676,1
88314,1
38359,1
68358,1
28592,0
87249,1
37747,0
60704,1
62544,0
70895,0
45840,1
35140,1
32934,1
95714,1
9870,0
91167,1
55361,1
51572,0
63594,1
35157,0
101268,0
19764,1
53800,0
58117,0
46744,0
55630,0
83167,1
66344,1
102391,0
38915,1
91830,0
14443,0
36828,1
93110,0
89944,0
97573,0
74881,0
942,0
18224,1
19047,0
72454,0
76300,1
10465,1
52159,0
83170,0
69253,0
400,0
89855,0
2684,1
102346,1
57921,0
69834,0
16039,1
103404,1
58112,1
61577,1
15577,0
40743,1
733,1
27815,1
16203,1
84358,0
64121,0
54915,1
6723,1
34513,0
84834,1
30878,0
99806,1
31582,1
62107,1
11226,1
52933,1
81584,0
19132,1
20474,0
49975,1
63223,1
31163,1
9417,0
60489,1
3594,1
72926,0
78610,0
23881,1
20493,1
49858,0
100673,1
67809,1
99081,0
7281,0
9542,0
83856,1
57474,0
13560,1
68105,0
98426,1
15253,0
48278,0
3921,1
50495,1
45677,1
101619,1
78671,0
70425,0
68753,0
102785,1
55389,0
19941,1
86768,0
92017,1
101967,1
44439,1
24258,1
8859,1
37332,0
76759,0
103713,1
42541,1
63567,0
6630,0
25492,1
91736,0
33358,0
80892,1
22773,1
87993,0
31871,0
14095,1
70515,0
85895,0
30205,0
2671,0
63078,0
76634,1
43841,1
37303,1
14793,0
81552,0
63374,1
6795,0
263,0
88638,0
92510,0
75704,1
67623,0
31244,0
81730,1
70491,0
72649,1
10553,1
32997,0
79617,1
52590,0
93568,0
13077,1
41256,1
34523,0
85679,0
84492,1
38328,1
59053,0
98480,1
93490,1
104651,1
103048,0
22872,1
10976,0
63732,1
56965,0
49056,0
6064,0
145,1
11265,0
33523,0
40672,1
90067,1
98769,0
3584,1
102289,0
73353,1
90555,0
93193,0
6075,0
26055,1
86390,1
89513,1
72027,1
27721,1
25145,0
39661,1
64113,0
7871,1
18710,0
33938,1
5585,0
80068,1
81940,1
53120,0
45969,1
18450,1
8918,1
47314,1
14025,0
98286,0
54770,0
26252,1
68686,0
55370,0
45795,1
62402,1
94040,0
51821,1
74323,1
36676,1
81503,0
43757,1
17840,0
94553,0
93990,0
58199,1
104319,0
46024,1
44030,1
42968,0
72201,1
77669,1
74155,0
1658,1
56697,0
18735,0
14603,1
6510,0
37257,1
28593,0
18593,1
102372,0
7789,1
71850,1
43433,0
45944,1
22487,1
21626,1
56336,0
87488,1
35634,1
89412,1
103593,1
5971,1
90998,1
26041,0
97425,0
41748,1
101227,0
36282,0
92977,1
41623,0
63158,1
40059,0
77624,1
32091,1
82028,0
33699,0
97146,0
53090,1
12750,1
75520,1
87603,0
54879,0
95401,1
78371,1
68891,0
7705,0
24055,1
89018,0
92073,1
40168,0
76503,1
3263,0
4616,0
83534,0
4292,1
94817,1
57737,1
91400,1
6799,1
23063,0
62438,1
43185,0
4610,1
47401,0
88185,1
38175,1
32453,0
34555,0
79153,0
95032,1
29763,0
34535,1
17733,0
49488,0
33234,0
12666,1
90393,0
94249,0
94536,1
29072,1
28404,0
27891,0
48289,1
86062,1
118,0
63981,0
43013,0
12769,1
66157,0
88431,0
4330,0
103301,0
101616,1
78728,1
81285,0
27257,1
49970,1
34900,1
89015,0
103981,1
80899,0
100723,0
4675,0
78156,1
56104,0
53474,1
66357,1
12982,0
102001,0
67942,0
886,0
8235,1
30224,0
21142,0
100244,0
29750,0
59682,0
63908,1
48605,1
92199,0
93034,1
52336,0
39861,0
79501,1
66032,1
63868,0
8343,1
22878,1
47848,1
65413,0
62530,1
967,1
93129,1
102658,0
55873,1
99518,1
26139,0
71110,1
94753,0
84980,0
67740,1
9800,1
24159,1
46875,0
71525,1
23851,1
25101,1
28518,0
65230,1
50205,0
71266,0
1746,0
91265,1
64002,0
88212,1
12275,0
36563,1
99329,1
22441,0
32756,0
30872,0
87941,0
2805,0
87754,1
17734,0
39464,0
64240,1
83544,1
62630,0
19304,1
1604,0
69823,1
8509,0
85470,0
7007,1
82826,1
79313,1
64235,0
102547,1
88748,1
104382,0
101375,0
102682,1
65042,1
27293,1
65302,1
58081,1
80409,1
77663,0
62783,1
65819,1
40566,1
52707,0
91521,1
75101,0
11423,1
59446,1
40037,1
39745,1
48341,0
62069,1
99483,0
80392,0
87314,0
34801,1
21702,0
52184,1
36593,1
54570,1
31919,0
97699,1
59138,0
6546,0
9636,0
98923,0
37020,0
48887,1
62666,0
67136,0
71088,0
11968,1
53503,1
85295,1
97933,1
95907,1
33301,1
93965,0
88207,0
20604,0
41542,1
85885,0
27246,1
27062,1
40955,1
8565,1
78236,0
58213,0
52288,0
80318,1
34388,1
37895,1
30540,1
33649,0
59235,1
73312,0
11405,1
11320,0
58326,0
39997,0
45180,1
23759,0
6229,0
83841,0
84797,1
65604,1
60304,1
28414,1
30396,0
60235,0
8854,1
3839,0
102673,0
52466,0
25689,0
71029,0
12487,0
15798,0
82983,1
32131,0
23195,1
69099,1
21803,0
81912,1
103818,0
27561,1
84064,0
51052,1
98360,1
61499,1
73565,0
2208,1
31314,1
55415,0
32773,1
93162,0
19869,0
2176,1
64999,1
86500,0
66470,0
16137,1
55234,0
35761,0
38093,1
43959,0
36149,1
80997,0
38012,1
44834,0
30506,1
87430,0
11594,0
98169,0
62809,0
17891,0
26339,1
67563,1
91619,1
104421,1
52128,1
39876,1
23811,0
77025,1
4043,1
58837,1
14873,1
70844,1
54536,0
41477,0
97155,1
8132,0
74474,0
16399,1
54895,1
98862,1
5891,0
102923,1
58431,1
43323,0
66645,1
98393,0
26809,1
5994,1
683,0
69761,1
16828,1
20965,1
79096,1
97504,0
18057,0
10440,1
94425,1
40729,1
56558,0
26314,0
51445,1
2321,1
24321,1
32366,0
14138,0
88550,0
93442,1
76575,0
96779,0
51164,0
62081,0
22637,1
62662,1
3912,0
76833,0
25239,0
29767,1
66657,1
48247,0
44983,0
74671,1
104469,1
46660,1
2765,1
51331,1
49715,0
57411,1
98606,0
30547,0
73527,1
2850,1
102758,0
46814,0
54726,0
77530,1
2964,0
39119,1
64172,0
31692,1
53258,1
33361,1
90907,1
24526,0
98925,0
187,1
49953,0
57241,0
1252,0
14344,0
41636,0
49353,1
54439,0
60019,1
80210,1
4894,1
49094,1
54203,1
20573,0
33313,1
5126,1
41993,0
87326,1
84617,1
78744,0
103621,0
49965,1
82496,1
39120,1
74657,1
92779,1
79279,0
14731,0
57365,0
83922,1
102396,1
90505,1
56367,0
55325,0
15956,1
42695,0
20016,1
64047,0
59311,1
98924,0
35827,1
100527,0
22218,1
80172,0
87270,1
56100,1
78091,1
4239,1
68712,1
61074,1
45639,1
195,0
4184,0
19737,1
90389,1
60948,0
8354,1
5740,1
17735,0
49305,0
23909,0
80367,0
43119,0
49714,0
86378,1
100883,0
71015,1
93884,0
67655,0
76606,1
91302,0
89283,1
11696,0
30935,0
1156,0
38307,0
92436,1
33727,1
55653,1
27141,1
78074,0
91674,0
42345,0
62083,0
89769,1
58322,1
94381,1
52953,0
38495,1
38556,0
60865,1
24789,0
67864,1
43557,1
40325,0
49385,0
48369,0
43711,1
58209,0
36280,1
20917,0
33984,1
98395,1
63295,1
96527,0
44990,1
4206,0
24501,1
73662,1
77072,0
46421,1
3468,0
57584,1
18671,1
39798,0
53053,0
19633,1
18750,0
8764,1
87217,1
67196,0
1439,1
79087,1
11201,0
50448,0
37045,1
46715,0
792,0
45581,0
77081,0
99870,0
82162,1
86138,1
29116,0
26802,0
22297,0
79090,1
16122,1
44969,1
85374,1
95359,0
57729,0
84197,0
2807,1
17558,0
31573,0
3848,1
42245,1
12836,0
13182,0
78992,0
42476,1
11677,0
43720,1
91661,0
35680,1
80080,1
17967,0
80748,1
88305,0
88410,1
8759,1
65227,1
72764,0
35392,0
73698,0
69764,0
68253,0
14670,0
83866,0
84864,1
998,0
56000,1
100128,1
72097,0
31224,1
78489,0
97978,1
40283,0
9252,1
9345,1
76196,1
65903,1
100369,0
102236,0
27755,0
82781,1
16356,0
69633,1
32616,1
104674,1
17548,1
71073,0
81113,1
82776,0
60098,1
19393,1
81388,0
20551,0
9820,0
60899,0
11946,0
78471,0
87696,1
33955,1
24855,1
24385,1
102977,1
9776,0
39233,0
26457,0
97070,1
87480,0
58161,0
33207,1
11382,0
58642,1
102446,0
15997,0
81670,0
57306,0
85227,1
30774,0
6393,0
40134,1
85084,0
62210,1
19427,0
62401,0
63081,1
19898,0
92532,0
48179,0
5297,1
104115,1
81420,1
75449,0
77275,1
9740,1
99959,0
2648,1
69574,0
64654,1
6445,1
58840,0
1059,1
86129,0
7763,0
28427,1
62261,0
61531,0
16891,1
68874,0
60203,1
34508,1
13065,1
2871,1
70532,0
31325,0
35092,0
79341,0
71399,1
25758,1
2314,0
1903,0
55507,1
90041,0
37755,1
85042,0
1768,0
6995,0
13464,1
42878,0
29677,0
86668,1
39337,0
72040,1
42436,0
69826,0
20814,0
59843,1
67464,0
53600,0
1311,1
101114,1
78844,1
7991,1
4263,0
61421,0
13382,1
80521,1
91370,0
55556,1
22283,0
89072,0
80827,0
25002,1
16993,0
42858,0
46009,0
38086,1
19890,1
74143,1
94161,0
31364,0
72010,0
56320,1
80592,0
3256,0
80990,0
58708,1
12382,1
73198,0
58783,0
13581,0
92317,1
89247,1
73379,0
64073,1
68884,1
35185,1
20043,1
63794,0
87446,0
60352,1
25213,1
53268,0
12351,0
75414,1
42176,0
63130,1
42602,1
5735,0
20175,0
66478,0
68458,1
88563,1
78809,0
100197,0
61040,1
38368,0
42979,1
72385,0
93089,1
95328,0
102859,1
59600,0
55540,0
92351,0
56114,1
94508,0
26463,0
95497,0
85096,0
42912,1
3996,0
73025,0
94241,0
14174,0
90611,0
38258,1
86460,1
18912,1
81901,1
7005,1
47103,0
12361,0
63487,0
104578,0
31342,1
83391,0
28941,0
87196,0
99374,1
53660,0
11443,1
69479,0
24876,0
10078,1
55748,1
19450,0
74736,0
25720,1
20485,1
15204,1
71871,0
25121,0
24343,1
33812,0
64067,0
98296,1
41922,0
35430,1
25905,0
70414,0
85664,0
18836,1
23494,0
103982,1
56852,0
88208,0
28567,0
51510,0
37969,1
47990,1
24872,0
71542,0
2180,0
87967,1
58428,1
7619,0
74034,0
85623,0
69430,1
45127,1
22220,1
24421,1
65403,1
44619,1
35848,1
59958,1
92563,1
29800,1
81104,0
57096,1
103701,1
4604,1
82559,0
4898,0
90504,1
79740,0
80912,0
669,1
1794,0
50250,1
72217,0
81611,0
94098,0
7126,0
15019,1
65212,1
104720,1
14867,0
44398,0
8741,0
39368,1
47333,1
83732,0
63665,0
51468,1
16692,1
58245,1
22545,1
890,0
33629,1
103533,1
68082,0
2994,1
180,0
12377,1
32072,1
3192,1
93556,1
37704,1
86217,1
92572,0
13626,1
162,0
54076,0
2959,1
89045,1
73534,1
176,0
17445,1
54851,0
50255,1
31493,0
77801,0
81795,0
88464,1
44788,1
8714,1
35613,1
14282,0
91406,0
39356,0
25421,1
29353,0
57014,0
44149,0
55716,0
83878,0
73339,1
7240,1
5495,0
104825,0
55708,1
41438,1
90028,0
50674,1
75855,0
67282,0
55837,0
28034,0
21137,0
101033,0
67875,0
39495,1
56930,1
72257,0
45556,1
26326,1
29313,1
55001,1
99868,1
38347,1
45790,1
14921,1
100417,0
45285,0
50136,1
88565,0
8988,1
71367,0
6776,0
88278,1
90647,0
29132,1
4794,0
31975,0
49246,0
80611,1
37179,1
48595,1
25185,0
45261,1
3988,1
2213,1
77140,1
45933,0
55789,0
51726,1
71537,0
95062,0
71317,1
61109,0
65665,1
85632,0
69909,0
76222,1
84943,0
87799,0
89926,0
55870,1
89589,1
98406,0
87412,1
93236,0
76935,1
88937,1
12355,0
67007,0
78474,0
15990,1
80424,1
11739,0
3927,0
69690,1
69576,0
51398,0
82651,1
60886,1
95211,0
35684,0
89879,0
92951,1
44666,1
80848,1
33585,0
82953,0
16036,1
31181,0
11451,0
29977,0
97589,1
70180,0
68587,1
88063,0
73244,0
46112,1
11352,0
101835,0
99141,1
51401,0
52760,1
79984,0
15962,0
102144,0
19227,0
88441,1
31432,1
44681,1
92205,0
39326,1
32862,0
55691,0
26391,1
89708,1
9145,0
42734,1
71995,1
79968,0
38913,0
28559,1
57041,1
64706,0
17918,0
83941,0
26004,1
39131,1
83763,0
65367,1
100640,0
84392,1
77270,0
4180,0
43368,1
83081,1
35928,0
39962,1
52960,1
103800,0
35507,0
92228,0
93734,0
18052,0
92873,0
4763,0
82135,1
37515,0
34437,1
98759,0
72791,0
49165,0
69112,0
10028,0
86799,1
6686,1
27521,0
8692,1
24099,0
67460,1
38316,1
75364,0
101714,0
50493,0
86789,0
57243,1
83957,0
102986,0
99684,0
27766,1
50528,1
323,0
27828,1
14111,1
81644,0
63965,1
99352,1
65495,1
55004,1
52000,1
57358,0
68802,0
63618,1
29286,1
70588,0
98585,0
44805,0
53618,1
49586,1
104845,0
103293,0
52167,0
49065,1
54775,0
49602,1
17023,0
102416,0
7738,1
6695,0
25216,0
57703,1
74449,1
31248,0
67135,0
30730,1
85015,1
22068,0
29661,0
12942,0
45176,0
95971,0
66058,0
63193,1
11177,1
68672,1
96664,1
83291,1
40622,1
85694,1
78709,0
37459,1
29227,0
91404,0
11724,1
79216,1
60988,0
100251,0
9817,0
57068,0
72837,1
77810,0
58441,1
53970,1
13178,0
54344,1
53563,1
104629,0
55198,0
101595,1
37622,0
61900,1
79881,0
37268,0
98955,0
96499,0
49190,1
66218,1
61755,1
88128,0
86706,1
84637,0
82253,0
57170,1
62315,0
68405,1
46886,1
96014,1
76289,1
57450,0
43978,0
27197,1
53124,0
73444,0
58156,0
67284,1
74904,0
87882,1
98985,0
54633,1
64801,1
53740,0
56639,0
24291,1
7525,0
58442,1
65708,0
11253,0
77018,1
18080,1
71357,1
27374,1
51878,1
71927,1
14031,0
43562,1
33419,0
43499,0
45221,1
32662,1
17405,1
7125,0
69233,1
75687,1
80143,1
73302,0
24750,0
47027,1
79960,0
83192,1
72113,1
33427,1
48445,1
55088,1
5911,1
96370,0
75223,1
6558,1
1834,1
76551,1
92808,0
61791,1
91742,0
7099,1
32837,0
15908,1
82,0
10865,0
78789,1
28339,0
9639,0
30985,0
77172,1
58739,1
73685,1
50644,0
81805,1
101313,0
71913,0
22049,1
36431,1
42840,0
43631,1
77512,1
46409,0
87457,0
19791,0
98547,1
90527,0
8660,1
31756,1
76294,1
31717,1
97297,1
19530,1
21465,0
62384,1
76600,0
65092,1
23334,0
20234,0
79722,0
98440,0
40487,0
59979,0
60645,1
68947,1
64876,1
99848,0
100461,1
47237,0
77829,0
52972,1
44491,1
19309,0
49570,0
51891,0
8358,1
20993,1
15835,0
34937,1
94530,1
49509,0
91197,0
88391,0
83792,0
96052,0
52094,1
86299,1
10110,1
476,0
9891,1
40127,0
30001,0
5101,1
42237,0
27741,1
67917,1
103147,1
92443,1
9724,0
38435,0
36936,0
63510,1
43541,1
73730,1
41352,0
28052,0
46741,1
79364,0
52810,0
52931,0
87624,0
11586,0
104093,1
50423,1
87456,1
56081,1
86324,0
8923,0
30969,0
66718,1
45756,0
72755,1
20316,1
80715,0
67881,1
97887,0
89013,0
68836,0
55423,1
39523,1
98331,0
74488,0
27728,0
94353,0
43657,1
4176,1
79063,1
32717,1
51291,0
77220,0
98422,0
7391,0
43216,1
96122,0
23625,0
23611,1
63650,1
73627,0
41111,0
67115,0
104711,1
6543,1
104787,0
54248,0
37250,1
88449,1
60732,1
11018,1
54658,1
31092,0
71019,1
55780,1
47395,0
41574,0
46683,0
100594,1
62295,0
78831,0
16054,0
22523,1
34666,1
77655,1
83706,0
2436,1
77626,1
40161,0
1385,1
86321,0
51337,1
43497,1
14203,0
82469,0
51407,1
48769,0
72342,1
88116,1
69294,1
30310,1
49274,0
70015,1
28740,1
91555,1
55893,0
72146,1
44921,1
20681,1
16730,1
99964,0
95297,0
86421,0
16587,1
33238,0
77115,0
12069,1
60776,1
32019,1
98380,1
82013,0
26422,1
101655,0
63011,1
103148,1
74415,0
4926,1
56613,1
70688,1
73174,1
102213,1
42054,0
49334,0
19275,1
58688,1
74522,0
98756,1
24520,1
4829,1
75667,0
25622,0
23456,0
67833,1
16125,0
17313,1
12437,1
96023,1
72086,1
77228,0
13237,0
67656,1
46064,1
95685,0
40510,0
34363,1
43333,1
81927,0
17528,0
33065,0
86713,1
37044,0
81918,0
96111,1
84299,0
101166,0
42481,0
80202,0
94387,0
61373,0
86213,0
102348,1
63892,1
83370,1
54642,0
92159,0
40925,1
46809,1
42915,0
65125,0
43716,0
2710,0
60559,1
87775,0
104646,1
85841,1
30303,1
103896,0
43276,0
38851,0
49051,1
102770,0
5967,1
40758,1
44160,1
54683,0
55053,1
59954,1
10658,1
13639,1
4856,1
65844,1
104754,1
7969,1
1170,0
6890,1
59482,1
64241,1
96426,1
34512,0
26846,1
75651,0
55755,0
63540,0
78933,1
16070,1
27233,0
98821,1
68705,0
21647,1
91803,0
39813,1
100912,1
24313,1
101000,1
45211,1
29952,1
58079,0
50730,1
91723,0
73919,0
86652,1
40524,1
6482,1
25165,1
102287,0
47578,1
50610,1
89042,1
71064,1
88344,0
45851,0
30285,1
41755,0
100974,0
48169,1
58827,1
7670,1
25679,1
61707,1
18170,1
58035,0
20263,1
85361,1
32124,0
32623,0
42259,1
13234,0
62763,1
98023,1
38217,0
91539,0
11016,1
10426,1
96313,1
28612,1
35756,0
87144,0
5239,1
80726,0
46433,0
43369,1
77079,1
15787,0
65952,1
97370,1
69031,1
48253,1
11245,1
102141,0
72282,0
56175,0
101594,1
10050,0
84721,1
1633,0
48689,0
78909,0
31313,1
72597,0
10009,1
78024,1
81208,0
63036,1
334,1
40876,1
19174,1
96053,1
52222,0
92365,1
51163,0
38888,1
71209,1
4907,0
82880,0
76792,1
88297,1
64306,0
80306,1
44565,0
3843,0
19284,1
94843,0
56770,0
78673,0
104481,1
90200,1
16989,1
81094,1
4346,1
10542,0
20163,0
81125,0
61915,1
63756,1
60863,1
27074,1
21893,0
64103,0
51868,0
75019,1
102133,1
93752,0
58218,1
34895,1
72068,0
53168,0
11576,0
989,0
50872,1
24711,0
62454,0
49200,0
48744,0
87278,1
94853,0
83563,1
12834,1
5749,1
68999,1
70954,0
70973,0
66820,0
78276,0
72136,1
63205,0
87557,0
4621,1
102412,0
1430,0
69139,0
63314,0
52360,1
48844,0
88536,0
51750,0
56406,0
61422,1
76209,0
37466,0
64432,1
15400,1
75248,0
62933,0
18660,1
83799,1
27740,0
75862,0
104038,1
101738,0
99765,0
37873,0
20073,1
35545,0
82759,1
88224,0
66749,0
50648,1
104326,0
11731,1
49977,1
61064,1
29587,0
55324,0
98956,1
49047,1
46541,1
21394,0
86769,1
57686,1
83550,0
89173,0
7147,0
96778,1
958,0
60753,1
97097,1
38461,0
22290,1
68457,0
84885,0
88039,1
10270,0
10098,1
78708,1
65246,0
56617,1
90935,0
31093,1
65563,1
86297,0
67202,1
12225,1
48921,0
41844,0
29258,0
79270,1
67767,0
83939,0
103022,0
11081,0
97736,1
50434,0
84663,1
23959,1
56952,0
68916,0
54591,1
42796,1
63354,1
54886,1
91358,0
31922,1
65790,0
89016,1
71997,0
45818,1
40450,1
48125,1
51006,0
61786,0
45902,1
99418,0
32736,0
16115,0
13144,1
46631,0
9673,0
44832,1
100944,0
20218,0
14364,0
19552,0
49062,0
85930,0
103914,1
29630,0
5132,1
25205,1
93210,0
15091,1
83927,1
26480,1
20660,0
47869,1
97692,0
88372,0
44840,1
63876,0
49938,0
52369,1
33853,0
8507,1
48283,1
48356,0
103990,1
16774,0
17712,1
55975,1
53182,0
63769,0
82909,0
75401,0
54441,1
24404,0
36317,0
70309,0
34811,0
76091,1
102244,0
79350,1
69149,1
73316,0
44578,0
33367,1
19062,0
41624,1
12171,0
69267,0
4347,0
89525,1
10684,1
63583,0
57308,1
97634,0
43170,0
57168,0
48780,0
39139,0
92178,0
49508,1
104402,0
102642,0
97821,0
63760,0
90408,1
97430,0
100628,0
19091,0
78263,1
7375,1
101604,0
2619,1
5934,0
66889,0
17513,0
94100,1
61504,0
37979,1
1799,1
82637,1
93033,0
82223,0
27592,1
65532,1
26183,1
59017,0
61446,1
83803,0
71313,1
76697,1
70276,1
52422,0
52841,0
34093,0
82844,1
76044,1
73451,1
47573,0
55663,0
96219,0
28601,0
5151,1
84544,1
64181,1
94790,1
87142,1
12302,0
72515,0
48987,0
44662,1
100779,0
47692,0
55685,0
96717,0
36554,0
44063,0
13620,1
94339,1
77314,1
69964,1
78751,0
104797,1
85265,0
4079,0
50943,1
24071,1
77511,1
89389,1
78343,1
4358,1
74605,1
72580,0
5042,0
34720,1
95212,1
46115,1
6023,1
98152,1
74324,1
79873,1
104009,0
54896,1
70453,1
1524,1
34642,0
60591,1
42547,1
3318,0
92648,1
14290,0
85177,0
71847,1
89969,1
6678,0
47634,0
59346,0
54873,1
75561,0
34667,1
71408,0
68367,1
67913,0
18865,0
80806,0
63396,1
45641,1
100639,1
27804,0
10935,0
51645,0
90602,0
11127,0
16842,0
69570,0
100571,1
14507,0
29443,1
95394,0
71387,0
91386,0
5301,0
137,1
70649,0
78076,1
1494,0
50319,1
94013,0
12812,0
74785,0
48226,0
11850,0
38586,1
37517,1
17889,1
48291,0
40509,1
30513,0
42903,1
40947,0
67017,0
66128,1
88111,0
59649,1
73826,0
14741,1
39852,1
75636,1
60915,1
62642,1
100649,1
3622,1
64278,1
77954,0
69053,0
39406,1
100856,0
19440,0
9329,1
34389,1
68317,0
11959,1
58812,0
99247,0
15429,0
103062,0
52030,1
72625,0
19628,0
46524,1
88152,1
89419,1
17586,0
9990,1
90347,0
49885,0
93940,1
26936,0
104645,1
33350,1
79821,1
19935,0
86218,0
76223,1
36680,1
10252,0
24828,1
82939,1
26560,1
30343,1
26223,0
9755,0
52597,1
13570,0
97855,0
37170,0
56914,1
26781,1
54891,0
49461,0
46725,1
61184,0
70299,1
58409,1
49823,0
44001,0
58972,1
79140,0
14554,0
36607,0
8617,1
65757,0
51578,0
55285,1
59877,1
3211,1
58663,1
84484,1
90681,1
25657,1
11524,0
46429,0
52332,1
1503,1
23222,0
64395,1
102975,0
20105,1
65837,1
57912,1
51622,0
97722,0
20031,0
27512,0
3042,1
45142,0
31782,0
9507,0
15067,1
8291,1
7517,0
41177,1
81701,0
35529,0
55886,0
81294,0
47717,0
19282,0
82498,0
104712,0
24025,1
40466,1
30444,1
46479,0
56398,0
20047,1
73224,1
84647,1
77966,0
69584,1
87625,1
18165,0
38548,0
41645,0
85937,0
74604,0
39103,1
21974,1
103682,0
35853,1
3350,0
104376,0
2498,0
36309,1
54472,0
23299,0
15252,1
68102,1
42594,0
26993,1
88103,1
41713,1
92796,0
41921,1
34530,1
51874,1
23058,1
49770,0
35180,1
34031,0
22942,0
43018,0
52041,1
39769,1
48141,0
51694,1
17957,1
49105,1
97396,1
58246,1
15958,1
12907,1
61171,1
93164,1
91281,1
104198,0
19513,0
78037,0
19652,1
31867,0
16304,1
25167,0
96061,0
36717,0
40983,1
100410,1
4189,1
9400,0
36189,1
10106,0
18435,1
62490,0
13923,1
27276,1
33666,1
4844,0
67749,1
12334,0
81126,1
59199,0
95437,1
36594,1
73382,1
78540,1
66732,1
25220,1
41929,1
80609,0
6339,1
15757,1
37042,0
60586,0
72581,0
39832,0
16935,0
6180,1
67931,0
96857,0
808,1
17938,0
6537,0
32487,0
31712,1
75959,1
48862,1
21567,0
8279,1
85807,1
77136,0
12442,1
48603,1
6289,0
19332,1
36130,0
44283,0
99631,0
18595,1
87256,0
70933,0
31574,1
21547,0
68676,1
86425,1
15349,1
78905,1
60889,0
21416,0
64508,1
103679,0
4532,0
70179,1
56046,1
98735,1
40136,0
23519,1
28830,0
10891,1
86870,0
32500,0
38768,0
472,1
39001,1
86730,0
22179,0
88577,1
102955,1
39553,1
79765,0
7098,1
67561,1
99020,1
29048,1
59247,0
78215,0
102820,0
68564,0
48978,1
16311,1
52758,1
61764,1
90169,1
27694,1
78906,1
56641,1
93456,0
102400,0
86256,0
61870,0
100175,1
27906,1
27790,1
27484,1
50084,1
27632,1
22685,0
24658,0
51214,1
38129,0
61641,1
15330,1
32151,1
56849,1
87019,0
7095,0
24028,1
103082,1
103032,0
34984,1
47460,0
67763,0
423,1
36196,1
15823,0
71016,0
23008,0
18369,0
8588,1
103097,1
48591,1
29281,0
91048,1
99151,1
47721,0
15015,1
96266,0
33516,0
25083,1
62950,1
96317,1
19792,1
42502,1
79524,1
10937,1
64684,0
34073,0
85498,1
46219,1
19000,0
76105,0
91345,0
50622,0
7686,1
11869,1
91781,1
21275,0
34457,1
45161,0
17657,0
77821,1
15103,0
96009,0
62872,0
2057,1
11172,1
23617,0
60205,0
20856,0
24164,1
43316,0
61958,1
5693,1
100440,0
16713,1
58140,0
23073,1
47925,1
82407,0
97164,1
90672,0
75399,1
2207,1
11110,0
23649,0
12884,0
17646,0
88684,1
30711,0
61697,1
21112,1
31338,1
78615,0
78803,0
103936,1
14527,0
2811,1
49851,1
39062,0
47063,1
61532,0
27089,0
90852,1
74182,0
99443,0
3002,0
88414,0
18534,1
60745,0
96511,0
59114,1
63667,1
14951,1
28143,1
61043,0
28149,1
70570,0
59906,1
15976,1
5642,0
2024,1
76460,0
17244,0
90788,0
1497,0
37556,1
11175,1
49449,1
101257,1
14787,1
82155,1
14346,0
75407,0
17943,1
67893,1
888,0
26190,1
47179,1
19934,1
51390,0
21044,1
89492,0
76202,1
101409,1
50720,0
21105,1
100040,1
30898,1
90586,0
28415,0
99957,1
102053,0
57476,1
82342,1
68540,1
11964,1
614,1
81839,1
6296,1
57952,0
49940,1
56351,1
87105,1
33059,1
38474,1
31616,0
61860,1
69045,0
58798,0
13680,1
49542,0
100734,1
52513,1
101408,1
76684,1
12168,1
73276,0
36624,1
58157,0
80445,0
97263,0
75886,0
24276,1
62453,1
42244,0
41222,0
90296,1
69753,0
27498,1
43662,1
11950,0
62549,1
88363,1
89254,1
98789,1
87047,0
276,0
54059,1
51980,1
39344,1
57903,1
21553,1
25058,0
25013,1
65956,0
33702,0
21165,1
51459,0
98835,1
62471,0
57470,1
52032,0
88213,1
66040,1
76057,0
28193,1
29968,1
23168,1
92620,0
101489,1
8699,1
81770,0
57940,0
21986,0
86499,1
18113,1
11376,1
16455,0
3654,0
82988,0
39821,1
51943,1
43565,1
95139,1
70552,1
34637,1
34707,1
97559,0
75082,1
79119,1
97130,0
95046,0
26467,1
75677,0
44456,0
26142,0
84296,0
97778,1
29324,1
64148,0
94509,1
73123,0
1626,1
38234,0
34929,0
6987,1
64843,1
78308,1
52614,1
45546,1
56189,1
82467,1
55741,1
53020,0
27394,1
72156,0
32784,0
59100,0
496,1
32834,0
67146,1
18274,1
34066,1
38192,0
86584,0
9496,0
12315,0
20179,1
34026,0
69030,1
81401,1
51790,0
77542,0
8334,1
78329,0
42854,1
7361,1
5016,1
45626,1
72393,0
42137,0
91842,1
54670,1
102830,0
45357,0
70734,1
83338,1
30870,1
71551,1
9162,1
99075,1
15981,1
96808,1
60334,0
2923,0
18410,1
15604,0
14838,0
35481,0
10780,0
57869,0
20494,1
88642,0
17073,0
11886,0
24052,1
96218,0
51042,1
96985,0
90293,0
4458,0
92542,1
65954,1
68423,1
9021,0
75786,1
2067,0
88137,1
10137,1
18496,1
22271,0
103177,0
24243,1
45229,0
6484,1
68824,1
45371,1
18089,1
37962,0
82228,1
56235,0
93414,0
14040,1
76224,0
9210,0
94511,0
90975,0
92809,0
65148,0
89531,0
47580,0
84682,0
2449,0
51361,0
30917,0
24477,0
24927,0
13011,1
28426,1
83099,0
37670,1
50582,0
101981,1
37524,0
15471,1
16721,1
11000,1
77668,0
27756,0
80185,0
24068,0
100987,0
30661,0
88909,0
32324,1
68971,0
62720,0
90397,0
102922,1
47363,1
35729,1
43771,0
54436,1
45892,1
99736,1
40475,1
64083,1
23476,0
24786,0
83764,0
43779,1
37351,0
68965,0
25553,1
8326,1
70518,0
63377,0
28835,0
10398,1
60130,0
75670,0
27290,1
50876,0
86915,1
45313,0
90579,1
89110,0
99258,0
49480,0
73066,0
86197,0
7470,1
60966,1
65255,0
33062,1
30236,0
66914,1
34933,0
32558,1
79318,1
93018,1
101443,0
82116,0
30948,0
80551,0
36819,0
8969,1
30082,1
16196,1
61017,0
13139,0
69302,0
6842,0
100608,1
68520,0
54376,0
51562,0
104513,0
30136,0
30836,0
101012,0
57022,1
6864,1
104755,1
9614,1
48354,1
79047,1
87848,1
58192,0
47779,1
17316,1
88143,1
50291,0
9623,1
74999,1
45388,0
33817,1
75194,0
22392,0
62874,0
79306,1
81020,1
78192,1
89849,0
46685,1
43245,1
37168,1
10847,1
94569,1
98872,1
2613,0
93558,0
72673,1
39707,0
62377,0
23166,1
9516,1
59303,0
55132,1
103803,0
22270,1
71059,1
1289,1
63871,0
21830,0
91867,1
73551,0
102324,0
17773,0
99270,0
96525,1
32412,0
103436,1
46221,1
9109,1
104014,1
5837,1
92762,1
42263,1
34700,0
41174,1
35069,1
16241,1
80881,0
34918,0
59996,0
36486,1
67805,1
27659,1
87246,0
53529,1
45231,1
95194,1
52631,0
19840,1
12977,1
83619,1
26204,1
88723,1
97556,1
93864,1
43632,0
297,1
6363,0
85673,0
41615,0
92469,0
8050,0
88935,1
53976,0
40850,1
77169,0
102994,1
15762,0
101952,1
37911,1
75009,1
62956,1
22321,0
12467,1
30849,0
18324,1
77679,0
71386,0
29231,0
67289,1
75264,1
26889,0
18376,0
15756,1
77909,1
60491,0
35109,1
72061,1
44148,1
41166,0
15664,0
80761,1
86711,0
49869,1
22966,1
30151,0
76511,0
27143,0
73616,0
19146,0
67213,0
26434,1
87618,1
40668,1
97033,1
17468,1
49800,0
83562,0
55032,1
95834,0
42846,0
12984,0
78456,1
100245,1
25438,0
45925,0
6093,1
18743,1
6892,0
100905,1
77558,1
26393,0
87338,1
14689,0
81717,0
16128,0
3825,1
31158,1
77808,0
10929,0
327,0
96420,1
80368,0
98022,1
96338,1
44086,0
4505,0
89146,1
64922,0
85490,0
4966,0
55530,0
65226,1
80228,0
2403,0
7595,0
10548,1
101752,0
53434,0
26971,1
54324,0
58360,1
7556,0
9347,1
24323,1
83708,1
29687,0
48430,0
3353,1
96336,0
80700,1
102826,0
66385,1
28640,0
39117,1
8476,1
22302,1
75660,1
78975,1
306,1
83548,0
86775,1
44172,0
24140,1
22413,0
59989,1
82926,1
94313,0
42528,0
101025,1
57610,1
74683,0
30013,0
39457,0
99572,1
100617,1
26016,1
103883,1
2442,0
38564,1
99341,1
76259,1
36349,1
37001,0
34863,0
77506,0
95635,1
54628,1
94994,1
81663,1
96938,0
69605,1
74304,0
62750,1
60255,1
88437,0
18825,1
7800,1
72452,1
43413,1
4990,0
11545,1
2014,1
20959,1
79011,0
48412,0
6857,0
16119,0
48859,0
41429,0
35286,0
7434,0
54276,0
72942,1
83727,0
98132,0
77386,0
91999,1
99621,1
35673,0
54021,1
65361,1
4293,1
37483,1
64386,0
28688,1
71553,0
65651,1
23170,0
24982,0
4424,0
65249,1
16,0
87111,1
31911,1
96086,1
49207,0
35051,1
44267,1
83220,1
71592,0
46118,0
86464,0
40274,1
86846,0
26095,1
21997,0
60017,1
97273,1
93420,1
101937,0
10265,0
46919,1
60346,1
51410,0
20533,1
9014,1
69172,0
81416,1
8039,1
17189,0
37719,1
72036,0
102736,0
70312,0
71634,0
12535,1
31389,1
54395,0
74833,1
33682,1
100847,1
56539,0
56221,1
84443,0
96702,1
38610,0
21594,1
21691,1
88295,0
90961,1
30835,1
80022,0
5107,1
93696,1
100116,1
53514,1
22342,1
94869,0
37270,1
102078,1
88859,1
28765,0
99553,0
7996,1
53436,1
16805,0
18333,1
39386,0
40358,1
53643,1
28639,0
69100,0
37065,0
77788,0
70255,1
41694,1
99711,0
9327,1
40582,1
19943,0
84432,0
42571,1
31392,0
14381,0
13834,0
14690,1
31375,0
21858,1
58282,0
101011,0
104575,1
80650,1
45143,1
3498,1
84759,1
5008,0
76670,0
82007,0
89073,0
83869,1
22072,1
99861,0
103387,1
34450,1
103195,0
2086,0
80098,0
31695,0
9280,1
101676,1
81749,0
34913,1
7385,1
68454,0
64281,1
85596,1
86614,1
34387,1
37052,1
13934,0
64425,0
104054,1
371,0
64846,1
74230,1
20092,0
98883,0
80329,1
34481,0
98196,1
13601,1
61721,1
78684,1
95741,0
48099,0
79129,1
78979,1
17388,1
40123,1
38108,0
57848,1
58832,1
54235,0
26120,0
45650,1
21698,1
88733,1
104179,1
87934,0
13003,1
73602,0
21139,1
52150,1
89648,0
104347,1
44073,1
67492,1
85047,0
30156,1
76644,1
9573,0
11415,1
46287,1
86050,0
6690,0
39057,0
69006,1
53152,1
24146,0
76086,1
35889,0
21961,1
49059,1
68662,1
37158,0
53380,0
100229,0
97693,0
78563,0
52342,0
19058,1
43331,1
32104,1
94863,1
60734,0
32241,0
58669,1
51844,0
48411,0
97882,1
12873,0
1854,0
72344,0
46471,1
2278,0
24333,1
95918,1
17499,0
42500,0
56527,1
36167,1
71140,0
2059,1
56900,1
8630,0
21915,0
32767,0
42307,0
48643,0
5327,0
42367,0
31474,1
16489,1
73293,0
54206,1
18773,0
93169,0
58765,1
80624,0
1835,0
55426,1
71115,1
81266,1
87139,0
7340,1
29065,0
75517,1
83445,0
4597,1
43385,1
40067,1
94750,1
87359,1
81548,0
64507,1
67995,1
1931,0
94495,0
57126,1
4085,1
23114,1
4311,1
11983,0
86724,1
44108,1
6481,1
40007,1
3899,1
29042,1
53371,0
95634,0
3016,1
26460,0
82610,0
46975,0
56273,1
20178,1
8889,1
91423,0
8805,0
85797,0
100178,0
47636,0
96757,1
1092,0
24474,0
21020,1
71919,1
56824,0
95227,0
96019,0
63400,1
91023,0
22141,1
15719,0
25122,0
5986,1
102607,1
39685,0
87832,0
56448,0
41418,1
96963,1
47445,1
27524,1
76173,0
78013,1
88073,0
79956,1
38685,1
20555,0
35523,0
28166,1
84699,0
88704,0
26262,0
52500,1
14797,1
91326,1
53004,0
58252,0
85763,1
7663,0
32631,1
102559,0
45737,1
82991,0
59919,1
30770,0
74070,1
93648,0
41393,0
14292,0
96726,1
50508,1
20273,0
79813,0
63294,0
89252,0
36017,1
71921,1
82353,1
24486,1
66393,0
6120,1
24188,1
69234,0
56424,0
1246,0
28963,0
76036,1
5526,0
12205,1
15165,0
45027,0
82574,1
47046,0
19151,0
18275,1
52701,0
35891,1
33204,1
66024,0
30492,1
69210,0
943,1
22246,1
47595,0
46705,1
53458,1
99142,0
47186,1
5540,0
95945,0
8318,0
18223,1
98063,1
36872,0
66884,0
19612,0
73143,0
64666,0
49006,0
14248,1
56356,0
82735,0
78655,0
79957,0
11120,1
34404,1
55301,0
854,0
26265,0
94703,0
66924,1
76014,1
5173,0
38251,0
4941,1
6102,0
71168,1
63909,1
33787,1
35813,1
88026,0
54933,0
89398,1
88962,0
80772,1
90207,0
41456,0
99048,0
77852,1
46039,0
89813,1
21855,0
33805,1
66959,0
85873,0
78344,0
58212,0
20017,1
7794,1
46139,1
51477,0
102704,0
100797,0
67273,0
7459,1
88210,1
10407,0
74042,1
64478,0
104541,0
63671,1
71590,1
4985,0
81731,0
78694,1
86019,1
72065,1
40789,1
104125,1
20785,0
80289,1
103619,0
52918,0
104005,0
64082,1
38903,0
61210,0
87700,1
34260,1
69344,0
49475,1
62968,1
1323,0
69388,1
74453,1
93044,1
18730,1
98520,0
94598,0
73723,0
7998,0
84785,1
93063,1
86295,1
100143,0
32973,0
58493,0
48074,0
51995,1
103278,0
44952,1
54285,1
89575,0
37995,1
33020,1
72735,0
62241,1
14516,1
46100,1
68975,0
40373,0
102604,0
60066,1
99313,0
100788,0
51584,0
97830,0
96923,0
78782,1
47352,0
84677,0
82780,1
28976,0
48068,1
55261,0
64502,0
89955,0
61117,1
80271,1
93501,1
40264,0
784,0
45557,0
39483,0
91640,1
41914,1
102725,0
16035,0
31601,1
94948,0
70004,0
63773,1
83482,1
45787,1
102697,1
54356,0
95373,1
7235,1
42760,0
72910,0
73735,0
62037,0
65996,0
30047,0
95880,0
64704,0
16985,0
40182,0
81708,0
33477,0
33674,0
25181,1
71339,1
71825,0
12562,0
41733,0
65726,1
100494,1
90890,1
26559,0
100368,1
68651,1
79512,0
79219,1
33260,0
67519,0
26147,0
12013,0
9771,0
13329,1
75333,0
72229,0
93484,0
15196,1
34188,1
65916,1
30084,1
101771,1
71323,0
41135,0
44847,0
97187,0
18733,1
26764,0
25342,0
50283,1
8495,1
64938,1
44280,0
85520,1
79563,0
19509,1
91756,1
85828,1
34673,1
70271,1
17001,0
21520,0
83066,1
104407,1
96094,1
1283,1
34477,0
104090,1
6709,1
45984,1
4795,0
33205,0
23318,1
89367,0
619,0
60708,1
79980,0
47618,0
69056,1
33085,0
20618,1
4516,0
43826,0
53486,1
27785,0
28168,0
40926,1
6512,0
4560,0
47503,0
7103,0
95523,0
56197,0
3067,1
95895,1
51267,1
75149,0
69124,1
17075,1
86754,1
65695,1
34101,0
14631,1
59478,0
69663,0
96428,0
8221,0
13576,1
65526,1
65598,1
76776,0
49066,0
68689,1
78559,0
75076,0
1481,1
82161,1
9922,0
92949,0
56185,1
103854,1
90960,0
72009,1
71042,1
63689,0
62739,0
66823,0
22165,0
62171,1
65189,1
53941,0
78575,0
73137,0
60577,1
24537,1
34626,0
26640,0
78934,1
29323,0
64452,0
77674,0
22606,1
5596,0
92535,0
3651,1
101475,1
71127,1
57237,0
100591,0
91607,1
33235,0
60538,0
85944,1
15552,1
9608,0
42951,1
58868,0
1755,1
34743,0
6853,1
46763,1
43719,1
27646,1
84720,0
76347,1
91603,0
30715,0
99642,1
46672,1
102478,0
86688,1
65464,1
100216,0
34142,0
12964,0
19982,1
74321,1
16760,0
99672,1
6924,1
81799,1
81096,0
4644,1
93888,1
85324,1
69380,1
84706,0
17080,0
25088,0
23861,0
61279,1
42144,1
8788,1
56644,1
96235,0
80037,0
72472,0
38100,1
57290,1
85190,1
13529,0
40764,1
97341,0
31533,0
58766,1
66592,0
58696,1
6852,0
39844,0
75169,0
23601,1
76116,0
57136,0
8601,1
71063,0
22676,1
38118,1
84713,0
21926,1
67965,0
37219,1
81284,0
7352,0
95337,1
100061,0
86952,1
84103,1
17257,1
23252,1
3268,0
90806,0
35147,0
1002,0
48390,0
20995,1
71135,0
42709,1
50816,1
83095,0
12491,0
46866,0
86292,1
72628,0
6136,1
16059,0
6290,0
53411,1
76235,1
22116,1
99207,0
15666,1
76561,0
46925,0
67808,0
77121,0
88913,1
42258,0
73111,1
73917,1
37081,0
96619,0
53335,1
49336,0
88195,0
68567,1
54929,0
59899,1
79037,1
17796,1
44749,1
32699,1
41450,0
29368,1
55766,1
31159,0
10685,1
25462,0
90514,0
95961,0
40577,1
52055,0
88751,0
12009,1
8030,1
76617,0
99190,0
95738,1
91488,1
79565,1
80258,1
57177,1
39032,1
23174,0
26030,0
36516,0
34072,1
47781,1
47612,1
50385,0
99719,1
103711,1
17732,1
96058,1
55078,1
1778,0
54070,1
24139,1
20886,1
93877,0
41004,0
101915,0
24586,1
97527,0
12894,1
39952,1
1378,0
98123,0
7387,0
51976,1
52817,1
34171,0
31852,0
56383,0
51532,1
52892,1
80159,1
12611,1
52161,1
98635,0
13441,0
84260,0
72053,0
13457,1
18633,0
34112,0
32332,1
20601,1
99419,1
10007,1
57285,1
95060,1
35582,1
81564,1
47790,1
90123,0
84093,1
3108,0
13337,1
59400,0
70003,1
85598,1
16324,1
21863,1
71659,1
61386,0
25023,0
14910,1
18919,1
32155,0
90542,0
11131,1
49004,1
87774,1
13413,0
94726,0
28529,0
10091,0
70044,1
94490,1
53427,0
98094,0
54186,0
41408,1
78586,1
37900,0
44890,1
24928,0
37949,0
12882,1
33520,1
39228,1
78983,1
56546,1
52588,0
12900,0
4095,1
2695,0
83705,0
75732,0
96832,0
10673,0
49361,1
32964,0
90971,0
16315,1
57981,1
32334,1
59860,1
88021,0
32853,0
67038,1
55765,1
14720,0
69887,0
53602,1
88186,1
26080,0
89500,1
33232,1
97499,1
75512,0
51609,1
72122,1
71585,0
64588,0
9974,0
88855,0
24081,0
100402,0
3790,1
38963,1
35343,0
10387,0
24086,0
71728,1
100890,1
42138,1
15490,0
98384,1
18309,0
56774,0
83016,0
30687,1
34633,1
75339,1
81782,0
24039,0
30613,0
17133,1
76938,1
101854,1
85990,1
100499,1
27378,0
99332,1
80777,0
1272,1
68611,0
1376,1
37555,1
77837,0
9530,1
37676,0
8900,1
38735,1
72579,0
56055,1
12369,1
72137,1
11306,0
85377,1
63768,0
48672,1
103956,1
30461,1
67489,1
46592,1
93441,1
97716,1
43016,0
52749,0
31003,0
66825,1
30655,0
68218,0
4242,0
41794,1
63723,0
31746,0
61332,0
20789,0
71523,0
39530,1
1606,1
48370,1
19386,1
58768,1
31750,1
67697,1
1761,1
99871,0
59096,0
6940,1
86454,1
76366,1
64692,1
40557,0
50676,1
24510,1
36315,0
54301,1
91726,0
55393,0
9458,0
84537,1
23572,1
60452,1
21479,0
12975,1
24051,1
32548,1
37896,1
85058,1
98238,0
78138,1
72977,0
12413,0
96649,1
84847,0
92895,1
19581,0
62417,0
99706,0
85764,0
29987,1
53041,1
83326,0
30944,1
100669,0
21743,1
85654,0
16302,0
4371,1
95560,0
3366,0
51672,0
73321,0
45506,1
13203,1
31777,1
57251,1
96275,1
12215,0
32660,0
55119,0
78675,1
25045,0
12466,1
76165,1
97534,0
86747,0
16820,0
12725,1
26756,0
65215,1
37232,0
65199,1
15294,0
39545,0
33483,0
67903,0
63111,1
50063,0
13704,0
56314,1
84017,0
31225,0
52042,0
79018,0
74916,1
13129,0
41765,0
3257,1
82642,0
93984,0
62757,1
54757,0
39244,0
703,0
73584,1
63080,1
94276,1
28992,0
41099,1
97131,1
62724,0
11391,1
13323,0
101640,1
27456,1
40664,1
19794,0
53764,0
59236,0
68885,1
66524,0
94210,0
48425,1
56829,0
68561,1
34426,1
103637,1
62995,0
90525,1
72409,0
16430,0
25005,0
80876,1
59477,0
12871,0
62376,1
48218,0
89065,0
49186,0
94309,1
64865,0
77499,1
13174,0
97339,1
66755,0
16466,0
27810,0
58281,0
43476,1
7428,1
32376,1
99800,0
103963,0
35785,0
15399,0
77129,0
56093,1
91136,1
22955,1
40439,1
55051,0
27334,1
3088,1
85212,0
39395,1
83144,1
36538,0
21464,1
65047,0
64009,0
89839,1
52768,1
101687,1
68443,0
62636,0
21610,0
14540,0
97218,1
59772,0
29625,0
15550,1
57884,1
9357,1
77315,1
55187,1
37991,1
103881,0
92699,0
21287,1
43832,0
23972,1
3880,0
41184,1
79969,1
12935,0
36398,1
67450,1
94788,1
50867,1
14315,1
60621,1
20208,0
21736,1
91582,0
82058,0
22424,0
83076,0
89265,0
25379,0
69877,1
49968,1
82763,1
66315,1
43269,1
83961,1
82502,0
65943,0
55699,0
70396,1
36322,0
87117,1
4589,1
48536,0
50669,1
36713,1
4069,1
61127,1
19600,0
92746,1
27286,1
70550,0
64888,1
77242,1
11937,1
67120,0
16161,0
48340,0
50348,1
75260,0
981,0
62639,1
57457,1
98787,0
66129,0
45442,1
82115,1
44865,1
86909,0
83480,1
87212,0
23714,0
37012,1
23973,0
72208,1
9781,0
34890,1
99718,0
54247,1
45007,0
40833,0
32276,1
94447,0
102315,1
87061,1
21824,1
39889,1
37368,1
89630,0
71726,0
37569,1
90992,0
18214,0
68305,1
98733,0
13252,0
7780,1
49426,1
96225,1
74103,1
80298,0
9106,1
79710,1
81667,0
60646,1
103252,1
78927,1
35923,0
13508,1
61570,1
12294,1
104197,0
40698,0
35737,0
61464,1
45938,1
101214,1
76875,1
103720,0
67654,1
102191,1
60357,0
28050,1
59878,1
15445,1
5049,1
15864,0
57138,1
63239,1
63521,0
55915,1
7407,0
29347,1
67391,1
46673,1
48393,0
17992,1
30720,1
87238,1
60557,0
19449,0
15426,1
36225,1
48670,1
87670,1
37139,1
45217,1
8906,1
1033,0
61037,0
99671,1
80398,1
7426,1
82027,1
28261,0
34561,1
77001,0
47264,0
59288,1
61150,0
11327,0
75238,1
11397,0
41893,1
41037,1
11989,0
84217,1
104346,0
13937,1
42204,1
57905,0
28716,0
26621,1
96449,0
100690,0
90050,1
40464,0
14146,0
44422,0
22292,0
52421,1
62784,1
52898,0
52717,1
49387,1
29988,1
12026,1
17380,0
88226,0
25214,0
44603,1
85617,0
62499,0
71057,0
75394,0
52976,0
84048,0
97080,1
16997,0
58867,1
72493,1
102011,0
86367,1
52864,1
57598,1
50597,1
36545,1
19893,1
23254,0
69346,0
60025,1
92557,0
19226,0
32449,1
58319,1
60727,1
67246,1
10126,1
60626,0
62719,0
7178,1
23475,0
46020,1
68822,1
36690,1
10989,0
6435,0
89271,1
16461,0
9658,0
34718,1
76726,1
38751,1
23549,0
18547,1
57700,1
66228,0
5512,1
65764,0
33401,0
24609,0
78441,1
35783,0
40814,1
21878,0
34270,0
49632,0
95187,1
78246,1
6186,0
72227,0
53115,0
91236,1
32391,0
29433,1
72299,0
38279,0
101413,0
90501,0
79901,0
103358,1
62232,1
76622,1
101558,1
47338,1
31048,0
65330,0
15978,1
9676,0
65542,0
96047,0
55989,0
73428,1
86756,0
12230,1
84166,1
60540,1
8295,0
23965,1
12765,1
95356,1
59835,0
50004,1
956,0
100283,0
76793,0
30841,1
90589,0
4435,1
88260,0
97746,1
14814,0
43526,0
16520,0
59644,0
48018,1
7985,1
96205,1
8572,0
16838,1
44837,0
69821,0
18392,0
70610,0
94182,1
75163,1
73621,0
81794,1
85886,0
49537,1
52772,0
94926,1
60087,0
52051,1
48882,1
98302,1
93620,1
54371,0
69379,1
3974,1
75773,0
73544,0
44294,1
98961,1
13890,1
65028,0
60119,0
90384,1
55627,1
66195,0
70151,0
16155,0
59962,1
44934,0
62409,1
29455,0
24201,1
11788,0
49045,0
97750,0
19188,1
25672,1
35647,0
92792,0
32365,1
91832,0
61741,1
85523,1
27808,0
72079,0
23919,1
91733,0
79281,0
40207,0
9179,0
50512,1
37973,0
87046,1
24989,1
104655,0
77590,1
41449,0
59607,1
82267,1
96599,1
90315,0
102578,1
24108,0
69194,0
76097,1
66929,1
56286,1
30463,1
16979,1
77423,0
39822,1
28286,1
32805,0
92913,1
51458,1
77913,0
9481,1
32448,0
92608,0
43699,0
44775,1
10957,0
67251,0
78914,0
22698,0
72371,1
4802,1
75912,1
5514,0
3399,0
100188,1
88179,1
97221,1
4468,1
38945,1
37573,1
1550,0
24906,0
37914,0
102186,0
73368,0
57298,0
26360,1
63771,1
39912,0
64257,0
14197,1
1220,0
100459,0
31076,1
87279,0
14400,1
63570,1
61808,0
72802,1
12214,1
70755,0
55802,1
53097,0
7093,1
19875,1
56787,1
25886,0
55517,0
33300,0
81965,1
6745,0
88542,0
47802,1
70086,1
62439,1
52241,0
49113,0
103375,1
104124,1
63436,0
88760,1
92890,0
84562,1
71767,0
4502,0
21122,0
54135,0
30379,0
100115,1
93473,0
49797,1
43773,1
43431,1
74712,0
36793,1
48687,1
80972,0
22393,1
30420,0
83465,0
29306,1
68905,0
51907,0
48433,1
31193,1
37147,1
58981,1
5983,1
104701,1
41248,0
32931,0
1468,0
6022,0
78860,1
79392,1
67087,1
103511,1
37189,0
8382,1
47831,1
4834,1
43979,1
61874,1
20718,1
29946,1
14658,0
62020,0
88084,1
40917,1
5882,0
99991,0
96256,0
95421,1
43396,0
70014,1
90830,1
47947,0
15875,1
39409,0
76756,1
65669,0
18228,0
99728,0
34882,0
61524,1
15728,0
11197,1
60261,0
41300,0
84688,1
7854,1
6796,1
98884,0
68959,0
12027,0
32681,1
91413,1
42805,0
4735,0
15667,1
68765,1
6669,1
38948,1
80201,1
53063,1
70714,1
16668,1
100626,0
32545,0
27641,0
26671,0
101849,0
48666,0
77534,1
25903,1
18924,1
52936,1
73190,0
2777,1
104588,1
23272,0
27522,1
73624,1
87950,0
44943,1
65370,1
78778,1
1640,1
94476,0
99926,1
4250,1
1224,0
94439,0
21071,0
2015,0
80790,0
102643,0
68015,1
55252,1
92467,1
102439,0
67830,0
35197,1
1924,1
79930,1
28823,1
15549,1
15852,0
55015,1
92614,0
13865,0
49523,0
79546,0
94952,1
37893,0
46467,1
63733,1
31417,0
94603,1
28773,1
25759,1
7171,1
57749,1
75307,0
4093,1
4243,1
36112,0
98974,0
11579,0
71446,0
90702,1
19081,1
40699,1
16693,0
22599,1
45369,0
22329,1
81804,0
96762,1
66427,1
72554,0
89959,0
17874,0
104362,1
82080,1
9489,1
27439,1
40230,0
84893,1
40768,0
87728,1
19169,0
36208,0
75060,0
58949,0
4925,1
42652,1
70800,0
18417,1
49407,0
1068,1
40563,0
67212,1
15415,0
55074,1
100254,1
80846,1
6836,0
34125,0
63029,1
40357,0
3529,0
72699,1
30537,0
37204,0
104555,1
50587,1
6272,1
90687,1
81828,0
61654,1
30201,0
14452,0
29266,1
14082,0
51154,1
59468,1
101402,0
85554,0
24723,0
66883,1
69617,0
50679,0
32035,1
30225,1
7551,1
102,0
89132,1
4271,1
78697,1
73482,0
31945,0
19033,0
18833,1
83468,0
7054,1
17440,1
55510,0
68549,1
63139,0
3862,1
21208,0
38401,1
21351,1
65761,1
72814,0
27232,0
48608,0
99607,1
1880,0
63653,0
69757,1
93174,1
5535,1
28966,0
28360,1
10395,0
46908,1
84761,0
37546,0
103067,1
88046,0
34102,0
52581,0
20820,1
3161,0
57928,1
3551,1
26431,1
48509,1
96748,1
30318,1
2637,1
78154,0
101650,0
52765,0
60839,1
58791,0
46257,0
53700,1
19732,1
89570,1
69745,1
66814,1
16868,1
96147,1
13836,1
49359,1
59370,1
18060,1
48501,1
80880,1
30918,1
79932,0
81047,0
89956,1
1371,0
29599,1
95130,0
19814,0
21103,1
80269,1
101191,0
10539,0
63739,0
36928,0
40599,1
17123,1
40753,1
71105,1
59112,0
14423,1
84664,1
71954,1
101302,0
3354,0
87351,0
38801,0
59420,1
52789,1
12945,1
9494,0
101575,1
80353,1
102021,1
20999,0
76562,0
15268,0
102224,0
22263,0
36779,1
83835,1
40343,1
52650,1
92164,0
76244,1
97123,1
85398,0
38611,0
14661,0
95706,0
27858,0
63178,0
94048,0
69209,1
37126,0
83663,0
53664,1
70060,0
2154,1
13080,0
21697,0
56908,0
36413,0
98628,1
57942,1
44161,0
27335,1
46743,1
5549,1
2936,1
47576,1
65122,1
73509,1
2758,1
59659,1
7918,1
85242,0
15069,0
2322,1
20199,0
86888,1
25265,0
13365,0
69853,1
102104,1
47811,1
81442,0
698,1
44839,1
49472,1
11994,1
73263,1
82722,0
16569,1
10,0
30274,0
74867,1
84924,1
50468,0
3784,1
64374,0
68468,0
55316,0
34598,0
17559,0
62774,0
85139,0
79948,0
65154,0
101757,0
62243,1
70423,0
92361,1
26662,1
30854,0
9919,0
80862,0
34248,1
96652,1
9066,0
46824,1
8031,1
78111,0
50343,1
90982,0
62440,1
8657,0
87121,1
91595,1
21271,0
57245,0
95294,1
31620,0
49671,0
31208,1
29060,0
9247,1
95079,1
55180,0
33545,0
93436,1
68630,0
62722,0
58429,1
7544,0
14967,0
49577,1
89298,0
40293,0
65550,0
86269,0
82754,1
82760,0
58888,1
58488,0
89812,0
10077,1
66620,1
12173,1
61072,0
33698,1
81099,0
54193,1
24174,1
78595,1
21987,1
98031,0
85147,0
17514,0
19244,1
28482,0
20501,1
64602,1
94242,0
103194,0
91728,1
14181,0
69148,1
2775,0
80004,0
56963,0
41617,1
9110,0
77215,1
31834,0
104834,1
52562,0
53069,1
55164,0
77784,1
45531,1
10479,1
93195,1
7481,0
52737,0
66023,1
1882,1
48850,1
74319,0
33365,0
83660,1
53818,0
17114,0
11988,1
101425,0
78853,1
99222,0
98328,0
80420,1
4841,1
50450,1
39529,1
94483,1
73520,1
94301,0
31276,0
11535,1
72891,1
56430,0
23986,1
45728,0
39506,1
26085,1
21391,1
10085,0
76869,1
78583,0
41395,1
100250,0
3386,0
88835,1
79489,1
95844,0
36075,0
13880,1
83452,0
26810,0
48507,1
98798,1
64296,0
20324,0
47372,1
80429,1
80815,0
73476,0
58073,0
73847,1
38432,0
31380,0
12323,1
97195,1
30188,0
44904,0
62140,1
84999,1
104696,0
44552,1
67463,0
51469,1
18300,1
92857,0
31135,0
55031,0
36632,0
27336,1
31995,0
59047,0
33417,0
61243,0
92052,0
8201,1
64705,1
88400,1
47845,0
97185,0
88902,1
6657,0
93492,0
77257,1
79405,0
45564,1
68704,1
102659,1
83235,0
64581,0
75346,1
95920,1
68814,0
42293,1
94501,1
104282,0
544,1
82818,0
21218,1
5083,1
13713,1
13921,0
69087,1
28883,0
37110,1
12727,0
42759,0
82156,1
47341,1
36124,0
6613,1
26777,1
52141,1
9527,0
71711,0
51743,0
49763,1
39038,1
98390,1
93336,1
65476,1
64860,0
37256,1
52751,1
75737,0
78813,1
73631,1
89886,1
191,1
69980,1
15423,0
31452,1
49201,0
72171,0
40597,1
88597,1
41735,0
2227,0
25194,1
2926,1
73115,1
60347,1
103444,1
34309,0
37754,1
82585,1
57617,1
1738,0
40530,1
77815,0
23981,0
654,1
94463,0
84808,1
23286,1
62998,1
19301,1
401,1
7088,1
86514,1
73581,1
39445,0
33087,0
82669,0
44518,0
25305,1
89181,0
27676,0
6056,1
26354,0
3738,1
87405,1
103715,0
4357,0
97876,1
80167,0
86513,0
101407,1
36389,0
14380,1
52026,1
51686,1
63283,1
30507,1
46616,1
102634,1
16217,1
40312,1
58821,1
19809,1
56236,1
73897,0
21996,1
82704,1
1043,1
84693,0
77292,1
85650,1
19183,1
15921,0
1267,1
54840,1
67897,0
10326,1
99123,1
90817,1
30618,1
32636,0
62065,0
26355,1
100829,0
58815,0
18685,0
58995,0
27088,1
20418,0
78632,0
16591,1
52869,1
43735,1
14189,0
58889,0
65351,1
16256,1
33909,0
97095,0
22567,1
92094,1
78084,1
65843,1
69024,0
66152,1
102887,0
12281,1
37153,0
36961,1
53761,1
60317,1
6807,0
33802,1
85323,0
80461,0
52195,0
10566,1
16976,1
74984,0
76581,0
81502,0
95687,0
83112,1
71358,0
79696,1
6962,0
38090,0
63255,0
68343,1
23296,0
27403,0
94587,0
16018,1
10515,0
39666,0
51387,1
20429,1
45871,0
67876,0
102450,1
20846,1
1452,1
84360,1
24913,0
103986,0
76307,1
27862,1
100067,1
45350,1
24835,0
41725,0
102238,0
1235,1
62644,1
64349,0
61256,1
75243,1
1790,1
53821,0
102846,0
46390,1
21401,0
71849,0
79762,0
9881,1
38759,1
5271,1
67412,1
9218,1
50258,0
42737,1
33004,0
88481,1
79580,1
96512,0
65075,1
81249,1
50014,1
91763,1
50475,1
12411,0
93927,0
102176,1
80678,1
55896,0
66728,1
43039,1
67699,1
45591,0
53956,0
29947,1
89880,0
58053,0
79570,1
53145,0
61339,1
13423,0
50154,1
83565,1
42454,1
81336,0
7990,1
93799,0
39211,1
47012,1
54866,1
13745,1
75810,0
46897,1
94357,1
16928,0
3078,0
73577,1
18507,0
32627,0
65682,0
19900,1
31169,1
63467,0
5298,1
6157,0
25633,1
16980,1
67594,0
100950,1
20165,1
63296,0
67275,1
60212,0
85900,1
23338,1
62891,0
8557,1
87465,0
9522,1
91314,1
62419,0
55771,1
57550,0
15307,0
97267,0
29964,0
90317,1
776,1
22230,0
62635,0
75736,0
28869,1
43915,0
54089,0
98335,1
74016,1
57447,0
98933,1
4673,1
39738,1
56194,0
103646,1
51904,1
26337,1
50583,1
29157,1
74957,1
32696,0
33778,1
81185,0
60923,0
42809,0
80960,0
66703,0
82216,1
76326,0
102926,0
2929,0
31409,1
68723,1
45732,0
73667,0
66745,1
17849,1
51811,1
37461,1
29114,0
71753,1
82130,1
33548,1
30394,0
30709,0
46831,1
6549,1
69878,0
6314,0
36623,1
32842,0
84366,0
42966,1
58892,1
56020,0
12356,0
64295,0
95433,0
99243,1
76431,0
25330,0
22232,0
21478,1
7180,1
70089,1
21413,0
55471,1
12631,1
15564,1
74088,1
4825,0
36203,0
11660,0
35323,1
73328,1
22491,0
72274,0
47119,1
62276,1
84732,1
96385,1
3838,0
61012,1
69303,1
28833,0
15163,1
93115,1
47659,1
4019,1
30125,0
65078,1
26883,1
46129,0
38024,0
47995,1
80117,0
3944,1
84751,1
55571,1
59257,1
92567,0
70197,0
26260,0
36411,0
16725,1
36657,1
80582,1
41185,0
66327,1
3411,0
74322,0
93301,0
53322,1
44978,0
89359,1
25478,0
12138,0
38783,0
67249,1
34911,0
48849,1
9326,1
80190,1
79382,0
101783,1
12659,1
104808,1
93765,1
91824,1
17228,0
71165,0
37999,0
101547,0
28711,0
4524,0
58372,1
94401,1
37163,0
28571,1
32994,1
98445,0
80231,0
13565,0
85035,1
25788,0
89563,1
23994,1
83576,1
64763,1
65813,0
30399,0
68276,0
62701,0
37457,1
14115,1
97020,1
94987,0
96351,0
89715,0
1125,0
88347,0
35362,1
53979,0
97420,0
67108,1
82672,0
36981,1
89315,1
24749,0
11291,0
67369,1
50494,1
10789,0
14486,1
26738,1
51231,1
95033,1
65251,0
19727,0
88360,1
5867,0
8673,0
45203,0
62906,1
18202,1
41686,0
29170,0
85570,1
74094,0
103079,1
84845,1
59743,0
90499,1
44128,0
65870,1
45735,1
80340,1
30756,0
76342,1
58165,1
14041,0
39063,0
60667,1
40189,1
58725,0
104141,1
96335,0
87530,0
13241,0
32152,0
55279,1
73940,0
88175,1
44740,0
65261,1
46214,0
51327,0
94831,1
96477,1
75275,0
66175,0
2387,0
296,0
18737,0
74458,0
56795,1
98310,1
35911,0
36269,1
44480,0
55493,0
88827,0
76539,0
15153,0
91177,1
39454,0
79068,0
82020,0
61423,1
103809,0
27245,1
100318,0
85168,0
88564,0
13157,0
49904,0
57664,0
66676,0
44095,1
93918,0
5755,0
74716,1
81662,0
15516,1
89950,0
50510,0
77777,1
28171,1
80233,0
21704,1
54109,1
31723,1
8096,0
10859,0
59751,0
36761,1
85197,1
5336,1
89097,1
37178,0
64211,1
20517,1
100878,1
53757,0
28375,0
40460,1
35374,0
51281,0
11181,1
22461,0
81120,0
95612,1
88795,0
73694,1
21981,0
86967,0
65067,0
68692,0
37634,0
69947,0
48267,1
73350,1
20295,1
2418,1
90854,1
62447,1
22912,0
34193,1
80009,0
86044,1
70938,0
3786,1
51117,1
39627,1
103373,0
22419,0
64384,1
71626,1
83283,1
26537,1
50178,1
63533,1
39330,1
44986,1
3721,1
74048,0
56678,0
101144,1
28082,0
29975,1
81306,0
9911,1
87420,0
57485,1
14895,1
92257,0
46970,1
90760,1
86130,1
79614,1
100362,1
60757,1
64333,0
75595,0
61830,0
57367,1
13384,1
63129,0
66355,1
49556,1
101812,1
84735,0
31188,0
59718,0
14849,1
31842,1
104498,0
50659,0
29737,0
93007,1
13208,0
410,1
23181,1
89927,0
82631,0
44043,0
83232,1
44961,0
98682,1
26965,0
55425,1
30606,1
71605,0
97538,1
11646,0
28683,1
26191,1
45713,1
28807,1
95156,0
46580,1
68515,0
62513,1
50290,1
49119,0
78497,0
25164,1
9300,1
83575,1
96220,1
1894,1
77442,0
77328,0
79566,0
45804,1
24814,0
2253,0
642,0
18328,0
10480,1
39305,0
8644,1
102199,0
36392,0
24505,0
98339,0
42888,0
101587,0
54051,1
53599,0
47208,0
50630,1
96945,1
56173,0
84337,0
103964,1
46973,0
57185,0
20278,0
11205,0
67091,1
18948,1
33897,1
92764,1
13123,0
28771,0
38367,1
95239,0
41240,0
22295,0
919,1
104679,0
64018,0
80000,1
10578,0
30408,1
93381,0
51392,1
25413,0
1032,0
21304,0
73041,1
79856,1
85646,0
36805,1
49452,0
35637,1
20885,1
47581,1
22984,0
25479,1
68108,1
1124,0
46124,1
39165,0
51204,0
96000,1
46992,0
92771,0
11564,1
35181,1
43726,0
55518,1
4633,0
26344,1
14618,1
64143,0
45775,1
23325,1
33078,0
68894,1
89199,1
22162,1
20473,0
23789,0
91951,0
45862,0
91401,0
100563,0
83995,0
38713,0
28762,1
70728,1
34296,0
98863,1
2693,1
70705,0
103098,0
65308,1
50930,1
76970,0
88764,0
2609,1
82350,0
65810,0
94506,0
61288,1
61835,0
13272,0
40587,0
89240,1
49931,0
59820,1
27866,1
102149,1
42869,1
72988,0
90522,0
38517,0
59902,1
51152,0
13789,0
221,1
14820,0
42334,0
21886,0
68326,1
24988,1
64810,0
83472,0
61413,1
73901,0
88256,1
20922,1
98177,0
85220,0
64127,1
11783,0
35435,1
13798,1
51330,0
29644,0
36457,1
79200,1
697,0
40170,0
26035,1
88551,1
66348,0
44195,0
75077,0
61248,1
60298,0
51339,0
41253,1
21267,1
71692,0
87737,0
94890,0
20659,0
62268,0
89360,0
81223,1
53985,0
23445,1
62101,0
90339,1
33970,0
65888,1
89258,0
31704,0
82272,0
81763,0
98113,1
26593,0
54479,1
61812,0
83440,0
34354,0
101692,0
60065,1
55176,1
49779,1
21033,0
100705,1
4838,0
7468,0
69828,0
50455,1
54663,1
44698,0
335,1
88163,0
53646,0
65106,0
58611,0
87009,1
10462,1
60459,1
53500,1
75084,1
96902,0
63985,1
96583,1
79384,0
61479,0
17641,0
66609,1
80010,1
38003,0
78668,0
667,1
51536,0
65979,0
46177,0
43998,0
81945,1
16151,1
55733,1
27273,0
23873,0
72330,1
42515,1
98564,1
28016,1
53695,1
63590,1
16865,1
12556,1
101909,0
81807,0
514,1
79214,1
76547,1
19350,1
4905,1
79599,0
32360,0
11116,0
17791,0
47491,0
41073,0
82503,1
64382,1
71189,0
67701,1
30597,0
96898,0
22547,1
80063,1
28633,0
50748,0
88657,0
86980,0
41862,0
18623,0
32652,1
82616,1
49900,1
81997,0
81478,0
82442,1
68849,1
59993,0
51916,0
73403,0
18714,0
100542,0
75788,0
27025,1
81127,0
29194,0
27772,0
17960,1
2336,0
77596,0
104502,0
30323,1
44333,1
70828,1
71293,1
30039,1
88494,0
85236,1
63885,0
99623,0
34090,0
74662,0
54040,0
44939,0
98071,0
27411,1
15974,1
50517,1
8904,1
80384,0
4637,0
25647,0
48837,1
99316,1
85920,0
45005,0
77188,0
98405,1
83662,0
5464,0
50505,0
78391,0
70467,1
14520,1
27885,1
103505,1
17422,1
98705,0
84512,1
11568,1
84393,0
4540,0
80472,1
31402,1
56404,0
92206,1
40401,0
98046,1
42281,1
101019,0
15912,1
76994,1
29214,0
88757,1
46314,1
59592,0
35236,0
45244,1
18609,1
6425,0
60052,1
92886,0
94033,1
8379,1
31786,0
23074,1
71190,1
20822,1
95739,1
55619,1
65233,1
3564,1
52517,0
66091,1
7708,0
38207,0
40956,1
29442,1
72922,1
193,0
92157,0
50096,1
96886,0
75916,0
16222,1
81323,0
76779,0
23538,0
36712,1
11587,1
85526,1
75436,1
84341,1
23378,1
43923,1
89914,0
101635,0
40417,0
61056,0
45651,1
96790,0
87503,1
68427,1
64000,0
100939,1
57583,0
34711,0
49608,0
43552,0
35396,0
98649,0
90703,0
13475,0
43955,1
53253,1
73426,0
1721,1
35704,0
103025,0
64715,1
55543,1
69917,0
81894,0
13826,1
4034,1
12367,1
43363,0
93319,1
58495,1
29809,0
33930,0
63008,1
1510,0
82204,1
20797,1
30035,0
40881,0
6261,0
9085,1
74236,1
38976,1
48322,1
40347,1
64567,0
102638,1
88014,0
74030,0
6697,0
46838,0
72435,1
69597,0
31657,1
21853,0
95405,0
44941,1
82822,0
8448,1
5118,1
7788,1
44442,0
33270,1
4092,1
14474,1
102018,1
103307,1
83486,0
70617,0
74083,0
42045,1
92093,0
59786,1
96708,0
67043,0
83639,1
52881,1
63200,0
44843,1
76773,0
9466,0
4533,1
78636,0
32311,0
48166,0
821,1
41070,0
71372,1
94328,0
58097,0
53635,0
17785,1
81625,0
4574,1
92806,0
34259,1
94939,1
22418,0
83404,0
28687,0
29411,0
72696,0
61505,0
26747,0
40043,1
49994,0
54411,1
100561,0
21978,1
23335,1
11643,0
96545,0
28218,0
49082,1
56841,1
26594,1
50388,0
7051,0
81270,1
55256,0
60651,1
86619,0
76738,0
10229,0
38187,1
32735,1
79950,1
54408,0
104864,0
85350,0
41579,1
93811,0
66719,0
90322,0
1435,0
25469,0
99521,1
17537,0
19065,0
59507,0
5653,1
38221,1
15555,0
85232,1
2188,1
101968,0
87610,0
64975,1
61688,1
37434,1
26897,1
13614,0
96413,1
39772,0
21955,0
98540,0
41282,1
99406,1
83297,0
90078,1
76150,0
70520,1
12577,1
74693,1
22784,0
101493,0
14227,0
18634,1
15195,0
102451,0
20276,1
24741,0
62250,1
86468,0
75133,0
19938,1
81451,1
51050,0
66887,0
8671,0
76043,1
94473,1
35852,1
23852,0
93530,0
5500,1
15478,1
89702,1
31234,1
74134,0
71132,1
5149,1
9683,1
4481,0
74432,0
73438,0
70580,1
25812,0
49134,1
91153,0
65736,1
20307,1
3805,1
76971,0
8048,1
19128,0
50942,0
102433,1
2307,0
4459,1
95829,1
49078,0
39181,0
64077,0
19584,0
65262,0
100270,0
48128,0
54788,1
79613,0
40607,0
52572,0
19224,0
102365,0
104869,0
17753,0
15695,0
40600,0
80264,0
95502,1
101992,1
20417,1
43220,1
42280,0
25069,1
55515,1
45432,1
19734,1
52192,1
70846,1
11563,1
1089,1
6417,1
51679,1
65271,0
17442,0
61083,1
13930,0
22382,0
91633,0
81128,1
94194,0
64124,0
33732,1
40760,1
581,0
91975,0
102961,1
43990,1
34874,1
47699,0
75482,1
46160,0
29039,1
232,1
91191,0
101954,0
29356,1
78890,0
25262,1
20927,0
78598,0
84701,0
75735,0
19259,1
71557,0
52994,1
14601,1
9487,0
101658,1
10332,0
74240,1
62967,0
25583,1
93229,0
45765,1
17708,0
4261,1
26787,0
48748,0
75848,0
54148,1
100845,0
74885,0
82753,1
19231,1
27789,0
99417,0
80539,0
100841,0
100693,1
76590,0
108,0
31734,1
71563,0
79374,0
78239,0
73394,1
69728,1
11046,0
28376,1
53656,1
36576,1
62245,0
32040,0
19141,1
23262,0
86964,1
82364,0
39077,0
25415,1
84309,1
44215,0
47851,1
93382,0
5613,1
70384,0
3686,1
66194,0
6211,1
39065,1
86386,0
39426,1
76039,0
25312,0
89621,1
43358,1
1216,1
95823,1
33288,1
53313,1
42685,0
9271,0
94772,1
49721,0
79287,1
104194,0
70904,0
60016,1
23774,1
62429,1
14361,0
11722,1
37039,1
1985,1
8113,1
101279,1
24118,0
69956,0
102880,1
61424,1
56217,1
65881,1
20666,0
63077,1
29365,1
43839,0
50347,1
100111,1
38843,0
6999,1
54092,1
47255,0
82365,0
102457,1
70675,0
52386,1
60361,1
85537,1
36101,0
7285,1
63524,0
94801,1
90032,0
19228,0
47547,1
97055,0
4883,1
66720,1
12677,0
51563,1
65278,0
96572,1
33332,1
1962,1
73167,1
78760,0
36914,1
46822,1
99596,0
79133,1
78195,0
21680,0
92807,1
77857,1
104374,0
16232,0
5039,1
104862,1
78177,0
30121,1
12546,1
35070,1
32206,1
37195,1
45533,1
51987,1
93673,1
95218,1
32473,1
60936,0
52120,1
56966,1
8636,0
19073,0
18411,0
78582,0
47393,0
6934,1
99377,0
75857,1
97842,1
51900,0
8684,1
85856,1
77566,0
80064,0
64656,0
63378,1
68660,0
10629,1
39075,1
98896,1
43502,0
57296,0
31,0
74137,1
97850,0
60000,0
86543,0
22987,1
20383,1
93595,1
58233,0
40254,0
74098,1
25386,0
40302,1
20720,1
91725,1
48843,1
10942,0
45224,1
96618,1
53735,1
34571,0
10206,0
3951,1
94634,0
14363,0
95794,1
99590,0
63114,1
19551,0
45850,0
88521,0
99422,0
2868,1
37811,0
82708,0
47819,1
12221,0
43377,0
50141,1
7353,1
6108,1
34996,0
60364,0
80830,1
12601,0
25734,1
85724,1
43302,0
94295,0
21076,1
14563,0
97787,0
24361,1
7734,1
89113,0
50962,1
60542,1
93141,1
60373,1
56956,0
59943,1
32092,1
23704,0
38075,0
73872,0
50725,0
63718,1
75383,1
47048,0
39269,1
79071,1
3792,0
4496,1
2335,1
49780,1
85334,1
33933,1
93136,1
45315,0
79583,1
94543,1
79661,1
68706,0
103706,1
57661,1
15363,0
87822,1
47906,0
95378,1
10101,0
102594,0
15459,1
35186,1
33936,0
935,0
104183,0
32653,1
96379,0
29831,0
100555,1
45622,0
14131,1
74819,1
75973,1
10943,1
99305,0
41274,1
46495,0
24244,0
95850,0
98477,0
20684,0
62989,0
27634,0
65830,0
85446,0
59461,0
59054,1
99864,0
28392,1
102654,0
99094,0
984,0
40780,1
18388,1
10388,0
54835,0
23546,1
64327,0
102753,0
44389,1
19923,0
68444,1
29240,0
13684,0
32698,0
87380,1
5100,1
21820,0
46104,1
44072,1
90899,0
55840,1
10770,0
97189,0
82602,1
77065,0
93931,0
24259,1
87873,0
99131,0
88076,1
6444,1
31749,0
85424,1
72241,1
55686,1
46391,0
67479,1
12298,0
68620,0
36219,0
21513,0
13145,1
48624,0
94169,0
3158,1
44759,1
97468,0
101905,0
39550,1
34379,1
94783,1
50362,1
45100,1
76887,1
53213,0
10436,1
15504,0
16658,0
7011,1
64756,0
96478,1
74091,1
48875,0
96427,1
30503,0
5599,0
72763,0
66878,1
81214,0
28123,0
93437,1
25344,1
80484,0
730,0
2193,0
59014,0
3349,1
91328,0
54039,0
75304,0
41427,0
6993,1
92303,0
65240,1
50058,0
41134,1
103361,0
94548,1
13307,0
62619,1
97544,0
21936,1
74865,1
524,1
101798,0
38594,0
72672,1
81591,1
72759,1
54065,1
84883,1
66090,1
100597,0
34143,0
8836,0
74159,0
82919,0
30165,1
53538,1
5568,0
99842,0
30027,0
95259,1
12331,0
24716,0
54016,0
50346,0
81443,0
78740,1
9485,0
61487,1
39066,1
34809,0
30142,1
42430,1
48811,1
21384,0
25345,0
77101,0
11818,1
94444,0
99017,1
51889,1
55786,0
65927,1
13292,0
51720,0
100122,0
63503,0
78573,1
34691,0
44942,0
33717,0
38428,0
71672,1
73770,1
57373,0
43599,1
23160,1
50249,1
64426,0
43088,0
91389,0
58380,0
72876,1
98878,0
48846,1
78237,1
23809,0
6159,0
25861,0
66261,1
16610,0
67974,0
32466,0
99441,0
94162,0
67616,1
48178,0
58960,0
43482,0
13716,0
74198,0
7067,0
89906,1
72250,1
45551,0
12245,1
77199,0
64817,1
1737,0
75361,1
63504,1
20756,1
40340,0
96018,0
621,0
31762,0
87261,0
24020,0
45999,0
60696,0
63546,0
56951,0
51061,1
99105,0
69750,0
76962,0
38621,1
56412,1
63633,1
57590,1
62128,0
104790,0
79683,1
92081,1
40565,1
81269,0
76995,1
90746,0
1823,1
59708,0
24042,0
95168,0
21645,0
98069,0
6515,0
94633,0
102040,0
18184,1
30713,1
33399,0
93410,0
6713,1
94460,0
93056,1
8542,1
88442,0
62536,0
36452,0
15510,0
57647,1
97745,1
104827,0
16150,0
56054,1
64229,1
85925,1
6270,0
52090,0
89517,0
26389,1
71216,0
39100,0
39166,0
4275,1
103907,0
10608,1
34176,0
36605,1
71225,0
87091,1
83120,1
65128,0
11264,1
99232,1
90925,0
21292,0
72091,1
2677,1
6274,0
81666,0
100029,0
66045,0
33398,1
39385,1
42499,1
19042,1
24943,1
31294,1
66272,1
36447,1
12104,0
64456,1
70500,1
91740,1
74530,1
73132,1
71039,1
21591,0
29533,0
67672,0
54590,0
99717,1
37819,1
56575,1
65802,1
55406,0
102302,1
79301,0
44661,0
22858,0
92972,0
104344,0
46944,0
21688,1
29887,1
56380,0
48785,0
78989,0
40096,1
213,1
89951,0
103270,0
8131,1
60895,1
89690,0
86774,1
68488,1
100997,1
60579,1
71821,0
22430,0
95379,1
93817,1
6063,1
13343,0
35998,1
16914,1
45255,0
37064,0
39140,1
100763,1
27317,0
49989,1
16319,1
78897,0
19901,0
96005,1
9926,0
48163,0
71861,1
26017,1
14168,1
64680,0
3882,1
71769,1
21371,0
18023,0
14212,0
61837,1
12365,0
15670,0
94789,1
10305,0
90650,0
90905,1
57930,0
63548,1
81436,0
80078,1
71894,0
21082,0
64578,1
9402,0
77779,0
16700,1
10232,1
29412,1
41858,0
87859,1
39485,1
71566,0
59973,1
66265,0
18871,0
103352,1
75729,0
74579,0
94552,0
50407,0
67866,1
101971,1
39135,0
52554,1
9221,1
18498,1
48833,0
14428,0
101125,1
33277,1
22721,1
67581,1
94780,1
58654,0
10649,1
51806,0
85390,0
84892,1
4511,1
30916,0
9408,1
78123,0
21894,1
51068,1
66086,0
42777,1
81466,0
69798,1
45054,1
48173,0
77020,1
1751,0
48854,0
29913,0
54902,0
98394,0
65077,0
100515,1
76048,0
2365,1
91855,0
67477,1
49413,1
83244,0
92414,0
26498,0
45306,1
91568,1
83308,1
60947,1
74879,1
103490,0
76321,1
12521,0
78158,0
23633,0
24759,0
81542,1
10334,0
27023,0
55359,1
65994,1
67543,0
102985,0
28797,1
81589,1
8716,0
76462,0
88104,0
79669,0
13764,1
46522,0
56136,1
38809,1
55462,1
73154,0
44490,1
104781,0
6973,0
2574,0
101081,1
25931,1
73608,0
81612,1
36137,1
10587,1
7790,0
58099,1
28578,1
11073,1
46638,1
74668,1
103622,1
2200,0
37762,1
103260,1
80315,1
46032,1
44695,1
80615,1
40068,0
49408,0
93687,0
199,0
17780,1
74235,1
90624,0
37420,1
7374,0
101416,1
1147,0
31503,0
81514,0
56717,0
97342,1
75404,1
100312,1
8972,1
76283,0
29941,0
71104,1
22657,0
24141,0
49419,1
86289,1
81917,0
41744,1
33126,0
37946,1
62969,1
35030,0
100446,0
95111,1
21916,0
63265,1
36089,1
94466,0
81035,0
96798,0
56089,0
23576,0
74951,0
94282,1
3828,1
23100,0
17968,1
66689,1
29201,0
41720,1
1570,1
22843,0
103869,0
84923,1
25833,1
53516,1
34086,0
101548,0
14517,1
45409,0
19991,0
37144,1
22463,0
31071,0
26023,0
86377,0
9250,0
49477,0
70056,1
82638,0
65972,1
28786,1
99824,0
51769,0
16445,1
55477,1
59602,0
54139,1
89068,0
96148,0
87632,0
87692,0
6812,0
93225,0
26866,1
7776,1
20850,1
29743,0
44742,0
19597,1
8004,1
51408,0
32772,0
52887,1
67515,0
40748,0
23103,1
82256,0
81252,1
26423,1
101079,0
55139,0
47508,1
63430,1
45065,0
100089,1
17854,1
17532,1
24147,1
66490,0
83697,1
19104,1
103296,1
40972,0
57090,1
14183,1
1984,0
52956,1
78605,0
41870,1
7165,1
15057,0
8655,0
28665,0
25037,1
59563,0
55318,0
76415,0
13913,1
88253,0
51304,0
96373,0
41486,1
51599,1
72963,0
87911,0
93602,0
24757,0
51499,0
43768,0
17457,0
60045,1
80290,1
59051,1
101239,0
94458,1
79209,1
23593,1
31766,1
95510,1
103242,0
61730,1
34003,0
79866,0
56969,0
403,0
64812,1
92875,1
43470,1
88928,1
18543,0
5866,1
90569,0
14804,0
104728,1
88018,0
4036,0
15780,0
100675,0
40242,1
52912,0
39039,0
39878,0
71477,0
47184,0
99748,0
41079,1
98632,1
44328,0
50134,0
50038,1
6985,1
77449,1
21191,1
91929,1
103952,1
89569,0
88815,1
45504,0
86800,0
9693,1
32809,0
21057,1
82694,1
13414,0
37197,1
47079,1
97074,1
59571,1
40290,0
46345,0
5194,1
54227,1
85464,1
66534,0
10560,0
97180,0
29598,0
46965,0
13938,0
62169,0
23367,0
95631,1
91420,0
29383,0
90811,0
1899,1
79458,1
100539,0
53707,0
12944,1
13578,0
20608,1
64041,1
49284,0
11139,1
104758,0
91775,0
40578,1
31378,1
102989,1
87008,0
44795,0
82612,1
4482,1
30107,0
4997,1
13940,1
97916,1
15001,0
73064,1
30006,1
68401,0
33131,1
49948,0
18050,1
65118,1
39899,1
27531,0
92424,0
59744,0
19653,0
47703,1
29881,1
54621,0
75819,1
55930,1
93439,0
28505,1
22969,1
78949,0
5224,1
78641,1
31881,0
96125,0
54585,0
28988,1
85954,0
76442,1
10944,0
102889,1
97158,0
35154,1
77671,0
42419,1
87299,0
102711,0
76766,1
43061,0
80693,1
25350,1
25977,0
44534,0
88888,0
56647,1
93691,1
46896,0
82665,1
32397,1
72422,1
9119,0
25509,0
22091,0
100567,1
73665,1
17557,1
28432,1
1308,0
11974,1
84899,1
13278,1
49355,1
87764,1
13300,1
28691,0
44300,1
80814,1
35379,0
103165,1
21228,0
34229,1
6522,0
26028,1
7039,1
6632,1
19579,1
59059,1
94046,1
21468,0
35138,0
53093,1
88211,0
10712,1
16554,1
103832,0
19232,1
101712,0
34308,1
24065,0
98577,1
17487,1
46095,1
102537,0
73229,0
100610,1
82222,1
45173,0
61762,1
13780,0
84184,1
43952,0
65713,0
35574,0
64640,0
56923,0
18375,1
11155,0
6068,0
3821,0
92986,1
101795,0
80431,1
29029,1
38298,1
9189,1
39161,1
22073,1
52246,1
39280,0
13553,0
94294,1
77090,0
46938,0
69092,1
30311,1
99667,1
11071,0
70943,1
18892,0
79386,0
82030,1
13120,0
43190,0
1841,0
70646,0
48634,1
20146,1
33172,0
37258,0
64457,0
99355,1
37413,1
64039,1
95444,0
5231,1
101789,1
56481,1
4968,1
82318,1
74353,1
45768,0
29265,1
23237,0
50235,0
86502,1
57621,1
67734,1
3457,1
65327,0
75372,1
83805,0
32316,0
25563,0
86659,1
97400,0
54413,0
47185,1
96489,0
83410,0
73005,1
1489,0
97500,0
33686,0
92704,1
17317,0
82436,1
58905,0
16041,1
93609,1
102364,0
4227,0
28349,1
19730,0
1971,1
38656,1
89233,1
56532,0
51322,0
53137,1
54814,0
28843,0
16471,0
2281,1
95869,0
48532,0
72739,0
20592,1
75123,1
71539,1
72119,0
21612,1
45895,0
913,0
22160,0
51261,0
87983,1
61906,1
37347,0
19978,1
68760,0
66209,1
12820,1
49534,0
26398,0
22469,1
27379,1
4408,1
81171,0
79176,0
69358,1
69889,0
74886,1
42754,0
101877,0
59107,0
83606,0
17569,1
38982,1
94044,0
18770,0
95407,1
30910,1
24926,0
86032,0
78919,0
99379,1
64405,1
68900,1
3723,1
68174,0
67081,1
76855,1
57107,1
51371,1
99902,0
70909,0
85478,0
55446,1
101636,0
15126,0
100483,1
27746,1
9180,1
88601,0
78073,0
70225,1
29654,1
28278,1
71119,1
69127,0
33464,1
44493,0
12676,1
55952,0
39309,1
38387,0
57911,0
47963,0
50174,1
41580,0
84474,0
56954,0
36699,1
83047,1
73842,0
89826,1
57407,1
72853,0
97970,1
83476,0
62800,1
46250,1
97943,0
41292,0
102386,0
25449,1
20653,1
7936,0
9061,1
82394,0
63685,0
50874,1
21925,0
69098,1
154,1
98610,1
55229,1
20843,0
65517,1
78494,1
26829,0
69392,0
11250,1
3164,1
76142,0
20133,1
32646,1
31066,1
56688,0
92047,0
86095,0
34195,0
71403,1
59968,1
99346,0
19051,0
104534,0
90718,0
7473,1
14549,1
18922,1
31862,1
96400,1
36993,0
84812,1
71200,1
103188,0
74738,0
46086,0
85130,1
84685,0
30515,0
89893,0
97255,1
23197,0
12870,1
6790,0
83999,0
3530,1
47512,1
59208,0
54898,0
31680,0
51332,1
54920,0
74537,1
5433,1
12228,0
9120,0
29702,1
15673,1
53362,0
26124,0
58974,1
72981,1
5414,1
69885,1
37125,1
31900,0
59457,0
7930,1
56224,1
78634,1
62709,0
41700,1
1667,1
69630,0
77028,0
26199,0
57777,1
57212,0
15965,0
22635,0
100385,1
43067,0
24701,0
30375,1
2254,1
53891,1
51451,1
69984,0
6835,1
62478,0
93617,1
4315,1
16699,0
97682,0
104177,0
19001,1
8901,0
46543,1
71614,0
3190,0
88619,0
34875,0
32481,1
61008,1
25793,1
96792,1
98307,0
80370,1
102531,0
17564,0
84482,1
43125,1
81974,0
47232,0
91491,0
97648,0
18969,0
101005,0
55968,1
4670,0
57665,0
99819,0
4989,0
92055,0
104283,1
67921,0
79668,0
77348,1
2848,0
68684,0
48285,0
59504,1
7888,1
26753,1
21689,0
99391,0
12867,1
67768,0
73427,0
99323,0
89031,0
19262,0
41040,1
51265,0
3891,0
36260,0
73558,1
57064,1
80540,0
44766,1
41031,1
27158,1
28749,0
5790,0
77096,1
2937,0
81408,1
102683,1
77803,0
52103,0
62769,1
71079,1
81481,0
39947,0
65225,0
78488,0
104463,0
77189,0
92076,0
54183,1
103468,0
94931,1
3606,1
5135,0
86784,1
62312,0
8773,0
20270,0
101291,0
49682,0
77778,1
40695,0
21210,1
91998,1
41129,0
18554,0
94489,1
57920,1
101355,1
36465,1
5406,0
3287,1
90059,0
101822,0
66012,0
76774,1
69469,0
43974,0
90771,0
102032,0
81495,1
44322,0
16878,0
7892,0
55924,1
29052,1
88316,0
46610,0
60837,1
101754,0
43174,0
39192,0
73960,0
71152,0
50857,1
81557,0
35139,0
97810,1
89473,0
44516,1
51229,1
16417,1
2430,1
11218,1
62628,0
28651,1
85813,0
15333,0
60139,0
48929,1
91119,0
49159,0
39583,0
3356,1
87286,1
87145,0
36251,0
15416,0
36631,1
90014,1
7104,1
50254,0
13410,0
41829,0
66800,1
81964,1
68537,0
37707,0
66699,0
8453,0
68887,1
50146,1
82899,0
31129,0
97562,0
31427,1
17099,0
99053,0
29436,0
7750,0
5661,1
97901,1
66671,0
24611,1
64881,0
59646,0
44029,1
58041,0
51860,0
70547,0
50615,0
70496,1
85423,0
42343,1
40641,0
13274,0
61861,0
28214,1
43968,0
9313,0
84626,0
46795,1
95017,0
62366,0
38774,0
71138,0
80646,0
93997,1
2978,1
51081,1
30920,0
103600,1
6199,0
17475,1
97465,1
35244,0
41186,0
89679,1
98979,0
13881,1
34693,0
90348,0
67382,1
25804,0
8547,0
62331,0
67184,0
64928,0
39242,0
95144,0
88632,0
81378,0
41226,0
25658,1
94560,0
91729,1
44729,0
80294,0
31864,1
84700,0
23629,0
28340,1
1869,0
47266,1
15010,1
14597,0
10176,1
46832,1
29297,1
68272,1
82520,1
37698,0
94124,1
71893,0
47099,1
60095,1
85056,1
12167,0
66081,0
70107,0
61922,0
1022,0
54931,1
51927,1
4760,0
64319,1
26982,1
36721,1
70638,1
98170,1
51067,0
63386,1
95115,1
74153,1
96070,0
18923,1
76399,0
65680,1
16312,1
1004,0
71766,1
26359,1
74960,0
57880,0
4548,0
75298,1
35486,0
72604,1
13014,0
23946,1
83073,1
100604,1
27113,1
71498,1
100881,1
53387,0
49263,0
32672,1
86600,0
71976,1
77792,1
72865,1
16052,0
58348,0
58609,0
69627,0
34710,1
77183,1
32957,1
50212,1
11040,1
16038,1
5264,1
52555,1
22484,1
36224,1
13873,0
103466,1
27079,1
59419,0
10821,0
6539,0
44141,1
68417,0
16952,1
53911,1
3559,1
22856,1
46127,0
9182,0
39458,0
20305,1
10870,0
38951,0
60279,1
19531,0
51564,0
21239,0
36004,1
21471,0
53727,1
91036,1
84786,1
18878,0
93936,1
73471,0
75334,0
66300,0
60365,1
31548,0
9712,1
17820,1
82958,1
9866,1
97577,1
43708,0
60652,1
78016,0
74349,0
74072,0
38201,0
8361,0
83692,1
53188,1
60986,1
12589,0
26901,1
90149,0
2742,0
48082,1
14413,1
102522,0
16446,0
94136,1
104579,1
1711,1
89657,0
70498,1
12776,0
93450,1
27645,1
6568,1
23922,0
25871,0
104379,1
4301,1
73162,1
79809,1
25031,1
88082,0
70725,1
43626,0
98671,1
68220,1
27781,1
65304,1
17282,1
57506,0
65654,0
24987,0
7384,1
41741,1
39334,1
62406,0
10014,1
74186,1
24907,1
57603,1
38555,1
66394,0
83538,0
92883,0
39440,0
52636,1
30388,0
90391,0
78110,1
64844,1
95384,0
35855,0
72723,0
85277,1
42253,1
17538,1
88249,0
46782,1
95816,1
15513,1
103506,1
32676,0
31113,1
43509,0
38806,1
28423,0
49216,1
10346,0
60341,1
32327,0
71555,1
21822,0
13760,1
47684,1
63682,0
81583,0
103244,0
64933,0
18330,0
53748,0
60314,1
41824,0
7902,0
10173,1
31857,0
37792,1
97065,0
8271,1
2319,0
15665,0
94082,0
78270,1
98678,1
67683,1
31560,0
83416,1
7299,1
9940,0
67072,0
98920,0
48706,1
68227,1
15065,1
15685,1
75390,0
47190,0
104764,1
51940,1
8556,1
99740,0
101030,0
66716,0
82312,0
7853,0
45842,0
51171,0
17030,1
24165,1
89638,0
21833,1
61257,1
72256,1
14271,1
50635,0
100324,0
22210,1
84242,0
46968,1
26506,0
49206,1
43999,0
43745,1
50834,1
45927,0
34600,1
102101,0
32642,1
72623,1
90544,0
48647,0
12878,0
40728,1
7322,0
27249,1
79978,1
52719,1
44045,1
102373,1
57119,1
102720,1
101814,1
92408,1
90495,0
75439,0
45785,1
42380,1
82878,1
83422,1
103376,1
12903,0
4302,1
70613,1
69911,0
5187,1
104585,0
13830,1
57315,1
58185,1
43684,0
25260,0
76114,0
74493,1
83634,0
59184,1
27519,0
93497,0
82540,1
82625,0
17064,0
61379,0
55035,0
33413,0
65825,0
103026,1
32061,0
10096,0
76844,1
18502,1
43150,1
53220,1
62307,0
6089,1
68442,1
14956,0
31450,1
82022,0
16373,0
6031,1
91949,1
36726,1
30934,1
99580,1
88402,0
4466,1
15859,1
22797,1
82633,1
50760,0
84957,1
59013,0
41176,0
43880,1
69223,0
7025,1
65831,1
25718,1
51170,1
92331,1
85229,0
81013,1
64250,0
49526,1
80570,1
63381,0
60208,0
76677,0
33601,1
788,1
41586,0
44636,0
10175,0
40013,1
89965,1
22142,1
31622,1
52052,0
50310,1
102791,0
8368,1
81480,1
7129,1
89133,1
13662,0
63121,1
83838,1
6943,0
3035,0
63556,1
45690,0
44716,0
100141,1
24114,1
82512,1
46238,0
49946,1
22918,1
96968,1
46242,0
8726,0
66080,0
35549,1
93688,0
67123,1
48033,1
58351,1
43495,1
24935,1
63227,0
45478,0
18964,1
80829,1
45799,0
43686,1
100063,0
31860,1
84981,0
55108,1
99970,1
79275,0
7933,0
13558,1
20581,1
15325,0
95468,1
17196,0
94762,0
2077,1
43475,1
29311,1
73011,0
82451,1
32491,1
57216,0
74398,1
14004,1
56872,0
26098,1
24356,1
33,1
22594,1
3465,0
74583,0
46273,1
90437,0
83092,0
40167,0
38841,1
68138,1
43678,0
64014,0
33050,0
26459,1
25968,1
39362,1
87301,1
14425,1
56154,0
103904,1
83135,0
37558,1
16177,0
749,1
87352,0
35533,1
80111,1
1769,0
42992,1
49735,1
97046,0
50745,1
103027,0
102611,1
42763,0
21256,0
78788,1
66767,0
66392,1
103283,0
1269,1
3567,0
97932,1
43321,0
539,0
5884,0
46724,1
91600,1
83923,0
34039,0
35260,0
48308,1
87147,0
31176,0
70167,0
90472,1
87438,0
58947,0
30526,0
46130,1
91407,0
13719,1
93144,0
91591,0
72841,0
64864,1
86023,1
78060,0
57095,0
42337,0
100225,0
79758,1
68726,0
13557,0
43660,0
72550,1
3585,0
36542,1
58461,1
42910,0
40513,0
43040,0
8091,1
28668,1
3851,1
102458,1
52633,0
475,1
61884,0
53951,0
31015,1
32123,1
89150,0
87575,0
94043,1
75454,1
104525,0
82131,1
81798,0
22319,1
75301,1
61877,1
29741,0
88408,0
24651,1
39812,0
17941,0
68830,0
49573,0
82553,1
51872,1
69425,0
75500,0
9188,0
33914,0
40402,1
871,1
27731,1
55430,0
82868,1
58067,0
60879,0
70407,0
48721,1
503,0
86816,1
51087,0
21868,1
81062,0
71413,0
43947,1
41119,1
103714,1
11947,0
65484,0
34475,1
80265,0
102304,0
44458,0
63064,0
75877,1
95662,0
73594,0
71658,1
64693,0
7151,1
83456,0
59605,1
59251,0
4733,1
23417,0
87191,1
31930,1
53989,1
50456,1
32404,0
16413,1
90256,0
14198,1
47261,1
102967,0
25020,0
20713,1
57561,1
50408,1
21525,0
45089,1
23036,1
50138,1
1358,0
71230,0
10466,1
103681,0
5153,1
7114,1
6042,1
812,1
83725,0
7186,0
27508,1
99155,0
5374,0
85779,0
7286,0
56076,0
75889,0
32188,0
48549,1
104739,1
13385,0
80917,1
35710,0
84591,1
29396,0
47407,0
55903,0
37842,1
51069,1
45479,1
39559,0
979,1
88828,1
98969,0
9501,1
41768,0
62881,0
57043,1
100897,1
75654,1
40098,1
80016,0
12622,1
102070,1
3546,0
77178,0
38070,1
4970,0
21884,0
56323,0
51573,0
103489,0
93328,0
52643,1
17374,0
1680,1
91054,1
1724,0
8217,0
66781,1
46098,0
87115,1
70813,1
71471,1
82667,1
102156,0
52019,1
9547,0
83582,1
4922,0
103201,0
73852,0
91120,0
70224,0
30860,1
27569,0
95309,1
70792,1
13926,1
68744,0
79311,1
95161,1
65962,1
25693,0
27125,0
11303,1
102940,1
93895,0
85629,1
97353,0
69534,1
62980,0
67165,0
64896,1
37167,0
70058,1
20791,0
55895,0
32387,0
104641,0
64171,1
49003,0
81948,0
88236,1
45156,0
19198,0
45592,1
43157,0
29005,0
92163,0
43784,0
22437,1
92102,0
40951,1
101348,0
50008,0
90464,1
56326,1
32042,1
13758,1
40135,1
39897,1
84690,0
104688,1
74328,0
52331,0
59567,0
75099,0
80504,0
21373,0
79159,0
79557,0
43063,1
25254,1
35218,0
29754,0
15353,0
14373,0
73236,1
80781,1
55534,0
16575,1
88269,1
95655,1
5099,1
71869,0
98066,1
12573,0
17416,1
64932,0
91124,0
20676,1
436,1
67082,1
66738,0
54624,0
68736,0
3650,1
103856,0
30443,0
17444,1
57206,1
85092,1
18866,0
56818,1
78604,1
13849,1
20859,1
101509,0
38620,0
79915,0
18621,0
39324,0
47209,1
23387,1
58808,1
41291,1
93551,1
7231,1
6655,0
8253,1
13470,1
101593,1
11557,0
2534,1
98314,0
75200,1
6948,1
70506,0
3981,1
68095,1
12336,1
36107,0
27343,1
54832,1
71896,0
16511,0
31744,1
61659,1
20376,0
34993,0
53975,1
22064,1
68943,1
24378,1
37411,1
73069,1
77143,1
95459,1
11215,0
50137,1
28408,0
65082,1
58705,0
97971,1
17038,0
103641,0
34729,1
18876,0
60949,0
47884,0
49553,1
79918,1
73985,0
15357,0
20678,1
18706,0
38877,1
85365,1
10006,1
84139,0
46537,1
99900,0
37223,0
36475,1
103342,0
13355,0
47135,1
91220,1
31708,1
90418,0
51492,0
44515,1
19642,1
52901,0
22250,1
8940,0
56681,0
97564,1
309,1
43547,0
31642,1
12931,1
21819,0
9702,1
65684,1
70758,1
56129,1
96279,1
51794,1
44592,1
62934,1
88419,1
4032,0
20222,0
34865,0
53127,0
14629,0
71922,0
48259,0
71637,0
24475,0
83126,0
7586,0
15095,1
80141,1
79551,1
16287,1
33233,0
72615,1
83055,0
24419,0
41881,1
44371,0
72063,1
79488,1
104047,1
73706,0
61381,1
9857,0
13782,1
32504,0
42887,0
98400,0
8283,0
28374,1
81808,1
79531,0
70761,0
75605,1
100935,1
62476,0
25433,0
22940,0
18538,1
104815,1
37520,0
100363,0
15018,0
64320,1
63132,1
54916,1
59111,1
57226,1
35957,0
15441,1
85549,0
101741,0
17633,0
98357,0
72014,0
35800,1
92402,0
43837,1
98706,1
47498,0
32059,1
22372,0
85402,0
9837,0
24889,0
67964,0
101901,0
97198,0
74675,1
69413,1
69141,1
39663,0
45279,1
65834,1
56869,0
82521,0
76062,1
68508,1
73854,1
38071,1
70250,0
50560,0
62810,0
5885,1
88762,0
78368,1
96626,0
10138,1
97031,1
64451,1
92547,0
88342,1
52675,1
100735,0
48377,1
39476,1
73371,1
104841,0
61618,0
96539,0
80534,1
83341,0
49988,1
43867,1
9765,0
37076,0
78633,1
11304,0
50967,0
7418,1
49035,0
65691,1
22222,1
68960,0
27261,0
26817,0
89054,0
83245,1
94111,0
32098,0
7761,0
59809,1
46400,0
24734,0
81018,1
52232,1
31153,0
56413,1
36641,0
84526,0
61747,1
104634,0
78601,0
8625,1
14076,1
1624,0
48942,1
34986,1
76974,1
43192,1
30283,0
69313,0
61027,1
11098,1
8266,0
54481,0
11786,1
39341,1
63647,1
29645,0
70196,1
48890,0
76,1
72856,1
22515,0
99070,1
4774,0
31539,1
18990,1
101694,1
9424,0
81265,1
32791,1
84196,1
54704,0
51284,1
13672,1
93780,1
89983,1
56754,1
40478,1
48797,0
60766,1
64403,1
58158,0
42433,1
62470,0
24773,0
77766,0
103910,1
32593,1
97168,0
3552,1
90737,0
53058,0
33759,1
64102,1
12163,1
18917,0
5669,1
79684,0
90337,1
44675,1
60354,0
67685,1
64969,0
65811,0
56543,1
77726,0
58139,1
94472,0
42106,1
38878,0
88921,0
84822,1
48823,0
62569,1
52345,1
93039,0
95644,0
29513,1
77106,1
85979,1
64245,1
32564,0
78960,1
68806,0
21433,0
24902,0
78773,0
93900,1
98354,1
90466,1
80128,0
31124,1
92326,1
100457,1
103247,0
32273,0
47613,0
28378,1
19425,0
39123,1
92741,1
69208,0
9699,1
19703,0
91156,1
55345,0
23699,0
17172,0
104852,1
13844,1
90331,1
39728,1
3316,1
5142,1
1369,0
18569,0
18652,0
59410,0
83862,0
47554,1
98817,0
99462,0
387,0
98908,1
96646,1
36614,1
27218,1
5462,1
23522,1
100559,0
13390,1
73208,0
29416,0
611,0
99150,0
72121,1
43620,1
19981,1
71044,0
64885,1
44345,1
34562,1
48611,1
69567,1
42289,0
104395,1
8049,1
31721,0
84739,1
42731,1
104518,0
32919,1
6161,1
96909,1
9980,1
4762,0
71299,1
68170,0
80873,0
31096,1
46590,0
27152,0
68431,1
57769,1
53665,0
99319,1
85442,1
18446,0
33714,1
35358,0
42511,0
82501,0
80567,1
96249,1
90786,0
50101,1
4721,0
72538,1
10980,0
18260,0
41059,0
12520,1
33228,0
66118,0
15561,1
91144,0
34533,0
81106,1
36876,0
70986,0
97203,0
20148,1
65787,1
80541,0
74025,0
49485,1
65155,1
83561,0
102086,1
10169,0
9701,1
58957,0
26315,0
80371,0
23459,0
2554,1
30522,0
36057,1
7915,1
48604,1
54945,0
89602,0
93495,0
50260,1
71462,0
1018,1
64383,1
91102,0
24776,0
2543,0
73785,0
3631,0
60244,1
101832,1
88994,1
74876,1
19016,1
25113,0
90849,1
19238,1
80511,0
52978,0
34959,1
76111,0
51642,0
33167,0
41072,0
11706,0
34290,1
68416,0
7973,1
71863,1
43058,1
60340,0
100444,0
17908,0
10581,1
75570,0
19771,0
30710,0
77218,1
63192,1
72210,1
41847,1
72760,1
64808,1
30159,1
7234,1
15553,1
12190,0
17146,1
86236,1
8089,1
34958,0
39673,1
60493,0
12599,1
81161,1
31808,0
95699,0
46439,1
29125,1
66787,0
69825,0
28824,1
92293,0
76978,0
34915,0
18544,1
83721,0
102822,1
38705,1
78061,1
4070,1
95697,1
1222,1
31498,1
13688,0
100126,1
90610,1
87901,0
97902,1
104152,1
77226,0
69047,1
42390,1
65622,0
51303,0
102775,1
26428,1
82434,0
68801,0
39371,1
40147,0
82301,0
20244,0
41350,0
102036,0
94983,1
63291,0
85337,0
36403,1
56325,1
86234,0
33710,0
26213,0
50755,1
45232,1
84494,1
54458,0
88621,0
80241,0
6009,0
94362,1
14477,0
35326,1
101310,1
69014,0
5036,1
99120,1
82366,1
48776,1
71576,0
85790,0
20568,1
47854,1
33021,1
4719,1
40126,0
45845,0
93373,0
34679,0
73844,1
104684,0
70563,1
8650,1
10852,0
52175,0
97463,1
52324,0
22802,1
69160,0
43517,0
87778,0
47003,1
17328,0
57763,1
67882,0
30643,0
88050,0
56057,0
23313,1
72951,0
48540,1
41480,1
48302,1
3984,0
61374,0
18689,0
52914,1
29707,0
40633,0
17348,1
35844,0
166,0
47386,0
75092,0
80754,0
98673,1
46472,1
61183,0
11911,1
49135,1
39682,0
62102,0
37453,1
60132,0
80727,1
54877,0
87167,1
80154,1
32208,1
37630,1
63275,0
102013,1
4935,1
43178,1
45083,1
10558,0
5674,0
78881,0
31790,0
57326,1
4177,0
18930,0
77760,0
75458,0
6756,1
51004,1
55616,1
34053,1
75392,0
52446,0
25541,0
6621,1
2605,0
98277,1
82395,0
86288,1
75753,0
68422,1
73503,1
52848,0
75071,0
67069,0
59955,0
31376,1
13000,0
4488,0
20348,1
39099,0
100279,1
93585,1
11232,1
100328,1
35352,0
72955,1
16737,0
9286,1
16908,0
100260,0
40309,1
7783,0
40307,1
50713,0
80374,0
87094,1
30673,1
39544,0
44860,1
87965,0
15834,0
63088,0
96804,1
36986,1
50667,0
96738,1
45635,0
101441,1
96365,1
25146,0
76805,1
34442,0
30559,0
74395,0
14525,0
89515,0
98519,1
50183,0
49727,1
47704,1
79005,0
3251,1
88407,1
4598,0
8807,0
49258,1
1645,0
93537,1
73416,0
77504,0
48984,1
8232,0
62450,0
100517,0
50983,1
88285,1
101886,0
39957,0
39792,0
10532,1
95569,1
82078,1
24394,0
19364,1
43932,0
23894,0
59518,1
20719,1
95268,0
45059,1
53968,1
7236,0
72593,1
76413,1
36743,0
88070,1
42480,1
16638,1
5727,0
104511,1
1176,1
94870,0
22879,0
72062,1
3487,0
40433,1
41964,0
68144,0
81880,1
14475,0
14908,1
104771,1
75655,0
42246,0
85874,1
76907,1
94023,0
89317,0
72378,0
24837,1
10634,1
98538,0
38928,0
97741,0
62703,0
71684,0
59411,1
67216,1
68970,1
39587,0
90603,1
25391,1
3719,1
84878,1
8223,0
26664,1
54483,0
57255,1
39667,1
32912,1
64161,0
101376,0
56848,1
73472,0
70034,1
49029,1
64488,1
72039,1
78941,0
95145,1
58952,0
29129,0
98876,1
22147,0
61014,0
95191,1
88350,0
33351,1
1111,1
99468,0
15030,1
51320,0
36835,1
72650,0
20655,0
28657,0
12296,0
77144,0
30622,1
30409,1
90952,0
102328,1
74457,0
45095,0
43667,0
95688,0
44295,1
102959,0
66556,0
10071,0
52224,0
54042,0
100566,0
10015,1
89121,1
27002,0
91745,0
8529,1
15573,0
36306,1
84141,1
5123,1
87293,1
49773,0
38540,0
2711,0
35423,0
71208,0
35893,1
80940,1
31103,1
19595,0
47471,0
91253,1
48455,0
89892,1
46274,1
99987,1
41044,1
55436,1
84193,0
12100,1
27510,0
54094,1
35049,0
10679,1
43641,0
59548,1
25929,1
6024,1
22612,0
47746,0
41537,0
74440,1
93296,0
35113,0
7737,0
26371,1
39209,0
80035,0
53067,1
76846,1
47867,0
101169,1
44484,1
65574,1
10501,1
77796,0
99962,1
10905,1
29099,0
74917,1
36678,1
76398,0
81850,0
97252,0
26057,1
56593,1
17337,1
6341,1
3602,1
59384,0
47060,1
133,1
55501,0
87021,1
25338,1
40825,1
44388,1
101597,1
1915,0
60290,1
47874,1
28983,1
54773,1
38881,1
79987,1
103913,0
78455,0
43251,1
13029,1
98820,1
57775,0
50916,1
14164,1
78008,1
70364,1
71414,0
21760,0
27255,1
17866,1
90748,0
19457,0
28755,0
10697,0
68503,0
10239,0
99194,0
11795,1
54604,1
47453,1
93433,1
57332,0
29694,1
16043,1
62745,0
14901,0
22692,1
55043,1
17137,1
82314,0
100842,0
77991,0
103481,0
42048,0
49692,1
27518,0
8685,1
46736,1
97877,1
97333,1
98012,1
41892,1
51021,0
61353,1
99347,0
37412,0
86937,1
98447,1
61267,0
20361,1
38468,1
2565,0
70858,1
84137,0
20212,0
21701,1
28568,0
83180,0
101610,0
80101,1
16565,0
12790,0
97930,0
62185,0
54274,0
16299,1
71281,1
27369,0
51699,1
27710,0
13223,0
56785,1
69084,1
79729,0
79324,0
69804,1
1572,1
94129,0
17132,0
4714,0
13750,0
80319,1
37035,1
18590,0
32561,0
47865,1
38159,0
28595,1
37359,1
31480,0
97288,1
71853,1
2316,1
3500,0
86735,0
68425,0
52470,1
60127,1
90075,1
7624,1
27234,1
100450,0
79435,0
42391,1
8294,0
23969,0
37947,0
52654,1
56015,0
93430,0
72088,1
45820,0
7926,0
72496,0
24852,1
12668,1
18712,0
104654,0
103499,1
38771,0
103656,0
14747,0
38770,1
84715,0
48827,1
19194,0
68495,0
57132,1
53154,0
74475,1
53153,0
7075,1
41804,0
90140,1
80278,1
8947,0
92950,1
3189,1
97862,1
62443,1
67055,0
25333,1
92945,0
34074,0
19034,1
101883,0
72536,0
34472,0
11831,1
46668,0
17140,0
81237,1
27582,1
47836,0
66543,1
39848,1
16460,0
33687,1
44020,0
54809,0
80528,1
72544,1
8654,0
66464,0
90355,0
60851,1
31943,0
99907,1
65794,0
22002,0
48555,1
102787,1
85343,0
18638,1
41127,0
92514,0
76933,1
102477,1
91765,1
61409,1
100365,1
101695,0
64561,1
48420,0
52890,0
2144,0
101249,0
9688,0
74525,1
76181,0
30523,0
96011,1
41007,1
44384,1
25634,0
64475,0
82481,1
4115,1
66171,0
56483,1
66810,0
33819,1
77261,0
62992,1
19885,0
39625,0
31170,1
98695,0
25256,0
98358,1
36028,0
47658,0
91279,1
72972,1
22589,0
66107,1
89627,0
32080,1
67343,0
50879,1
7704,0
38176,0
49649,1
41752,0
46710,1
48763,1
4660,1
90629,1
87017,1
28676,1
36191,1
61795,0
79323,0
8864,1
90115,1
61368,1
62145,1
61132,0
101309,1
70816,0
92659,0
90937,1
37621,0
54776,1
94163,1
100501,0
104262,1
4366,0
29723,1
14615,1
94520,0
46663,1
101647,1
2265,0
101552,0
68817,1
63494,1
5729,1
102084,1
62638,1
76187,1
72999,1
14460,1
79757,1
35288,1
84477,1
98921,1
32775,1
104609,1
88178,0
82295,0
52896,1
13146,0
24273,0
10651,0
15457,0
40875,1
25245,1
8731,1
99177,0
69797,1
101735,1
103498,0
21399,1
21740,0
9132,0
28696,1
79642,0
40056,0
25011,1
74312,1
69847,0
82729,0
91689,1
75221,0
35076,1
90987,1
69406,0
39851,1
45154,0
75461,1
59536,1
104658,0
79467,0
41961,1
77707,1
2215,1
62605,1
50111,0
102385,1
53862,1
77412,1
8330,1
88331,0
46312,0
81943,0
93921,1
72683,0
28391,0
98229,0
11468,0
92942,1
33500,1
58167,1
77880,0
32900,0
28282,0
36014,1
58306,1
103143,1
54119,0
1852,1
63458,1
21487,1
56918,1
25790,0
59229,1
19251,1
365,0
71457,1
57481,0
51013,0
59042,1
97926,0
17269,1
46456,1
77085,0
17830,0
61853,0
82624,1
31155,1
32749,1
65509,1
4226,1
25272,0
67224,1
47631,1
30586,1
40511,0
35474,1
14667,0
47121,1
5106,1
12624,1
75388,1
55972,0
70433,0
55964,1
77230,1
43087,1
18760,0
92665,0
19470,1
74827,0
34638,0
11884,1
77797,1
26236,0
12444,0
39193,1
21488,1
31013,1
73161,0
99210,0
49636,0
23717,1
20518,1
53670,0
72869,0
51905,1
82783,0
76848,0
31406,1
41297,0
46615,1
84853,1
27070,1
91409,1
104753,0
20314,1
3883,1
53462,1
68197,1
69370,0
9071,1
8740,1
59523,0
5510,1
30707,0
39628,1
84745,0
94825,0
59364,0
97698,1
46854,1
97162,0
100376,0
46149,1
10174,0
46612,0
39231,1
24492,0
65069,1
57187,1
47833,0
26525,1
96673,1
26121,0
48870,0
56624,0
74377,0
5664,0
53347,0
16479,1
102707,0
8166,1
30952,0
26150,0
91507,0
57604,0
88652,0
77930,1
90453,1
100302,1
97786,1
73734,0
84415,1
79830,0
65839,1
100170,1
1887,0
49746,0
10113,1
5786,1
2513,0
37094,1
23022,0
28684,1
23393,0
21375,1
32090,1
47587,1
47950,0
89659,0
84262,0
35642,1
69900,0
70627,0
40374,0
10160,0
81268,1
40849,0
60006,0
104785,1
103578,0
104027,0
66975,0
12031,0
21940,1
84634,1
21164,1
65095,0
20051,1
14827,1
55723,1
67234,0
65034,1
6652,1
58885,1
13117,1
70108,1
51592,0
59883,0
10708,0
98726,0
86596,1
80199,0
41157,0
75504,0
84573,0
93297,0
33648,1
50015,0
4820,1
4279,1
104667,0
6193,1
98179,0
85319,0
43052,0
79542,0
91957,0
78099,1
84253,0
19594,0
87532,1
23330,0
64668,1
15808,1
32317,1
48150,0
6616,1
98989,1
76731,0
67513,1
25911,1
7436,1
39420,1
58719,0
40054,0
58458,0
38745,1
91492,0
63952,1
89579,0
21970,0
66521,1
64271,1
30953,0
39576,1
25405,0
64338,0
88639,0
13017,1
8032,1
36959,1
95734,1
72211,1
92943,1
73896,0
89294,1
103831,0
55460,0
36299,0
5386,0
23890,1
99482,1
76823,1
66944,0
82617,1
102476,1
9324,0
72924,0
62246,1
52625,1
91714,0
95440,0
68436,0
100668,0
55209,1
48799,1
97725,0
51692,1
104019,0
80597,1
81586,1
23241,1
37687,0
88699,1
16392,0
85581,1
41446,0
89850,1
33012,0
16652,0
78608,0
77994,0
98124,0
86224,0
4612,1
73592,1
46891,1
2473,0
24466,1
98573,1
93986,0
1212,1
7730,1
16834,0
55366,1
100451,0
48976,0
61895,1
33168,0
101330,0
55778,0
85924,1
58865,0
76492,0
15072,0
407,1
2487,1
60803,1
12526,0
43003,1
32881,0
9775,1
16013,0
48484,1
70172,0
22527,0
94682,0
11980,1
73672,0
103266,1
91679,1
26823,0
32888,1
91045,0
5315,1
61637,0
19402,1
15422,1
62618,1
20472,0
59982,0
98919,1
100663,1
63001,1
70526,0
103133,1
7994,0
11990,1
86145,0
96073,1
67478,1
77936,0
18016,0
1979,0
76830,1
93643,1
55829,0
66219,0
98567,0
1128,0
66447,0
85033,1
47615,0
70461,0
36970,1
77925,1
50374,1
74242,1
18395,1
77291,0
104242,1
86465,0
34201,1
62405,0
97975,0
36849,0
69803,0
17479,0
99339,0
957,0
54781,0
54431,1
94058,1
56577,0
41009,1
79658,0
1765,1
45429,0
87868,0
100050,0
38649,0
70935,0
2912,1
64222,0
15947,1
2721,1
87982,0
33081,0
62663,1
71584,0
51893,0
36058,0
69249,1
28109,1
85116,0
9844,1
35427,1
66106,1
40247,1
31421,0
76556,1
95486,0
10264,1
61663,1
22167,0
101766,0
4983,1
19874,0
48683,0
12105,0
46509,1
5978,0
10771,1
49118,1
55167,1
56609,1
70807,0
70958,0
9143,1
36711,0
82862,1
104348,0
79312,1
46048,1
9492,1
64440,1
60769,1
25966,1
2913,0
66050,1
4866,0
79394,0
70408,0
100394,1
42103,0
37809,1
77132,0
91581,0
5641,1
80922,1
104247,1
64747,1
67781,0
56387,1
3235,1
48950,0
50483,0
64772,0
12474,0
88612,0
70971,0
10916,0
76340,0
23282,1
10155,0
90483,1
87375,0
3368,1
99220,1
94081,0
27376,0
50267,1
42000,1
84439,0
32328,1
90902,0
85224,1
37986,1
72326,1
36706,0
53528,0
14979,1
47050,0
75560,1
33709,1
38817,0
24840,1
83493,1
64509,1
30184,1
4096,1
48568,0
74752,1
59207,0
74586,0
46367,0
96651,0
47197,0
17119,1
95595,0
88392,0
42506,1
16477,0
82522,1
97452,0
77313,0
17831,1
57042,1
25170,0
11013,0
41736,1
32464,0
50317,0
45755,1
104022,0
100019,0
12617,1
97757,1
87163,1
89470,1
66981,1
61768,0
46892,1
3890,1
23758,1
60720,0
70597,0
40506,1
96865,0
21864,1
94213,0
23499,0
97328,1
70984,0
3306,0
81059,0
60822,1
35651,1
91731,0
18251,0
25955,0
35042,0
60411,1
103129,1
40093,0
76421,0
72661,1
91,1
30273,0
65109,1
24539,0
63899,1
19799,1
71480,1
56350,0
59241,1
46801,0
90626,0
33472,1
43940,0
11904,1
98687,1
70413,0
31891,0
51673,1
28367,0
37685,0
98531,1
31823,1
104304,0
68086,0
93794,1
5020,0
106,1
16502,0
46145,1
22524,1
32196,0
59796,1
54480,0
60010,1
18687,0
72803,0
10850,0
28276,0
25946,0
93103,0
44054,1
91771,1
35011,0
91682,0
76161,0
42397,0
3929,1
35636,1
11870,0
46581,0
37005,1
4317,0
4216,1
69922,0
83473,0
51054,1
22554,0
23157,1
19819,0
28859,1
59248,1
60903,0
26885,0
48712,0
21638,1
11369,1
43113,1
94985,0
33269,1
62730,0
47499,0
17211,1
61662,1
100820,1
43336,0
6872,1
70210,0
93460,1
6362,1
74628,0
98679,0
2531,1
97010,0
36248,1
9176,0
69055,1
43755,0
1401,0
1706,1
83205,0
97533,1
55692,1
52461,0
62191,0
12761,1
93701,1
95786,1
6928,1
92391,0
85426,0
76096,1
23891,1
96764,1
62091,1
55281,0
31543,0
67186,0
87415,1
26413,0
58589,0
8915,0
60056,1
26484,0
56643,1
65209,1
34161,0
84127,0
46766,0
32560,1
37787,1
40531,0
16937,1
44951,0
66169,0
43494,0
19145,0
46203,0
18201,0
39875,1
101046,0
74213,1
5984,1
100804,0
96356,0
33097,1
8463,0
86827,0
41149,1
3104,1
41907,1
50559,1
62702,0
931,1
51873,1
73018,1
12872,1
56309,1
38914,1
1760,1
72057,1
80560,0
73133,0
73851,0
78003,1
98308,0
11305,1
66389,0
62104,0
87685,1
40169,1
40650,0
38634,1
42576,1
43352,0
48529,1
84714,0
30140,1
6069,0
30083,1
78361,1
85466,0
8518,1
71864,1
27889,0
2988,1
39061,1
17152,1
73361,1
43241,0
66160,1
15881,0
9257,0
22768,0
45921,1
89694,0
768,0
6436,0
62048,1
49202,0
79906,0
89417,1
67703,1
1629,1
89191,1
91264,1
55179,0
66756,0
66266,0
78555,1
79118,0
29696,1
52498,1
45630,0
12858,1
53765,0
90664,1
73819,1
57342,1
38674,1
83673,0
44361,0
58823,1
70114,1
10948,0
69743,1
39711,1
49285,0
32724,1
95477,1
37746,1
43654,0
5485,1
41267,0
50170,0
101724,0
83234,0
29352,0
51971,1
88635,1
18584,0
64117,1
90132,0
53134,0
14049,1
67426,1
2745,0
14989,0
2518,0
28520,0
96677,0
26303,1
30195,1
75600,1
5620,1
33476,0
30943,0
35031,0
15446,1
51997,1
12700,0
67471,1
82787,0
12401,0
80517,0
78664,0
7168,0
62123,0
73163,1
45779,1
65518,1
11417,1
27414,1
499,1
61106,1
29398,1
75110,1
6779,1
96554,1
77400,0
59538,1
53207,0
91966,0
10446,0
87788,1
93792,1
91748,0
90245,1
55596,0
3413,1
73832,0
101429,0
91337,1
28890,0
17202,1
20810,1
59093,1
50792,0
88765,0
69692,0
38267,0
63968,0
91161,1
6424,1
39466,0
85910,0
72436,1
81122,1
21917,1
66073,1
78349,0
89074,0
32530,1
97783,0
85666,1
252,1
101663,0
73816,0
84944,0
80799,1
19167,1
70568,0
4393,1
70263,1
4577,1
21865,0
18903,0
44889,1
71122,0
51867,0
22812,0
75490,0
15310,1
14036,1
56683,1
34824,1
1201,0
58559,1
72164,1
14173,1
53982,1
9043,0
40116,1
74508,0
98040,0
46769,1
51306,1
29440,0
64542,1
82686,1
22352,0
52891,1
23256,0
82218,0
7503,0
38140,0
84132,1
56284,0
71807,1
43817,1
7337,0
88415,0
52698,0
40559,0
39795,1
60519,1
80341,1
47317,1
86615,0
41569,1
42161,1
76452,1
64571,0
25965,0
17111,1
26293,0
30237,0
94254,0
52680,1
92418,1
15979,1
8791,1
6882,1
66257,1
33681,0
45522,1
66363,0
37688,0
5344,0
90694,0
8525,0
10848,1
85687,1
6080,0
31478,1
84796,0
5588,1
82589,0
101241,0
42472,1
3237,1
33017,0
79677,0
25295,0
52790,0
12012,1
22410,0
41882,1
86986,0
39241,0
53906,0
87466,1
57289,1
51351,0
88738,0
65723,1
11200,0
3605,0
19312,1
36673,1
74554,0
3200,0
18059,0
5177,1
18436,0
63190,0
59792,0
47536,1
3279,1
64875,0
66178,1
21378,1
101453,0
73934,1
37577,0
31735,0
57268,1
31537,1
64943,0
85672,0
49131,0
19949,1
86210,0
92186,1
4309,1
16546,1
92763,0
43597,1
47187,0
61749,0
24557,1
99673,0
71469,1
7774,0
64378,1
64187,1
70917,1
34040,1
98656,0
88747,1
40174,0
24994,0
79850,0
52618,1
16847,0
28060,1
70468,0
76020,1
53894,1
5696,1
65382,1
18606,0
53819,0
93509,0
1957,1
68208,0
66626,0
71183,0
100696,0
19328,0
33448,0
88911,1
6360,0
36477,0
47548,1
35029,0
36009,1
54251,1
53588,0
17683,0
29326,0
23364,1
48761,1
4553,0
19214,0
99385,0
62760,1
59,1
69535,0
91405,1
95314,0
50994,0
83588,0
59759,0
77713,1
100772,1
12783,0
78699,0
27719,0
78312,0
46517,0
41703,1
46056,0
46879,0
62465,0
47561,0
72369,1
7585,0
85789,0
29056,0
100600,1
25618,0
2380,0
80926,1
68560,1
32615,1
91716,0
24754,0
79021,0
31142,1
3645,0
7389,1
23930,0
83877,1
9194,0
103480,0
84190,0
100336,0
30215,1
98674,1
23948,1
98949,1
29579,0
87203,1
81049,0
92018,1
58475,0
44842,0
39575,0
39613,0
91259,0
44796,1
48140,1
57589,0
77517,1
16187,0
75411,0
23018,1
67813,0
96578,0
57419,1
15249,0
28928,1
22310,1
10988,0
70544,0
23820,0
41967,1
76619,1
69417,0
64727,1
75724,0
1474,1
73788,0
11351,1
53138,1
60802,1
93104,1
37660,0
9759,0
29465,0
54489,0
76683,1
67717,0
98512,1
15498,0
53196,1
63778,1
89552,1
53167,1
20717,0
78859,0
66132,1
57221,1
64003,1
8073,0
4485,1
57917,1
25930,1
56705,1
7246,0
82937,0
18146,0
94333,1
1763,1
55382,0
79735,0
70698,1
104604,1
70105,0
91693,0
51005,0
45643,1
27846,1
59722,0
16691,1
62014,0
25487,1
67374,0
50628,1
18269,1
68861,0
32884,1
9456,1
82648,0
39565,1
95728,0
44752,0
67878,1
11241,1
19664,1
83629,1
16946,0
78047,0
2045,0
104504,0
68287,1
56904,0
85061,0
48730,0
90882,0
40842,1
53815,0
82765,0
91650,1
45709,1
45465,1
32271,0
64119,0
64471,1
34033,1
79889,0
68005,0
76735,1
96,1
90399,0
39896,1
126,1
87891,0
90228,0
104839,1
53340,1
36591,0
88411,0
73641,0
42773,0
38563,0
43340,1
41407,1
47451,1
57965,1
57542,0
35521,1
450,0
70840,0
8890,0
39561,1
66575,1
6025,1
36237,0
6297,0
800,1
52781,0
104276,0
44668,0
67583,1
38581,1
36924,0
43167,1
4427,1
20644,0
16441,0
61163,0
20063,1
41941,0
96480,1
82876,1
79149,0
35301,1
25748,1
99702,1
69291,0
53587,0
92406,0
99786,0
24328,0
91071,0
24197,0
22030,0
102855,1
30000,1
16143,1
23786,0
39676,0
56475,1
59990,1
41104,0
94694,1
54,0
101146,0
49734,1
34916,0
78506,1
24360,0
73408,0
19846,0
55504,1
64527,0
100671,1
67398,1
55330,0
66551,1
89374,0
45082,1
77073,1
11872,1
7671,0
38763,0
78943,0
40438,0
71739,1
73798,0
2809,1
12829,1
14824,0
70676,0
1189,1
96436,0
87508,1
15209,1
5465,0
55549,1
19245,1
100349,0
17676,0
70599,0
42192,1
88641,1
12875,1
38015,0
29856,1
41714,0
19041,1
98076,1
80706,0
40867,0
40038,0
22558,0
20519,0
14754,1
47118,0
47778,0
84669,1
62922,1
92290,0
2553,0
672,1
79999,0
5770,1
72346,1
46753,0
82248,1
19906,1
97959,1
63243,0
5222,1
90732,0
102088,0
34266,0
33394,0
43393,1
26948,0
57153,0
73546,0
100568,1
59625,1
21782,1
9004,1
5245,1
59453,1
27520,1
8667,1
75591,0
16931,1
25138,1
33697,1
87842,0
33389,1
50747,1
82609,1
40490,1
45270,1
72231,1
100258,0
101632,0
57006,0
80618,1
36129,0
96056,0
3669,1
89037,0
102394,1
19979,1
47248,1
60867,1
46504,0
102316,0
66039,1
69770,0
103885,1
10966,0
78665,1
1997,1
54868,0
37781,0
73070,0
32719,0
95027,0
104639,0
71124,1
82984,1
81745,1
38264,1
54117,0
26577,0
103772,1
35224,0
12650,0
20906,1
7204,1
93885,0
92864,1
104020,1
47751,1
96658,1
62589,0
47071,0
20150,1
103924,0
60631,0
14862,1
72619,1
43054,1
42996,0
54001,1
91310,0
88934,1
101390,0
5904,1
60392,0
71619,0
48100,0
2582,0
72176,0
86742,0
68224,1
33752,0
42795,1
668,0
52526,1
91880,1
18281,1
33904,1
71261,1
61168,1
34434,0
46629,1
20141,1
40279,1
103389,1
39913,1
103109,1
27899,0
64845,1
20854,0
14788,0
49935,0
104136,0
33622,0
59062,1
49539,0
66899,0
52959,1
91001,1
95350,0
51393,1
60241,1
11913,0
59586,0
2414,0
81348,0
76461,0
3073,0
2503,0
104004,1
85355,1
52856,0
40454,1
27059,1
78928,1
55825,0
15811,1
22805,0
21368,1
86509,1
2244,0
14675,1
29613,1
13053,0
59016,0
35292,1
1473,1
70242,1
9349,0
84142,0
7192,0
94973,1
84534,1
97128,1
45905,1
9945,0
76299,1
104689,1
91589,0
2104,1
65564,0
101335,1
87987,1
59950,0
18344,0
43744,0
53416,0
8797,0
21405,0
93522,1
12511,1
50551,0
89943,1
23738,0
76207,1
35624,1
25476,0
87229,1
8815,0
31660,1
77529,0
33739,1
54523,0
92526,0
50457,0
33170,1
22514,0
13095,0
89555,1
93774,1
88001,1
4947,1
12130,0
46205,0
100182,1
24124,1
80021,0
90229,1
44895,1
48465,0
87541,1
72135,0
64498,1
10603,1
98917,0
82114,1
94700,0
53022,1
83377,1
82869,0
97495,1
20033,1
15391,0
6432,0
45441,0
95382,1
5781,1
7401,1
3036,1
19191,0
18694,1
46588,1
56391,1
63257,1
5030,0
59871,0
22640,1
7868,0
103968,0
57713,1
3060,1
14268,0
74095,1
54496,1
86976,1
86728,0
93238,1
46929,0
81456,1
81026,1
39621,0
32937,0
34822,0
10457,1
104106,0
55677,1
4437,0
95939,0
46109,1
16798,1
73547,0
38630,0
98340,0
95165,0
93267,0
71929,0
46281,1
34328,1
29853,1
40797,1
54118,1
34440,1
68098,1
28828,1
65555,0
66898,0
20503,0
83159,0
12244,0
7597,1
30958,1
15809,1
17963,1
98499,1
81028,1
79893,0
86542,1
99442,0
16702,1
68274,1
7308,0
78137,0
64409,1
95564,0
91932,1
10790,1
104582,0
37495,1
7250,0
53369,1
87933,0
40457,0
14255,0
4252,1
38640,1
56397,1
83349,1
61858,0
93746,1
61748,1
23064,0
11260,1
67896,1
50021,1
99289,0
55097,0
97624,1
53446,1
16949,1
32354,0
104447,1
11293,0
64701,0
71953,0
23540,0
101869,0
44035,1
74998,1
62342,1
65655,0
8065,1
10991,1
57394,0
27830,0
85811,0
25225,1
1446,0
93004,1
53467,0
95968,1
12755,1
87804,0
68805,0
88364,1
11134,0
58076,1
80731,0
91936,1
14871,0
72002,0
25723,0
29862,1
32369,1
70073,0
19827,0
62851,1
44737,0
48709,0
92663,0
12157,1
3289,0
90383,1
22193,0
95701,1
64737,0
100132,0
15712,0
67056,1
49738,1
99769,1
3893,1
46179,0
64217,1
13490,1
91460,1
7328,1
7646,0
21960,1
4769,1
67680,0
46499,0
66085,1
70841,1
30103,1
63496,1
88871,1
10688,0
26699,0
79190,0
30353,0
33582,1
103558,1
29577,1
74204,1
14473,0
102506,1
22351,1
100801,0
84920,0
53197,1
31079,1
58931,1
1227,0
56305,0
57695,1
76133,1
61252,1
72438,1
76090,1
99879,0
93821,0
61991,0
67770,0
38315,1
70244,1
56056,1
66454,1
79610,0
100590,0
30419,0
53081,0
76569,1
95390,0
10116,0
94006,1
102243,0
73158,1
20787,0
35248,1
19414,0
73077,1
60805,1
22882,1
42203,0
102075,0
95788,0
72971,0
88064,0
50471,1
25990,1
83459,0
20794,0
93260,0
102424,0
84896,1
41742,1
12919,1
59438,0
95577,0
55131,1
37998,0
102418,0
55183,1
97022,1
22315,0
60168,0
42665,1
85705,1
80583,1
56484,1
59060,0
33281,1
54311,1
102027,0
71583,0
91820,1
6318,0
83088,1
31694,1
65793,0
97859,1
53984,1
17905,1
58408,1
77782,1
65605,0
40507,1
41543,0
26517,1
6095,0
21355,0
83233,1
67172,0
21511,0
66246,1
35699,0
60637,0
14311,1
22699,0
94029,1
67636,1
19773,0
21034,1
32371,0
67162,1
29514,0
94263,1
18790,0
23862,0
61497,0
97567,1
85859,1
65326,1
88882,0
100947,1
38356,0
94816,0
41023,1
86098,0
28222,0
8599,0
24219,1
93913,1
99480,1
16330,0
47801,0
102872,0
103050,0
53922,0
63435,0
4977,0
34859,0
59020,1
29310,0
50738,1
43712,0
74403,1
60320,0
61041,1
3485,1
45052,0
101290,1
49756,0
47343,1
91217,0
61290,0
94229,0
101799,0
72603,0
78081,0
49667,0
962,1
56200,1
77623,1
22724,1
31795,1
10898,0
71304,1
41529,1
35741,0
10063,0
57864,1
15703,1
63170,1
36254,1
3581,1
26970,0
39207,1
90497,1
41386,1
70797,0
48752,0
51533,1
89403,1
80573,1
18365,1
87747,1
30393,1
91378,0
55424,0
6601,0
28692,1
89256,0
80099,0
43072,0
94769,1
72969,1
73922,1
72678,0
42356,1
41094,0
759,0
41173,0
39404,1
50824,1
28809,1
6027,0
57863,1
88579,0
72130,1
7843,0
17860,0
44974,1
20795,1
53754,1
18002,0
73202,1
87565,0
15895,1
86428,1
81219,0
26243,0
30623,1
82412,1
57519,0
14258,1
45846,1
81872,0
57810,0
73142,0
9323,0
13772,0
12961,0
8042,0
86930,0
45689,1
62932,1
4971,0
13393,1
84216,1
2896,1
71508,1
37460,1
20446,1
7071,0
37835,0
36597,0
95223,1
39488,0
41290,1
8095,1
86356,1
4308,1
88992,1
49916,1
34609,0
26415,1
65049,0
87599,1
99758,0
66004,1
55280,0
17711,0
55590,0
32319,1
7745,1
78216,0
1258,1
32441,1
43001,0
70127,1
74118,1
6008,1
17719,1
104401,0
80995,0
944,0
71598,0
78126,0
25399,0
19963,0
18945,1
35996,1
51208,1
41890,0
63563,0
55044,1
1342,0
101591,0
7073,1
72570,0
75327,1
73868,1
36887,1
19216,1
128,1
41663,0
64353,1
80506,0
55841,1
17591,0
88019,0
8256,1
100428,0
28438,1
65971,1
98149,1
75947,1
22632,1
80057,1
21654,0
81669,1
92933,0
49177,1
94446,0
14826,1
47892,1
60034,0
87500,0
91270,1
85,0
102034,1
2571,1
27980,0
11069,1
87197,1
8787,1
76265,0
96203,1
90128,0
34337,1
2854,1
65961,0
76997,0
37941,1
45659,1
71075,0
86037,1
13841,1
26682,0
103975,0
46320,1
14065,0
65018,0
28709,1
27227,0
102954,1
61371,1
61649,1
41499,1
101385,1
34621,0
89043,1
13192,1
22885,1
55002,1
16948,0
35723,1
73252,1
100681,1
8080,1
12699,0
26685,1
69670,0
45762,0
67256,1
16372,1
86680,0
66083,0
69111,0
90676,1
46513,1
68819,0
74921,0
69259,0
37581,0
5055,1
9236,1
76471,0
49653,0
47495,0
31999,1
96906,1
5108,0
78710,0
97281,1
59633,1
57299,0
74915,0
96573,0
11487,0
53604,0
71248,1
38074,1
20372,1
96802,0
53204,1
34351,0
42234,0
41343,0
47067,1
51993,1
101251,1
60606,1
79008,0
18256,0
43252,0
20182,1
29432,1
73292,1
24027,1
44406,1
77475,0
6735,0
4711,0
54691,1
82829,0
103059,0
48039,0
11368,1
47693,1
14257,1
8811,1
103363,0
38336,0
77026,1
42714,0
39313,1
74461,1
1017,0
84106,0
86928,1
13266,1
47890,0
66054,0
39407,1
25374,0
20028,1
35347,1
57493,1
46059,0
42607,1
32494,1
44401,0
76348,1
98007,1
42861,0
19362,0
38842,1
77757,1
9495,1
9589,1
69140,1
53318,0
27120,1
26782,0
62654,0
60225,1
46352,1
45712,0
98465,0
87475,1
64006,1
9887,1
96665,0
96037,1
15541,1
69573,1
36429,0
63945,0
61005,0
67861,1
103089,0
57558,1
77425,1
75586,0
55185,0
29123,0
23394,0
10066,0
10505,0
43942,1
65548,0
98808,1
23799,0
5061,1
50995,0
104690,0
71873,1
64898,0
81510,0
50125,0
46083,0
88110,1
70612,0
10061,0
19636,1
55340,0
10755,0
45126,1
68524,1
51801,0
87140,1
20037,1
18720,0
3550,0
339,1
24656,1
96508,1
20074,1
40962,0
4190,1
30485,1
33227,0
3793,0
67092,1
53999,1
78159,0
104749,0
71089,1
78271,0
14127,1
10536,1
6820,1
25008,0
70006,1
88556,1
31602,1
682,0
72347,1
68750,1
66735,1
83873,0
90124,0
59691,0
12641,0
15849,1
58537,0
19844,0
12142,0
95434,1
923,1
23939,1
34806,0
97813,0
24163,1
13084,0
47993,0
48924,1
98997,0
61956,0
71670,0
71066,0
43950,0
40916,1
100998,1
80457,0
68185,1
98714,1
63936,1
104380,1
24778,1
15287,1
75689,1
35202,0
57348,0
54434,1
102163,0
86003,0
19550,1
59318,1
23744,0
61916,0
5860,1
36214,0
101285,1
87226,1
66465,0
20096,0
43233,1
91100,1
3281,1
66888,0
22652,0
44005,1
73254,1
38208,1
91317,0
66754,0
22438,1
41521,1
49775,0
101920,1
6794,0
84640,1
91351,0
391,0
57755,1
33651,1
70183,0
46270,1
101673,1
12067,1
85491,0
79544,0
65856,1
44927,1
12222,0
99599,0
71604,1
744,0
746,1
85612,1
24893,1
91564,1
33972,0
7895,1
69754,1
47010,0
2428,0
29057,1
77873,1
12810,0
72984,0
2667,1
36147,0
17227,0
21572,0
10910,1
78880,0
56725,1
48248,1
80215,1
74483,0
47733,0
4988,1
46942,1
72001,0
75185,0
77210,1
88310,0
10600,0
12357,0
17914,0
70211,1
26780,1
87856,0
86041,1
53955,0
104649,0
80406,0
94011,0
58011,1
76384,0
10316,0
76345,1
55455,1
75575,1
97076,0
94050,0
70297,1
23012,0
97090,0
35195,1
10190,1
57862,0
10841,0
20828,0
60439,1
12486,1
11503,1
618,1
31209,0
15229,1
99085,0
29284,1
64580,0
40935,0
40314,1
11243,1
104073,1
1974,1
53805,0
55706,0
43180,0
99641,0
68609,1
63782,0
1666,0
75016,1
82548,0
96737,0
92835,0
83086,0
15568,1
35749,0
21493,1
23559,0
30358,1
9237,1
32442,0
80170,0
34936,0
98164,0
87097,1
80471,1
23469,0
61172,0
60781,0
76251,1
78741,1
95545,1
72728,1
73632,0
87302,0
38519,1
14727,0
13914,1
67853,0
64375,0
60457,0
65074,1
21463,0
8022,1
84938,0
51633,0
61310,0
11266,0
9462,1
100080,0
34954,0
43047,1
11763,1
75289,0
88713,0
45311,1
79709,0
69207,1
5405,1
72117,1
41275,0
7864,1
11010,0
38920,1
34294,0
24158,0
41779,0
91474,0
70393,1
75363,0
55738,0
88968,0
4512,1
55920,0
56777,1
81148,1
39754,1
18765,0
13656,0
54928,1
14137,1
89709,0
82427,1
36937,0
24903,0
34181,1
96675,1
13710,1
68864,0
59679,0
33493,0
93339,0
40303,0
12446,1
77949,0
31017,1
99303,1
92884,0
73532,0
100611,0
77703,0
81418,0
88308,0
87469,1
54700,0
91014,1
59726,1
21050,0
69708,1
6232,0
28157,0
63905,0
84498,1
55542,1
26170,1
72816,0
87899,0
58586,1
14405,1
50613,0
91101,0
45109,1
79432,1
65418,1
29037,0
45540,1
51682,0
57792,0
50640,0
70936,0
77656,1
9808,1
19894,1
96514,1
9564,1
11086,0
159,1
102368,1
86646,0
63545,0
82572,1
5633,1
14441,0
69079,1
102883,1
76570,0
60005,0
50931,1
89143,0
8707,1
87860,0
68592,0
119,1
12,0
10970,1
13500,0
89501,0
81440,1
80929,0
1458,0
31607,1
10154,1
3409,1
18232,1
81521,1
101588,1
93380,0
55749,0
77951,0
78870,0
2942,0
408,0
46132,1
103024,0
7566,1
69463,0
43859,1
86838,0
55609,1
50050,1
39915,1
24957,0
21896,0
56149,0
25617,0
37948,0
54505,0
11251,1
66690,0
40598,0
75932,1
15144,1
56251,0
68510,0
90858,1
65141,0
5778,0
75948,1
99308,1
66236,1
41342,1
22709,1
39570,1
90421,1
11824,0
41086,1
68254,0
44882,1
23757,1
27021,0
11123,1
89905,1
29564,0
742,0
10757,1
37906,1
80804,1
100373,1
95369,1
45174,0
14317,0
41308,0
73342,0
95109,0
76227,0
72185,0
3866,1
83842,0
102090,0
45440,0
26828,1
55640,1
43033,1
86251,0
100218,0
92314,0
26714,1
79506,0
65543,1
90106,1
64423,0
58694,1
53860,1
43633,1
98444,0
48213,0
61351,1
38869,0
103510,0
86381,0
31675,0
76820,1
80038,1
41777,1
35929,0
47568,0
48084,1
58874,1
16269,0
33329,0
40908,0
72252,1
35795,0
57463,0
3085,1
33499,0
32352,0
27745,1
15656,1
83185,0
9635,1
98698,0
90539,0
94576,1
10749,0
103094,0
101275,1
10483,1
54328,1
15443,1
29826,0
2023,0
76465,1
82303,1
60729,1
92170,0
15099,0
4374,1
33184,0
40715,0
87192,0
17449,0
25209,0
98317,0
56257,0
83680,1
103324,0
215,1
102790,1
52069,1
19190,1
58389,0
40742,0
10739,1
80964,1
80131,1
87211,1
15985,0
98309,1
9094,0
76139,1
65762,1
12206,1
92380,0
889,1
20254,1
38111,1
1836,1
26607,0
80426,0
74636,0
85786,0
24607,0
26386,1
40005,0
64968,0
42989,0
62509,1
76407,0
70448,1
76953,1
447,0
30924,1
10356,1
66220,0
16680,1
79317,1
15540,1
103814,1
80532,0
14241,1
39350,1
77196,1
18921,0
11387,1
32625,0
33410,1
91518,1
64156,1
65702,1
93107,1
74967,0
49242,0
75867,1
2136,0
37253,0
53420,1
17448,1
57196,0
43843,1
46658,1
5914,0
64739,0
49327,0
57054,1
103388,0
64583,0
35734,0
54857,1
82793,0
11687,0
90080,1
3823,1
78437,1
57838,0
54123,0
27483,0
13733,0
28104,0
69628,0
64233,1
15802,1
8560,0
85958,1
58909,1
101123,0
62908,0
19346,0
60810,1
72899,1
87461,0
47062,1
30815,1
39959,1
104767,0
5347,0
61301,1
24867,0
44710,1
52318,0
10379,0
28146,1
87109,0
53712,0
17989,1
30325,1
74318,0
16118,0
24401,1
1045,1
82785,0
82954,0
82189,0
57046,1
20875,1
1195,1
25268,0
1527,0
57780,1
3580,0
45114,0
85594,0
3975,0
102847,1
12565,0
8237,0
37480,0
97688,0
58630,0
88056,1
24564,0
43002,1
95241,0
28451,0
74302,1
71820,1
10275,1
76288,0
46058,1
60213,1
48982,0
52665,1
13583,1
32878,1
17931,0
58838,1
36985,1
38936,0
67542,0
26659,1
62064,0
55377,0
100802,0
60431,1
26348,1
70227,1
14708,0
70239,0
41527,1
2181,1
34000,0
26918,0
2346,1
37013,0
73217,1
10247,1
35493,1
84687,1
42031,0
68584,1
73883,1
82833,0
35393,0
25696,0
55562,1
24076,1
31035,1
53286,1
61221,1
40212,0
90357,0
30110,0
18258,1
42226,0
89462,1
37452,0
72701,1
9748,1
104450,1
43500,1
86931,1
73772,1
34514,1
44647,0
53969,0
71817,1
94653,1
79076,0
55339,0
81337,1
36881,1
5508,1
57191,1
69607,1
29127,0
20465,1
67788,0
22853,1
92480,1
2277,0
48845,0
9468,1
47889,0
15160,0
38950,1
53377,1
50416,0
103807,1
63617,1
46168,0
74410,1
71697,1
46780,0
29899,1
53568,0
23372,0
66003,0
45771,1
26501,1
8093,1
30150,1
35088,1
20997,0
51516,0
90898,1
35625,1
55136,1
85524,0
2557,0
18476,1
12734,1
60418,1
27618,1
9078,1
12733,0
38543,1
92173,1
6461,1
14735,0
32635,1
81351,0
27765,1
14999,0
98972,1
97355,1
53065,1
60845,0
53593,0
28734,0
3820,1
95432,1
37454,1
16049,0
74767,1
101602,1
89946,1
42875,1
75329,1
89664,0
17722,0
352,1
20834,1
83160,0
3403,1
53060,1
61806,0
4420,1
83625,1
9612,1
55392,1
83986,0
35258,0
51936,0
104039,1
511,1
58861,1
2980,1
26842,1
68045,1
10890,1
75533,0
85994,0
24936,0
84683,1
14988,1
96707,1
25731,1
90651,1
28292,1
94654,0
42026,1
33842,1
58726,1
15933,0
40779,0
52700,1
45655,1
31255,0
9828,1
7813,1
85733,1
10131,0
72315,1
4211,1
73678,0
45971,0
86302,0
5155,1
52204,1
23691,1
100759,0
76354,0
65812,0
2028,1
53993,1
26582,1
93971,1
96065,0
13593,1
93023,1
93689,0
92496,0
28140,1
65016,1
76874,1
25561,0
7532,1
99337,0
81908,1
38030,1
99174,1
19208,0
21843,0
41727,1
93227,1
46666,0
97270,1
71312,0
47297,1
4919,1
1179,0
40175,1
13649,1
22040,1
80366,1
62148,0
43427,1
58288,0
10311,1
85132,1
67951,1
27514,0
101094,1
81027,1
101357,0
77986,0
86506,1
14726,0
97664,0
48085,1
30433,1
7000,1
101192,1
65659,0
99490,0
61385,1
24854,0
15439,1
1117,1
67104,1
10538,0
94391,1
42260,1
85422,1
4753,0
62146,0
69201,0
74194,0
6381,1
57709,0
43595,1
26401,0
96398,0
29327,0
31594,1
9102,1
8697,0
97492,1
33241,0
66099,1
1188,1
81543,1
5081,0
16904,1
80647,0
104100,0
33818,0
32574,0
71819,1
42516,0
101621,0
97113,1
86260,0
16666,1
40479,0
100214,1
91487,1
29298,0
40217,1
71418,1
96741,0
82565,1
36798,0
88808,1
101950,1
2237,0
63060,0
64433,1
6910,1
23274,0
51436,1
36380,1
550,1
92005,1
38958,1
1627,0
71211,0
3700,1
91827,0
69429,1
68958,0
78290,0
81815,1
42475,0
69103,0
72504,1
16964,0
32312,1
25363,0
49862,0
67828,0
42899,0
62595,1
11024,1
77236,0
88726,0
50854,1
55300,1
48450,1
17770,0
62825,1
83928,0
46259,1
56899,0
58023,0
104046,1
218,1
71050,0
53624,0
52312,0
89556,1
5274,1
75116,1
102543,0
20086,1
17950,1
33243,0
81372,0
7206,1
68262,1
77035,1
10405,0
90144,0
3233,1
91888,0
45509,1
35008,1
8339,1
19114,0
4467,0
7508,0
51792,0
32116,1
83718,0
9725,1
74203,0
50171,0
92357,0
94829,0
56656,1
86919,0
101959,0
70476,1
81080,1
53775,0
73144,0
49990,0
56190,0
21559,0
40297,0
86933,1
28330,0
2975,1
82894,1
19654,0
13463,0
52930,0
3665,0
81509,1
22119,0
9471,1
79428,0
13057,0
34828,0
9465,1
2351,1
98604,1
83210,0
95928,0
66815,1
51336,0
65909,0
16913,0
31367,1
62778,1
64444,0
20460,0
77844,0
38483,1
62030,0
54475,0
66562,1
95700,0
33617,1
97948,1
27329,0
32020,1
82886,1
23311,1
52193,1
42218,0
85645,1
24796,1
35087,1
67792,1
47421,0
77978,0
53511,1
89996,0
18032,0
55711,0
17724,1
84502,1
35447,0
21724,1
11355,0
26338,0
45517,0
91676,0
6266,1
103708,1
5605,1
4159,1
25893,0
43715,0
98832,1
37101,1
78183,1
33064,1
13531,1
72310,0
14585,0
50847,1
8825,1
60946,0
52200,0
30404,0
64227,1
51597,0
87296,0
62798,0
32056,0
38254,1
97114,1
76018,1
10785,0
11035,1
35451,0
95909,1
55367,1
103305,0
100237,0
48258,0
9172,0
42199,0
100819,1
71466,0
45136,0
48392,0
1282,0
3561,0
27614,0
40785,0
23290,1
91178,0
11638,1
13037,1
48264,1
43414,0
12821,0
71948,1
54095,1
55478,0
23766,0
39564,0
53939,0
19164,1
102902,0
38355,1
13200,1
51829,0
21455,1
65486,0
104683,0
86168,1
98143,0
61904,0
93177,0
64462,0
85297,1
98195,1
104856,0
58012,1
89301,1
73320,0
2907,1
38442,1
23938,1
29830,1
96864,1
70109,1
90866,1
97865,0
10205,1
73090,0
4828,0
52238,1
56347,1
65204,1
72778,1
73567,0
60609,1
14427,1
53838,0
3054,1
1504,1
78742,0
98588,1
95358,1
89529,1
36944,1
28937,1
5210,0
103507,0
74615,0
81227,0
17078,1
104759,1
103610,1
60382,0
437,1
99734,0
38494,0
69415,0
81054,0
4221,0
72651,1
103787,1
6385,1
72809,0
80136,1
86595,0
86153,0
69492,1
81678,0
101341,1
38947,1
83781,0
35034,0
5219,0
49951,1
35991,1
62325,1
100313,0
99015,0
55670,0
81961,1
94395,0
75267,1
68165,1
29516,1
52659,1
1444,0
69054,1
97583,1
45017,1
57529,1
8506,0
101717,0
32165,0
1686,0
81695,1
73038,1
29676,1
65990,1
57225,1
47766,1
49868,1
91283,1
85780,0
93479,0
31143,0
77192,1
7052,1
2781,0
4147,1
70665,1
38825,1
12070,1
70392,0
79433,1
38213,1
92061,0
7812,0
59914,1
43910,0
16127,1
31742,1
1678,0
24015,1
63627,1
104436,1
76295,0
32275,1
74955,1
29012,1
56637,0
53200,0
47431,0
30423,0
6402,0
74763,1
61948,0
45967,1
56259,1
56895,0
11750,0
18670,1
47837,1
75027,1
54406,1
81276,0
17246,0
97883,1
51702,1
49394,1
89524,0
26721,1
104491,0
61317,1
30178,1
54722,1
14513,1
101532,1
73036,1
2976,1
51858,1
102680,0
7846,0
15918,0
26058,1
99023,0
44083,0
79257,1
53896,0
86336,0
59371,0
88843,0
58985,0
35135,1
5133,0
2284,1
73182,1
90840,0
90285,0
102714,1
102012,1
59736,1
79528,1
17058,0
68006,1
50265,0
54648,0
76862,0
17178,1
53902,1
86592,1
101183,1
8907,0
87161,0
21259,0
87712,0
60855,0
58746,1
1820,1
26617,1
92777,0
41564,1
3636,1
29689,1
102533,0
23129,1
23581,1
3081,1
11928,0
54187,1
30808,1
92495,1
28600,1
50904,1
12598,1
91391,1
76019,1
14568,1
26361,0
11766,0
21735,0
38545,1
9318,1
16883,0
37713,0
11910,1
26755,0
86000,0
89882,0
66700,0
50091,1
83117,0
27574,0
73739,1
74044,0
36110,1
752,1
52168,0
33186,0
70802,0
33551,1
73674,1
39345,0
101511,1
86582,0
13544,1
92029,1
28865,1
95904,0
13338,1
89212,0
63693,1
50379,1
83347,1
56517,0
20368,0
27628,0
42900,1
99309,0
45241,1
74011,1
41139,1
68490,1
10458,0
40865,0
29524,0
72244,1
15068,0
38252,0
57776,0
76124,0
86229,1
65583,0
101282,1
94964,0
35583,1
45296,1
6654,0
95393,1
44914,0
76524,1
94570,0
63555,0
85507,1
86054,1
21597,0
16165,1
90362,1
25934,1
60002,1
4547,0
50116,0
38348,0
88826,1
63390,0
88199,1
12258,0
77567,0
27671,0
102496,0
20548,0
31147,1
1050,1
31318,0
8893,0
6312,0
19504,0
66108,0
93540,0
16739,0
89729,0
79971,1
75976,0
53116,1
72995,0
11908,1
85959,1
13813,1
54043,0
64371,0
55091,1
102548,1
64515,0
12745,0
45467,0
71701,0
93383,0
43335,0
82199,1
37294,0
70381,1
2682,1
97028,1
101276,1
96641,1
17922,0
28650,0
13133,1
41089,1
33541,1
68652,0
76534,1
99875,1
102929,1
59542,1
79997,1
89116,0
4892,1
2088,0
46696,0
64019,0
49796,0
68426,1
33987,0
77205,0
23907,0
101116,1
59703,0
36784,0
74863,0
68259,1
13066,0
49928,1
94655,0
50046,1
89680,0
79589,1
25933,1
21839,1
8457,1
67509,0
29758,1
77762,0
12344,0
66326,0
41656,1
49958,0
43673,1
26548,1
10709,0
100092,0
80893,0
43294,1
5240,0
61594,0
41018,1
81802,0
8018,1
60589,0
21780,1
3351,1
62370,1
55274,1
60787,0
92404,0
100965,1
64301,1
29403,0
94349,1
25119,0
6944,0
44255,0
31191,0
2466,0
5871,0
23486,0
82990,0
84122,1
29321,0
92328,0
5838,0
35091,1
64276,0
71806,1
46309,1
23158,0
35351,1
66692,1
19375,1
70966,0
46776,1
34137,1
63900,1
68201,0
13421,1
11386,0
10012,1
51297,0
102823,1
19134,0
12178,0
60171,1
44346,0
88686,0
57817,1
96337,0
73439,1
74564,1
27084,1
21753,1
101102,0
40408,0
68333,0
19807,1
18494,0
64249,1
88817,0
38081,0
101099,0
84905,0
12579,1
6223,0
44975,1
96913,0
65080,0
2371,0
102546,1
24427,1
56941,0
50722,1
104146,1
19152,1
79376,1
71982,0
63856,1
37381,1
87981,1
80724,0
19772,1
25067,1
1802,1
14665,0
70562,1
30277,1
59975,1
46303,0
19426,0
17245,0
72804,0
61757,0
72030,0
84205,1
23094,1
86649,0
23936,1
11954,0
100307,0
51295,0
29827,0
96261,1
52287,0
13646,0
98081,0
90927,1
87713,1
96087,1
26779,1
93502,1
87468,1
44061,1
15131,0
72732,0
15863,0
61075,0
49973,0
60569,0
87906,0
72669,0
44907,1
14250,0
46201,1
101316,0
21867,0
51514,0
88503,0
22431,1
719,1
45800,1
31216,0
66717,1
2823,1
60760,0
31971,1
68823,1
23715,0
31555,0
51556,1
88793,1
52826,0
75721,0
96346,1
3119,0
77495,1
72749,1
23185,1
98724,0
70261,1
71065,1
2249,1
83823,0
104287,1
35294,0
26464,1
102226,0
99036,0
8165,0
59143,0
13537,0
43690,0
66093,1
67535,1
23280,1
23925,1
20335,0
58356,0
25884,1
55046,0
95240,0
1593,0
13903,0
49558,0
75246,0
55169,1
32067,0
89707,1
41809,1
97770,0
11149,0
24463,1
22224,1
39479,1
62385,0
18776,0
15372,1
72937,1
37390,0
34219,1
13954,0
53172,0
56875,0
92715,0
61832,0
91291,0
57118,1
42682,1
72730,1
2730,1
38128,0
35554,1
5813,1
33969,0
83268,1
52203,1
13395,1
3712,0
73401,1
70809,0
19733,1
54438,0
27487,1
51124,0
95278,1
51650,1
12189,0
66970,1
87258,0
99322,1
49162,1
8620,0
35907,1
37323,1
82001,0
100503,0
83227,0
102475,1
62579,1
35615,1
26351,0
78372,0
523,1
74630,0
66001,0
51676,0
63334,1
24461,1
52330,0
84766,1
93833,0
22154,1
85683,1
68255,0
99429,1
86382,0
93448,1
83839,0
61782,0
61584,0
63163,1
92833,0
102017,1
65553,0
93744,1
22288,0
17839,1
2216,1
75516,0
16347,0
54834,0
59960,1
96201,1
77536,0
51700,0
103605,0
3966,1
10967,1
88999,0
45647,0
92541,1
100206,0
5823,0
51894,0
10204,1
42923,0
88947,0
23332,0
86833,1
91073,0
85472,1
36812,0
99219,0
51660,1
10521,1
86563,1
65411,0
91359,1
29888,0
75268,0
59028,0
83085,0
101846,1
89966,0
104747,1
99817,1
97493,0
45121,0
26443,1
89526,0
71621,0
75878,0
66916,0
74768,1
74988,0
15482,1
58142,0
93695,0
12933,1
64339,0
42778,0
49218,0
13894,0
104340,1
32482,0
37812,1
7455,1
14206,0
17898,1
38313,0
17765,0
53786,0
72141,1
16743,0
93770,1
73027,1
3775,1
94336,0
79571,0
11650,0
70950,0
42816,1
55111,0
53265,1
62953,1
20823,1
16275,1
74842,0
40714,1
58533,1
51789,0
63215,0
85583,0
47936,0
46188,1
1588,1
79470,0
58349,0
6703,0
99915,1
62537,0
11721,1
89635,1
36603,1
56345,0
10921,1
18095,0
87657,0
14020,0
72363,0
86962,1
67070,0
30514,0
77992,0
11640,0
95072,0
51192,1
90943,0
94041,0
33397,0
9915,0
32383,1
62222,1
69010,1
85513,1
25003,1
22664,0
42525,1
102981,1
83613,0
5861,0
25186,0
11510,1
12175,1
1559,1
35676,0
66375,1
12695,0
17408,1
23792,0
90137,1
44176,0
29949,0
46295,0
69681,0
73522,0
97740,1
90484,0
85418,1
97886,1
40016,0
57483,1
10873,0
58241,1
83772,0
8162,1
68319,1
6123,1
32073,0
91695,1
11627,0
75808,1
72434,1
6409,1
91415,1
45064,0
26681,0
43506,1
72416,0
65465,1
61742,0
60420,0
54073,1
63544,0
47843,0
22607,0
79673,0
87228,0
15473,1
100861,1
61145,0
88164,1
71689,0
61051,0
73336,1
46147,1
70397,1
12001,0
93050,0
41223,0
10623,1
65629,0
95303,0
48991,1
56450,1
76914,1
18461,0
3565,0
95821,0
86748,1
14589,0
20877,1
11100,0
86366,0
5724,0
32556,1
56891,1
69575,1
99405,0
2488,0
10151,1
82311,0
35629,0
24645,0
94121,0
91739,1
59327,0
49012,1
73308,1
4641,1
97343,1
66909,0
59019,0
44981,1
77107,0
101514,0
62573,0
41345,1
20082,1
8120,0
89933,1
101631,0
95193,1
75413,1
78453,0
43897,1
19179,0
97125,1
64299,1
48187,0
42262,1
26406,0
93857,1
79455,0
57614,0
31636,0
101340,0
75630,1
62864,0
8965,0
60985,0
26115,0
92016,0
90721,0
748,0
59297,0
21337,1
5378,0
25105,0
30706,0
85024,1
23749,1
61434,0
43871,1
59749,1
88298,1
5785,0
80900,0
96724,0
79534,0
2076,1
84575,1
91753,1
12973,0
13788,0
5848,1
58328,1
91812,1
84876,0
7979,1
19847,1
59470,0
43907,1
21611,1
8680,1
81281,1
94556,0
51960,1
78295,1
25673,0
14616,0
23207,1
39773,1
50081,1
12455,1
72551,1
65803,0
44299,0
26634,0
23320,0
25803,1
64224,0
99634,1
99799,0
81260,0
23523,0
74504,1
35675,0
25824,1
22934,0
79616,1
69560,1
3873,1
84423,1
10475,0
816,0
83861,1
84148,1
66686,1
51225,1
42241,1
21420,0
2940,0
55453,0
41090,0
11292,1
83002,0
32810,0
96701,1
91301,0
20566,1
33557,0
64373,1
98549,0
49340,0
37401,0
66691,0
90685,0
36978,1
76775,0
71300,1
11030,0
12272,0
35509,0
70160,0
92397,1
